[2026-08-16T00:03:49.358Z] {"timestamp":1786838628024,"level":"DEBUG","args":["[Manus] Debug collector initialized (no rrweb, UI events only)"],"stack":null}
[2026-08-16T00:03:49.358Z] {"timestamp":1786838628801,"level":"DEBUG","args":["[vite] connected."],"stack":null}
[2026-08-16T00:03:53.534Z] {"timestamp":1786838632203,"level":"DEBUG","args":["[Manus] Debug collector initialized (no rrweb, UI events only)"],"stack":null}
[2026-08-16T00:03:53.534Z] {"timestamp":1786838632747,"level":"DEBUG","args":["[vite] connected."],"stack":null}
[2026-08-16T00:04:08.211Z] {"timestamp":1786838646609,"level":"DEBUG","args":["[Manus] Debug collector initialized (no rrweb, UI events only)"],"stack":null}
[2026-08-16T00:04:08.211Z] {"timestamp":1786838647158,"level":"DEBUG","args":["[vite] connected."],"stack":null}
[2026-08-16T00:06:37.815Z] {"timestamp":1786838796275,"level":"DEBUG","args":["[Manus] Debug collector initialized (no rrweb, UI events only)"],"stack":null}
[2026-08-16T00:06:37.815Z] {"timestamp":1786838796825,"level":"DEBUG","args":["[vite] connected."],"stack":null}
[2026-08-16T00:08:04.815Z] {"timestamp":1786838883212,"level":"DEBUG","args":["[Manus] Debug collector initialized (no rrweb, UI events only)"],"stack":null}
[2026-08-16T00:08:04.815Z] {"timestamp":1786838883746,"level":"DEBUG","args":["[vite] connected."],"stack":null}
[2026-08-16T00:08:43.707Z] {"timestamp":1786838922337,"level":"DEBUG","args":["[Manus] Debug collector initialized (no rrweb, UI events only)"],"stack":null}
[2026-08-16T00:08:43.707Z] {"timestamp":1786838922899,"level":"DEBUG","args":["[vite] connected."],"stack":null}
[2026-08-16T00:08:58.180Z] {"timestamp":1786838936845,"level":"DEBUG","args":["[Manus] Debug collector initialized (no rrweb, UI events only)"],"stack":null}
[2026-08-16T00:08:58.180Z] {"timestamp":1786838937384,"level":"DEBUG","args":["[vite] connected."],"stack":null}
[2026-08-16T00:09:04.677Z] {"timestamp":1786838942675,"level":"DEBUG","args":["[Manus] Debug collector initialized (no rrweb, UI events only)"],"stack":null}
[2026-08-16T00:09:04.677Z] {"timestamp":1786838942683,"level":"DEBUG","args":["[vite] connected."],"stack":null}
[2026-08-16T00:09:04.677Z] {"timestamp":1786838942788,"level":"INFO","args":["%cDownload the React DevTools for a better development experience: https://react.dev/link/react-devtools","font-weight:bold"],"stack":null}
[2026-08-16T00:09:04.680Z] {"timestamp":1786838942678,"level":"DEBUG","args":["[Manus] Debug collector initialized (no rrweb, UI events only)"],"stack":null}
[2026-08-16T00:09:04.680Z] {"timestamp":1786838942711,"level":"DEBUG","args":["[vite] connected."],"stack":null}
[2026-08-16T00:09:04.680Z] {"timestamp":1786838942777,"level":"INFO","args":["%cDownload the React DevTools for a better development experience: https://react.dev/link/react-devtools","font-weight:bold"],"stack":null}
[2026-08-16T00:09:33.647Z] {"timestamp":1786838971645,"level":"DEBUG","args":["[Manus] Debug collector initialized (no rrweb, UI events only)"],"stack":null}
[2026-08-16T00:09:33.647Z] {"timestamp":1786838971651,"level":"DEBUG","args":["[vite] connected."],"stack":null}
[2026-08-16T00:09:33.647Z] {"timestamp":1786838971764,"level":"INFO","args":["%cDownload the React DevTools for a better development experience: https://react.dev/link/react-devtools","font-weight:bold"],"stack":null}
[2026-08-16T00:09:33.661Z] {"timestamp":1786838971659,"level":"DEBUG","args":["[Manus] Debug collector initialized (no rrweb, UI events only)"],"stack":null}
[2026-08-16T00:09:33.661Z] {"timestamp":1786838971676,"level":"DEBUG","args":["[vite] connected."],"stack":null}
[2026-08-16T00:09:33.661Z] {"timestamp":1786838971753,"level":"INFO","args":["%cDownload the React DevTools for a better development experience: https://react.dev/link/react-devtools","font-weight:bold"],"stack":null}
[2026-08-16T00:10:00.540Z] {"timestamp":1786838998533,"level":"DEBUG","args":["[Manus] Debug collector initialized (no rrweb, UI events only)"],"stack":null}
[2026-08-16T00:10:00.540Z] {"timestamp":1786838998538,"level":"DEBUG","args":["[vite] connected."],"stack":null}
[2026-08-16T00:10:00.540Z] {"timestamp":1786838998654,"level":"INFO","args":["%cDownload the React DevTools for a better development experience: https://react.dev/link/react-devtools","font-weight:bold"],"stack":null}
[2026-08-16T00:10:00.546Z] {"timestamp":1786838998540,"level":"DEBUG","args":["[Manus] Debug collector initialized (no rrweb, UI events only)"],"stack":null}
[2026-08-16T00:10:00.546Z] {"timestamp":1786838998554,"level":"DEBUG","args":["[vite] connected."],"stack":null}
[2026-08-16T00:10:00.546Z] {"timestamp":1786838998637,"level":"INFO","args":["%cDownload the React DevTools for a better development experience: https://react.dev/link/react-devtools","font-weight:bold"],"stack":null}
[2026-08-16T00:10:22.975Z] {"timestamp":1786839020972,"level":"DEBUG","args":["[Manus] Debug collector initialized (no rrweb, UI events only)"],"stack":null}
[2026-08-16T00:10:22.975Z] {"timestamp":1786839020973,"level":"DEBUG","args":["[vite] connected."],"stack":null}
[2026-08-16T00:10:22.975Z] {"timestamp":1786839021079,"level":"INFO","args":["%cDownload the React DevTools for a better development experience: https://react.dev/link/react-devtools","font-weight:bold"],"stack":null}
[2026-08-16T00:10:22.991Z] {"timestamp":1786839020988,"level":"DEBUG","args":["[Manus] Debug collector initialized (no rrweb, UI events only)"],"stack":null}
[2026-08-16T00:10:22.991Z] {"timestamp":1786839021006,"level":"DEBUG","args":["[vite] connected."],"stack":null}
[2026-08-16T00:10:22.991Z] {"timestamp":1786839021073,"level":"INFO","args":["%cDownload the React DevTools for a better development experience: https://react.dev/link/react-devtools","font-weight:bold"],"stack":null}
[2026-08-16T00:10:49.001Z] {"timestamp":1786839046998,"level":"DEBUG","args":["[Manus] Debug collector initialized (no rrweb, UI events only)"],"stack":null}
[2026-08-16T00:10:49.001Z] {"timestamp":1786839047002,"level":"DEBUG","args":["[vite] connected."],"stack":null}
[2026-08-16T00:10:49.001Z] {"timestamp":1786839047120,"level":"INFO","args":["%cDownload the React DevTools for a better development experience: https://react.dev/link/react-devtools","font-weight:bold"],"stack":null}
[2026-08-16T00:10:49.137Z] {"timestamp":1786839047035,"level":"DEBUG","args":["[Manus] Debug collector initialized (no rrweb, UI events only)"],"stack":null}
[2026-08-16T00:10:49.137Z] {"timestamp":1786839047045,"level":"DEBUG","args":["[vite] connected."],"stack":null}
[2026-08-16T00:10:49.137Z] {"timestamp":1786839047112,"level":"INFO","args":["%cDownload the React DevTools for a better development experience: https://react.dev/link/react-devtools","font-weight:bold"],"stack":null}
[2026-08-16T00:11:11.645Z] {"timestamp":1786839069642,"level":"DEBUG","args":["[Manus] Debug collector initialized (no rrweb, UI events only)"],"stack":null}
[2026-08-16T00:11:11.645Z] {"timestamp":1786839069646,"level":"DEBUG","args":["[vite] connected."],"stack":null}
[2026-08-16T00:11:11.645Z] {"timestamp":1786839069763,"level":"INFO","args":["%cDownload the React DevTools for a better development experience: https://react.dev/link/react-devtools","font-weight:bold"],"stack":null}
[2026-08-16T00:11:11.649Z] {"timestamp":1786839069647,"level":"DEBUG","args":["[Manus] Debug collector initialized (no rrweb, UI events only)"],"stack":null}
[2026-08-16T00:11:11.649Z] {"timestamp":1786839069665,"level":"DEBUG","args":["[vite] connected."],"stack":null}
[2026-08-16T00:11:11.649Z] {"timestamp":1786839069751,"level":"INFO","args":["%cDownload the React DevTools for a better development experience: https://react.dev/link/react-devtools","font-weight:bold"],"stack":null}
[2026-08-16T00:11:57.398Z] {"timestamp":1786839115872,"level":"DEBUG","args":["[Manus] Debug collector initialized (no rrweb, UI events only)"],"stack":null}
[2026-08-16T00:11:57.398Z] {"timestamp":1786839116407,"level":"DEBUG","args":["[vite] connected."],"stack":null}
[2026-08-16T00:12:12.501Z] {"timestamp":1786839131038,"level":"DEBUG","args":["[Manus] Debug collector initialized (no rrweb, UI events only)"],"stack":null}
[2026-08-16T00:12:12.501Z] {"timestamp":1786839131590,"level":"DEBUG","args":["[vite] connected."],"stack":null}
[2026-08-16T00:12:27.296Z] {"timestamp":1786839145942,"level":"DEBUG","args":["[Manus] Debug collector initialized (no rrweb, UI events only)"],"stack":null}
[2026-08-16T00:12:27.296Z] {"timestamp":1786839146478,"level":"DEBUG","args":["[vite] connected."],"stack":null}
[2026-08-16T00:12:47.285Z] {"timestamp":1786839166905,"level":"DEBUG","args":["[vite]","hot updated: /src/styles/wave1-reference.css"],"stack":null}
[2026-08-16T00:12:47.285Z] {"timestamp":1786839166905,"level":"DEBUG","args":["[vite]","hot updated: /src/index.css"],"stack":null}
[2026-08-16T00:12:54.935Z] {"timestamp":1786839173597,"level":"DEBUG","args":["[Manus] Debug collector initialized (no rrweb, UI events only)"],"stack":null}
[2026-08-16T00:12:54.935Z] {"timestamp":1786839174146,"level":"DEBUG","args":["[vite] connected."],"stack":null}
[2026-08-16T00:13:33.723Z] {"timestamp":1786839212356,"level":"DEBUG","args":["[Manus] Debug collector initialized (no rrweb, UI events only)"],"stack":null}
[2026-08-16T00:13:33.723Z] {"timestamp":1786839212901,"level":"DEBUG","args":["[vite] connected."],"stack":null}
[2026-08-16T00:13:35.722Z] {"timestamp":1786839215883,"level":"INFO","args":["%cDownload the React DevTools for a better development experience: https://react.dev/link/react-devtools","font-weight:bold"],"stack":null}
[2026-08-16T00:13:54.909Z] {"timestamp":1786839232907,"level":"DEBUG","args":["[Manus] Debug collector initialized (no rrweb, UI events only)"],"stack":null}
[2026-08-16T00:13:54.909Z] {"timestamp":1786839232908,"level":"DEBUG","args":["[vite] connected."],"stack":null}
[2026-08-16T00:13:54.909Z] {"timestamp":1786839233026,"level":"INFO","args":["%cDownload the React DevTools for a better development experience: https://react.dev/link/react-devtools","font-weight:bold"],"stack":null}
[2026-08-16T00:13:54.923Z] {"timestamp":1786839232921,"level":"DEBUG","args":["[Manus] Debug collector initialized (no rrweb, UI events only)"],"stack":null}
[2026-08-16T00:13:54.923Z] {"timestamp":1786839232924,"level":"DEBUG","args":["[vite] connected."],"stack":null}
[2026-08-16T00:13:54.923Z] {"timestamp":1786839233009,"level":"INFO","args":["%cDownload the React DevTools for a better development experience: https://react.dev/link/react-devtools","font-weight:bold"],"stack":null}
[2026-08-16T00:14:31.724Z] {"timestamp":1786839271717,"level":"DEBUG","args":["[vite]","hot updated: /src/index.css"],"stack":null}
[2026-08-16T00:14:38.591Z] {"timestamp":1786839277258,"level":"DEBUG","args":["[Manus] Debug collector initialized (no rrweb, UI events only)"],"stack":null}
[2026-08-16T00:14:38.591Z] {"timestamp":1786839277795,"level":"DEBUG","args":["[vite] connected."],"stack":null}
[2026-08-16T00:14:40.260Z] {"timestamp":1786839278258,"level":"DEBUG","args":["[Manus] Debug collector initialized (no rrweb, UI events only)"],"stack":null}
[2026-08-16T00:14:40.260Z] {"timestamp":1786839278270,"level":"DEBUG","args":["[vite] connected."],"stack":null}
[2026-08-16T00:14:40.260Z] {"timestamp":1786839278328,"level":"INFO","args":["%cDownload the React DevTools for a better development experience: https://react.dev/link/react-devtools","font-weight:bold"],"stack":null}
[2026-08-16T00:15:36.637Z] {"timestamp":1786839335283,"level":"DEBUG","args":["[Manus] Debug collector initialized (no rrweb, UI events only)"],"stack":null}
[2026-08-16T00:15:36.637Z] {"timestamp":1786839335830,"level":"DEBUG","args":["[vite] connected."],"stack":null}
[2026-08-16T00:15:39.335Z] {"timestamp":1786839337332,"level":"DEBUG","args":["[Manus] Debug collector initialized (no rrweb, UI events only)"],"stack":null}
[2026-08-16T00:15:39.335Z] {"timestamp":1786839337334,"level":"DEBUG","args":["[vite] connected."],"stack":null}
[2026-08-16T00:15:39.335Z] {"timestamp":1786839337447,"level":"INFO","args":["%cDownload the React DevTools for a better development experience: https://react.dev/link/react-devtools","font-weight:bold"],"stack":null}
[2026-08-16T00:15:39.344Z] {"timestamp":1786839337341,"level":"DEBUG","args":["[Manus] Debug collector initialized (no rrweb, UI events only)"],"stack":null}
[2026-08-16T00:15:39.344Z] {"timestamp":1786839337366,"level":"DEBUG","args":["[vite] connected."],"stack":null}
[2026-08-16T00:15:39.344Z] {"timestamp":1786839337431,"level":"INFO","args":["%cDownload the React DevTools for a better development experience: https://react.dev/link/react-devtools","font-weight:bold"],"stack":null}
[2026-08-16T00:16:01.035Z] {"timestamp":1786839359033,"level":"DEBUG","args":["[Manus] Debug collector initialized (no rrweb, UI events only)"],"stack":null}
[2026-08-16T00:16:01.035Z] {"timestamp":1786839359034,"level":"DEBUG","args":["[vite] connected."],"stack":null}
[2026-08-16T00:16:01.035Z] {"timestamp":1786839359146,"level":"INFO","args":["%cDownload the React DevTools for a better development experience: https://react.dev/link/react-devtools","font-weight:bold"],"stack":null}
[2026-08-16T00:16:01.059Z] {"timestamp":1786839359057,"level":"DEBUG","args":["[Manus] Debug collector initialized (no rrweb, UI events only)"],"stack":null}
[2026-08-16T00:16:01.059Z] {"timestamp":1786839359061,"level":"DEBUG","args":["[vite] connected."],"stack":null}
[2026-08-16T00:16:01.059Z] {"timestamp":1786839359143,"level":"INFO","args":["%cDownload the React DevTools for a better development experience: https://react.dev/link/react-devtools","font-weight:bold"],"stack":null}
[2026-08-16T00:16:23.700Z] {"timestamp":1786839381697,"level":"DEBUG","args":["[Manus] Debug collector initialized (no rrweb, UI events only)"],"stack":null}
[2026-08-16T00:16:23.700Z] {"timestamp":1786839381704,"level":"DEBUG","args":["[vite] connected."],"stack":null}
[2026-08-16T00:16:23.700Z] {"timestamp":1786839381811,"level":"INFO","args":["%cDownload the React DevTools for a better development experience: https://react.dev/link/react-devtools","font-weight:bold"],"stack":null}
[2026-08-16T00:16:23.710Z] {"timestamp":1786839381708,"level":"DEBUG","args":["[Manus] Debug collector initialized (no rrweb, UI events only)"],"stack":null}
[2026-08-16T00:16:23.710Z] {"timestamp":1786839381733,"level":"DEBUG","args":["[vite] connected."],"stack":null}
[2026-08-16T00:16:23.710Z] {"timestamp":1786839381806,"level":"INFO","args":["%cDownload the React DevTools for a better development experience: https://react.dev/link/react-devtools","font-weight:bold"],"stack":null}
[2026-08-16T00:16:50.935Z] {"timestamp":1786839408932,"level":"DEBUG","args":["[Manus] Debug collector initialized (no rrweb, UI events only)"],"stack":null}
[2026-08-16T00:16:50.935Z] {"timestamp":1786839408934,"level":"DEBUG","args":["[vite] connected."],"stack":null}
[2026-08-16T00:16:50.935Z] {"timestamp":1786839409043,"level":"INFO","args":["%cDownload the React DevTools for a better development experience: https://react.dev/link/react-devtools","font-weight:bold"],"stack":null}
[2026-08-16T00:16:50.954Z] {"timestamp":1786839408951,"level":"DEBUG","args":["[Manus] Debug collector initialized (no rrweb, UI events only)"],"stack":null}
[2026-08-16T00:16:50.954Z] {"timestamp":1786839408971,"level":"DEBUG","args":["[vite] connected."],"stack":null}
[2026-08-16T00:16:50.954Z] {"timestamp":1786839409043,"level":"INFO","args":["%cDownload the React DevTools for a better development experience: https://react.dev/link/react-devtools","font-weight:bold"],"stack":null}
[2026-08-16T00:17:21.136Z] {"timestamp":1786839439133,"level":"DEBUG","args":["[Manus] Debug collector initialized (no rrweb, UI events only)"],"stack":null}
[2026-08-16T00:17:21.136Z] {"timestamp":1786839439135,"level":"DEBUG","args":["[vite] connected."],"stack":null}
[2026-08-16T00:17:21.136Z] {"timestamp":1786839439244,"level":"INFO","args":["%cDownload the React DevTools for a better development experience: https://react.dev/link/react-devtools","font-weight:bold"],"stack":null}
[2026-08-16T00:17:21.154Z] {"timestamp":1786839439153,"level":"DEBUG","args":["[Manus] Debug collector initialized (no rrweb, UI events only)"],"stack":null}
[2026-08-16T00:17:21.154Z] {"timestamp":1786839439174,"level":"DEBUG","args":["[vite] connected."],"stack":null}
[2026-08-16T00:17:21.154Z] {"timestamp":1786839439245,"level":"INFO","args":["%cDownload the React DevTools for a better development experience: https://react.dev/link/react-devtools","font-weight:bold"],"stack":null}
[2026-08-16T00:17:46.596Z] {"timestamp":1786839464592,"level":"DEBUG","args":["[Manus] Debug collector initialized (no rrweb, UI events only)"],"stack":null}
[2026-08-16T00:17:46.596Z] {"timestamp":1786839464599,"level":"DEBUG","args":["[vite] connected."],"stack":null}
[2026-08-16T00:17:46.596Z] {"timestamp":1786839464705,"level":"INFO","args":["%cDownload the React DevTools for a better development experience: https://react.dev/link/react-devtools","font-weight:bold"],"stack":null}
[2026-08-16T00:17:46.609Z] {"timestamp":1786839464607,"level":"DEBUG","args":["[Manus] Debug collector initialized (no rrweb, UI events only)"],"stack":null}
[2026-08-16T00:17:46.609Z] {"timestamp":1786839464610,"level":"DEBUG","args":["[vite] connected."],"stack":null}
[2026-08-16T00:17:46.609Z] {"timestamp":1786839464696,"level":"INFO","args":["%cDownload the React DevTools for a better development experience: https://react.dev/link/react-devtools","font-weight:bold"],"stack":null}
[2026-08-16T00:18:41.748Z] {"timestamp":1786839520360,"level":"DEBUG","args":["[Manus] Debug collector initialized (no rrweb, UI events only)"],"stack":null}
[2026-08-16T00:18:41.748Z] {"timestamp":1786839520908,"level":"DEBUG","args":["[vite] connected."],"stack":null}
[2026-08-16T00:19:23.042Z] {"timestamp":1786839561642,"level":"DEBUG","args":["[Manus] Debug collector initialized (no rrweb, UI events only)"],"stack":null}
[2026-08-16T00:19:23.042Z] {"timestamp":1786839562189,"level":"DEBUG","args":["[vite] connected."],"stack":null}
[2026-08-16T00:20:20.064Z] {"timestamp":1786839617944,"level":"DEBUG","args":["[Manus] Debug collector initialized (no rrweb, UI events only)"],"stack":null}
[2026-08-16T00:20:20.064Z] {"timestamp":1786839618478,"level":"DEBUG","args":["[vite] connected."],"stack":null}
[2026-08-16T00:21:21.084Z] {"timestamp":1786839679685,"level":"DEBUG","args":["[Manus] Debug collector initialized (no rrweb, UI events only)"],"stack":null}
[2026-08-16T00:21:21.084Z] {"timestamp":1786839680214,"level":"DEBUG","args":["[vite] connected."],"stack":null}
[2026-08-16T00:22:50.986Z] {"timestamp":1786839767633,"level":"DEBUG","args":["[Manus] Debug collector initialized (no rrweb, UI events only)"],"stack":null}
[2026-08-16T00:22:50.986Z] {"timestamp":1786839768238,"level":"DEBUG","args":["[vite] connected."],"stack":null}
[2026-08-16T00:23:53.269Z] {"timestamp":1786839831919,"level":"DEBUG","args":["[Manus] Debug collector initialized (no rrweb, UI events only)"],"stack":null}
[2026-08-16T00:23:53.269Z] {"timestamp":1786839832451,"level":"DEBUG","args":["[vite] connected."],"stack":null}
[2026-08-16T00:24:02.811Z] {"timestamp":1786839840955,"level":"DEBUG","args":["[Manus] Debug collector initialized (no rrweb, UI events only)"],"stack":null}
[2026-08-16T00:24:02.811Z] {"timestamp":1786839841509,"level":"DEBUG","args":["[vite] connected."],"stack":null}
[2026-08-16T00:24:37.795Z] {"timestamp":1786839876230,"level":"DEBUG","args":["[Manus] Debug collector initialized (no rrweb, UI events only)"],"stack":null}
[2026-08-16T00:24:37.795Z] {"timestamp":1786839876764,"level":"DEBUG","args":["[vite] connected."],"stack":null}
[2026-08-16T00:25:05.376Z] {"timestamp":1786839904040,"level":"DEBUG","args":["[Manus] Debug collector initialized (no rrweb, UI events only)"],"stack":null}
[2026-08-16T00:25:05.376Z] {"timestamp":1786839904571,"level":"DEBUG","args":["[vite] connected."],"stack":null}
[2026-08-16T00:25:08.964Z] {"timestamp":1786839907531,"level":"DEBUG","args":["[Manus] Debug collector initialized (no rrweb, UI events only)"],"stack":null}
[2026-08-16T00:25:08.964Z] {"timestamp":1786839908080,"level":"DEBUG","args":["[vite] connected."],"stack":null}
[2026-08-16T00:26:10.894Z] {"timestamp":1786839969187,"level":"DEBUG","args":["[Manus] Debug collector initialized (no rrweb, UI events only)"],"stack":null}
[2026-08-16T00:26:10.894Z] {"timestamp":1786839969719,"level":"DEBUG","args":["[vite] connected."],"stack":null}
[2026-08-16T00:26:36.526Z] {"timestamp":1786839996223,"level":"DEBUG","args":["[vite]","hot updated: /src/index.css"],"stack":null}
[2026-08-16T00:26:36.526Z] {"timestamp":1786839996223,"level":"DEBUG","args":["[vite]","hot updated: /src/styles/amelie-rebuild.css"],"stack":null}
[2026-08-16T00:26:42.362Z] {"timestamp":1786840000844,"level":"DEBUG","args":["[Manus] Debug collector initialized (no rrweb, UI events only)"],"stack":null}
[2026-08-16T00:26:42.362Z] {"timestamp":1786840001407,"level":"DEBUG","args":["[vite] connected."],"stack":null}
[2026-08-16T00:27:07.499Z] {"timestamp":1786840025496,"level":"DEBUG","args":["[Manus] Debug collector initialized (no rrweb, UI events only)"],"stack":null}
[2026-08-16T00:27:07.499Z] {"timestamp":1786840025504,"level":"DEBUG","args":["[vite] connected."],"stack":null}
[2026-08-16T00:27:07.499Z] {"timestamp":1786840025565,"level":"INFO","args":["%cDownload the React DevTools for a better development experience: https://react.dev/link/react-devtools","font-weight:bold"],"stack":null}
[2026-08-16T00:27:50.188Z] {"timestamp":1786840070623,"level":"DEBUG","args":["[vite]","hot updated: /src/index.css"],"stack":null}
[2026-08-16T00:27:50.188Z] {"timestamp":1786840070623,"level":"DEBUG","args":["[vite]","hot updated: /src/components/Footer.tsx"],"stack":null}
[2026-08-16T00:27:52.174Z] {"timestamp":1786840071437,"level":"DEBUG","args":["[vite]","hot updated: /src/index.css"],"stack":null}
[2026-08-16T00:27:52.174Z] {"timestamp":1786840071438,"level":"DEBUG","args":["[vite]","hot updated: /src/components/product/ProductCard.tsx"],"stack":null}
[2026-08-16T00:27:57.502Z] {"timestamp":1786840076168,"level":"DEBUG","args":["[Manus] Debug collector initialized (no rrweb, UI events only)"],"stack":null}
[2026-08-16T00:27:57.502Z] {"timestamp":1786840076724,"level":"DEBUG","args":["[vite] connected."],"stack":null}
[2026-08-16T00:28:33.522Z] {"timestamp":1786840113540,"level":"DEBUG","args":["[vite]","hot updated: /src/index.css"],"stack":null}
[2026-08-16T00:28:33.522Z] {"timestamp":1786840113540,"level":"DEBUG","args":["[vite]","hot updated: /src/styles/amelie-rebuild.css"],"stack":null}
[2026-08-16T00:28:44.520Z] {"timestamp":1786840123189,"level":"DEBUG","args":["[Manus] Debug collector initialized (no rrweb, UI events only)"],"stack":null}
[2026-08-16T00:28:44.520Z] {"timestamp":1786840123729,"level":"DEBUG","args":["[vite] connected."],"stack":null}
[2026-08-16T00:29:01.244Z] {"timestamp":1786840139242,"level":"DEBUG","args":["[Manus] Debug collector initialized (no rrweb, UI events only)"],"stack":null}
[2026-08-16T00:29:01.244Z] {"timestamp":1786840139249,"level":"DEBUG","args":["[vite] connected."],"stack":null}
[2026-08-16T00:29:01.244Z] {"timestamp":1786840139316,"level":"INFO","args":["%cDownload the React DevTools for a better development experience: https://react.dev/link/react-devtools","font-weight:bold"],"stack":null}
[2026-08-16T00:29:14.799Z] {"timestamp":1786840152796,"level":"DEBUG","args":["[Manus] Debug collector initialized (no rrweb, UI events only)"],"stack":null}
[2026-08-16T00:29:14.799Z] {"timestamp":1786840152802,"level":"DEBUG","args":["[vite] connected."],"stack":null}
[2026-08-16T00:29:14.799Z] {"timestamp":1786840152869,"level":"INFO","args":["%cDownload the React DevTools for a better development experience: https://react.dev/link/react-devtools","font-weight:bold"],"stack":null}
[2026-08-16T00:29:39.696Z] {"timestamp":1786840178323,"level":"DEBUG","args":["[Manus] Debug collector initialized (no rrweb, UI events only)"],"stack":null}
[2026-08-16T00:29:39.696Z] {"timestamp":1786840178862,"level":"DEBUG","args":["[vite] connected."],"stack":null}
[2026-08-16T00:30:10.512Z] {"timestamp":1786840209038,"level":"DEBUG","args":["[Manus] Debug collector initialized (no rrweb, UI events only)"],"stack":null}
[2026-08-16T00:30:10.512Z] {"timestamp":1786840209564,"level":"DEBUG","args":["[vite] connected."],"stack":null}
[2026-08-16T00:30:20.367Z] {"timestamp":1786840220896,"level":"DEBUG","args":["[vite]","hot updated: /src/index.css"],"stack":null}
[2026-08-16T00:30:27.585Z] {"timestamp":1786840226066,"level":"DEBUG","args":["[Manus] Debug collector initialized (no rrweb, UI events only)"],"stack":null}
[2026-08-16T00:30:27.585Z] {"timestamp":1786840226612,"level":"DEBUG","args":["[vite] connected."],"stack":null}
[2026-08-16T00:30:38.057Z] {"timestamp":1786840236643,"level":"DEBUG","args":["[Manus] Debug collector initialized (no rrweb, UI events only)"],"stack":null}
[2026-08-16T00:30:38.057Z] {"timestamp":1786840237175,"level":"DEBUG","args":["[vite] connected."],"stack":null}
[2026-08-16T00:30:54.802Z] {"timestamp":1786840252800,"level":"DEBUG","args":["[Manus] Debug collector initialized (no rrweb, UI events only)"],"stack":null}
[2026-08-16T00:30:54.802Z] {"timestamp":1786840252805,"level":"DEBUG","args":["[vite] connected."],"stack":null}
[2026-08-16T00:30:54.802Z] {"timestamp":1786840252875,"level":"INFO","args":["%cDownload the React DevTools for a better development experience: https://react.dev/link/react-devtools","font-weight:bold"],"stack":null}
[2026-08-16T00:31:07.337Z] {"timestamp":1786840265335,"level":"DEBUG","args":["[Manus] Debug collector initialized (no rrweb, UI events only)"],"stack":null}
[2026-08-16T00:31:07.337Z] {"timestamp":1786840265346,"level":"DEBUG","args":["[vite] connected."],"stack":null}
[2026-08-16T00:31:07.337Z] {"timestamp":1786840265405,"level":"INFO","args":["%cDownload the React DevTools for a better development experience: https://react.dev/link/react-devtools","font-weight:bold"],"stack":null}
[2026-08-16T00:31:24.006Z] {"timestamp":1786840283336,"level":"DEBUG","args":["[vite]","hot updated: /src/index.css"],"stack":null}
[2026-08-16T00:31:24.006Z] {"timestamp":1786840283336,"level":"DEBUG","args":["[vite]","hot updated: /src/styles/amelie-rebuild.css"],"stack":null}
[2026-08-16T00:31:30.740Z] {"timestamp":1786840289409,"level":"DEBUG","args":["[Manus] Debug collector initialized (no rrweb, UI events only)"],"stack":null}
[2026-08-16T00:31:30.740Z] {"timestamp":1786840289948,"level":"DEBUG","args":["[vite] connected."],"stack":null}
[2026-08-16T00:31:31.611Z] {"timestamp":1786840289608,"level":"DEBUG","args":["[Manus] Debug collector initialized (no rrweb, UI events only)"],"stack":null}
[2026-08-16T00:31:31.611Z] {"timestamp":1786840289615,"level":"DEBUG","args":["[vite] connected."],"stack":null}
[2026-08-16T00:31:31.611Z] {"timestamp":1786840289698,"level":"INFO","args":["%cDownload the React DevTools for a better development experience: https://react.dev/link/react-devtools","font-weight:bold"],"stack":null}
[2026-08-16T00:31:48.744Z] {"timestamp":1786840308626,"level":"DEBUG","args":["[vite]","hot updated: /src/index.css"],"stack":null}
[2026-08-16T00:31:48.744Z] {"timestamp":1786840308626,"level":"DEBUG","args":["[vite]","hot updated: /src/styles/amelie-rebuild.css"],"stack":null}
[2026-08-16T00:31:55.043Z] {"timestamp":1786840313040,"level":"DEBUG","args":["[Manus] Debug collector initialized (no rrweb, UI events only)"],"stack":null}
[2026-08-16T00:31:55.043Z] {"timestamp":1786840313053,"level":"DEBUG","args":["[vite] connected."],"stack":null}
[2026-08-16T00:31:55.043Z] {"timestamp":1786840313119,"level":"INFO","args":["%cDownload the React DevTools for a better development experience: https://react.dev/link/react-devtools","font-weight:bold"],"stack":null}
[2026-08-16T00:31:55.167Z] {"timestamp":1786840313625,"level":"DEBUG","args":["[Manus] Debug collector initialized (no rrweb, UI events only)"],"stack":null}
[2026-08-16T00:31:55.168Z] {"timestamp":1786840314177,"level":"DEBUG","args":["[vite] connected."],"stack":null}
[2026-08-16T00:32:28.240Z] {"timestamp":1786840346864,"level":"DEBUG","args":["[Manus] Debug collector initialized (no rrweb, UI events only)"],"stack":null}
[2026-08-16T00:32:28.240Z] {"timestamp":1786840347408,"level":"DEBUG","args":["[vite] connected."],"stack":null}
[2026-08-16T00:32:42.811Z] {"timestamp":1786840360809,"level":"DEBUG","args":["[Manus] Debug collector initialized (no rrweb, UI events only)"],"stack":null}
[2026-08-16T00:32:42.811Z] {"timestamp":1786840360820,"level":"DEBUG","args":["[vite] connected."],"stack":null}
[2026-08-16T00:32:42.811Z] {"timestamp":1786840360883,"level":"INFO","args":["%cDownload the React DevTools for a better development experience: https://react.dev/link/react-devtools","font-weight:bold"],"stack":null}
[2026-08-16T00:32:54.200Z] {"timestamp":1786840372198,"level":"DEBUG","args":["[Manus] Debug collector initialized (no rrweb, UI events only)"],"stack":null}
[2026-08-16T00:32:54.200Z] {"timestamp":1786840372201,"level":"DEBUG","args":["[vite] connected."],"stack":null}
[2026-08-16T00:32:54.200Z] {"timestamp":1786840372275,"level":"INFO","args":["%cDownload the React DevTools for a better development experience: https://react.dev/link/react-devtools","font-weight:bold"],"stack":null}
[2026-08-16T00:33:07.523Z] {"timestamp":1786840385520,"level":"DEBUG","args":["[Manus] Debug collector initialized (no rrweb, UI events only)"],"stack":null}
[2026-08-16T00:33:07.523Z] {"timestamp":1786840385523,"level":"DEBUG","args":["[vite] connected."],"stack":null}
[2026-08-16T00:33:07.523Z] {"timestamp":1786840385592,"level":"INFO","args":["%cDownload the React DevTools for a better development experience: https://react.dev/link/react-devtools","font-weight:bold"],"stack":null}
[2026-08-16T00:33:20.134Z] {"timestamp":1786840398132,"level":"DEBUG","args":["[Manus] Debug collector initialized (no rrweb, UI events only)"],"stack":null}
[2026-08-16T00:33:20.134Z] {"timestamp":1786840398137,"level":"DEBUG","args":["[vite] connected."],"stack":null}
[2026-08-16T00:33:20.134Z] {"timestamp":1786840398198,"level":"INFO","args":["%cDownload the React DevTools for a better development experience: https://react.dev/link/react-devtools","font-weight:bold"],"stack":null}
[2026-08-16T00:33:33.048Z] {"timestamp":1786840411045,"level":"DEBUG","args":["[Manus] Debug collector initialized (no rrweb, UI events only)"],"stack":null}
[2026-08-16T00:33:33.048Z] {"timestamp":1786840411053,"level":"DEBUG","args":["[vite] connected."],"stack":null}
[2026-08-16T00:33:33.048Z] {"timestamp":1786840411114,"level":"INFO","args":["%cDownload the React DevTools for a better development experience: https://react.dev/link/react-devtools","font-weight:bold"],"stack":null}
[2026-08-16T00:33:48.896Z] {"timestamp":1786840426894,"level":"DEBUG","args":["[Manus] Debug collector initialized (no rrweb, UI events only)"],"stack":null}
[2026-08-16T00:33:48.896Z] {"timestamp":1786840426901,"level":"DEBUG","args":["[vite] connected."],"stack":null}
[2026-08-16T00:33:48.896Z] {"timestamp":1786840426968,"level":"INFO","args":["%cDownload the React DevTools for a better development experience: https://react.dev/link/react-devtools","font-weight:bold"],"stack":null}
[2026-08-16T00:34:00.936Z] {"timestamp":1786840438934,"level":"DEBUG","args":["[Manus] Debug collector initialized (no rrweb, UI events only)"],"stack":null}
[2026-08-16T00:34:00.936Z] {"timestamp":1786840438940,"level":"DEBUG","args":["[vite] connected."],"stack":null}
[2026-08-16T00:34:00.936Z] {"timestamp":1786840439004,"level":"INFO","args":["%cDownload the React DevTools for a better development experience: https://react.dev/link/react-devtools","font-weight:bold"],"stack":null}
[2026-08-16T00:34:13.994Z] {"timestamp":1786840451993,"level":"DEBUG","args":["[Manus] Debug collector initialized (no rrweb, UI events only)"],"stack":null}
[2026-08-16T00:34:13.994Z] {"timestamp":1786840451996,"level":"DEBUG","args":["[vite] connected."],"stack":null}
[2026-08-16T00:34:13.994Z] {"timestamp":1786840452105,"level":"INFO","args":["%cDownload the React DevTools for a better development experience: https://react.dev/link/react-devtools","font-weight:bold"],"stack":null}
[2026-08-16T00:34:14.016Z] {"timestamp":1786840452014,"level":"DEBUG","args":["[Manus] Debug collector initialized (no rrweb, UI events only)"],"stack":null}
[2026-08-16T00:34:14.016Z] {"timestamp":1786840452017,"level":"DEBUG","args":["[vite] connected."],"stack":null}
[2026-08-16T00:34:14.016Z] {"timestamp":1786840452099,"level":"INFO","args":["%cDownload the React DevTools for a better development experience: https://react.dev/link/react-devtools","font-weight:bold"],"stack":null}
[2026-08-16T00:35:02.016Z] {"timestamp":1786840500009,"level":"DEBUG","args":["[Manus] Debug collector initialized (no rrweb, UI events only)"],"stack":null}
[2026-08-16T00:35:02.016Z] {"timestamp":1786840500128,"level":"DEBUG","args":["[vite] connected."],"stack":null}
[2026-08-16T00:35:02.016Z] {"timestamp":1786840500340,"level":"INFO","args":["%cDownload the React DevTools for a better development experience: https://react.dev/link/react-devtools","font-weight:bold"],"stack":null}
[2026-08-16T00:36:31.331Z] {"timestamp":1786840589950,"level":"DEBUG","args":["[Manus] Debug collector initialized (no rrweb, UI events only)"],"stack":null}
[2026-08-16T00:36:31.331Z] {"timestamp":1786840590502,"level":"DEBUG","args":["[vite] connected."],"stack":null}
[2026-08-16T00:36:50.940Z] {"timestamp":1786840609599,"level":"DEBUG","args":["[Manus] Debug collector initialized (no rrweb, UI events only)"],"stack":null}
[2026-08-16T00:36:50.940Z] {"timestamp":1786840610170,"level":"DEBUG","args":["[vite] connected."],"stack":null}
[2026-08-16T00:36:53.368Z] {"timestamp":1786840611366,"level":"DEBUG","args":["[Manus] Debug collector initialized (no rrweb, UI events only)"],"stack":null}
[2026-08-16T00:36:53.368Z] {"timestamp":1786840611372,"level":"DEBUG","args":["[vite] connected."],"stack":null}
[2026-08-16T00:36:53.368Z] {"timestamp":1786840611444,"level":"INFO","args":["%cDownload the React DevTools for a better development experience: https://react.dev/link/react-devtools","font-weight:bold"],"stack":null}
[2026-08-16T00:37:09.397Z] {"timestamp":1786840627841,"level":"DEBUG","args":["[Manus] Debug collector initialized (no rrweb, UI events only)"],"stack":null}
[2026-08-16T00:37:09.397Z] {"timestamp":1786840628374,"level":"DEBUG","args":["[vite] connected."],"stack":null}
[2026-08-16T00:37:12.373Z] {"timestamp":1786840630345,"level":"DEBUG","args":["[Manus] Debug collector initialized (no rrweb, UI events only)"],"stack":null}
[2026-08-16T00:37:12.373Z] {"timestamp":1786840630351,"level":"DEBUG","args":["[vite] connected."],"stack":null}
[2026-08-16T00:37:12.373Z] {"timestamp":1786840630417,"level":"INFO","args":["%cDownload the React DevTools for a better development experience: https://react.dev/link/react-devtools","font-weight:bold"],"stack":null}
[2026-08-16T00:37:12.373Z] {"timestamp":1786840632352,"level":"WARN","args":["Warning: Missing `Description` or `aria-describedby={undefined}` for {DialogContent}."],"stack":null}
[2026-08-16T00:37:15.225Z] {"timestamp":1786840633223,"level":"DEBUG","args":["[Manus] Debug collector initialized (no rrweb, UI events only)"],"stack":null}
[2026-08-16T00:37:15.225Z] {"timestamp":1786840633228,"level":"DEBUG","args":["[vite] connected."],"stack":null}
[2026-08-16T00:37:15.225Z] {"timestamp":1786840633306,"level":"INFO","args":["%cDownload the React DevTools for a better development experience: https://react.dev/link/react-devtools","font-weight:bold"],"stack":null}
[2026-08-16T00:37:15.225Z] {"timestamp":1786840635084,"level":"WARN","args":["Warning: Missing `Description` or `aria-describedby={undefined}` for {DialogContent}."],"stack":null}
[2026-08-16T00:38:21.640Z] {"timestamp":1786840700305,"level":"DEBUG","args":["[Manus] Debug collector initialized (no rrweb, UI events only)"],"stack":null}
[2026-08-16T00:38:21.640Z] {"timestamp":1786840700914,"level":"DEBUG","args":["[vite] connected."],"stack":null}
[2026-08-16T00:38:21.640Z] {"timestamp":1786840701991,"level":"INFO","args":["%cDownload the React DevTools for a better development experience: https://react.dev/link/react-devtools","font-weight:bold"],"stack":null}
[2026-08-16T00:38:54.746Z] {"timestamp":1786840733330,"level":"DEBUG","args":["[Manus] Debug collector initialized (no rrweb, UI events only)"],"stack":null}
[2026-08-16T00:38:54.746Z] {"timestamp":1786840733884,"level":"DEBUG","args":["[vite] connected."],"stack":null}
[2026-08-16T00:39:20.664Z] {"timestamp":1786840760839,"level":"DEBUG","args":["[vite]","hot updated: /src/index.css"],"stack":null}
[2026-08-16T00:39:20.664Z] {"timestamp":1786840760839,"level":"DEBUG","args":["[vite]","hot updated: /src/styles/amelie-rebuild.css"],"stack":null}
[2026-08-16T00:39:21.634Z] {"timestamp":1786840760450,"level":"DEBUG","args":["[vite]","hot updated: /src/index.css"],"stack":null}
[2026-08-16T00:39:21.634Z] {"timestamp":1786840760450,"level":"DEBUG","args":["[vite]","hot updated: /src/styles/amelie-rebuild.css"],"stack":null}
[2026-08-16T00:39:27.003Z] {"timestamp":1786840765458,"level":"DEBUG","args":["[Manus] Debug collector initialized (no rrweb, UI events only)"],"stack":null}
[2026-08-16T00:39:27.003Z] {"timestamp":1786840766005,"level":"DEBUG","args":["[vite] connected."],"stack":null}
[2026-08-16T00:40:49.643Z] {"timestamp":1786840848288,"level":"DEBUG","args":["[Manus] Debug collector initialized (no rrweb, UI events only)"],"stack":null}
[2026-08-16T00:40:49.643Z] {"timestamp":1786840848849,"level":"DEBUG","args":["[vite] connected."],"stack":null}
[2026-08-16T00:41:11.277Z] {"timestamp":1786840869680,"level":"DEBUG","args":["[Manus] Debug collector initialized (no rrweb, UI events only)"],"stack":null}
[2026-08-16T00:41:11.277Z] {"timestamp":1786840870221,"level":"DEBUG","args":["[vite] connected."],"stack":null}
[2026-08-16T00:41:47.947Z] {"timestamp":1786840906609,"level":"DEBUG","args":["[Manus] Debug collector initialized (no rrweb, UI events only)"],"stack":null}
[2026-08-16T00:41:47.947Z] {"timestamp":1786840907169,"level":"DEBUG","args":["[vite] connected."],"stack":null}
[2026-08-16T00:50:17.827Z] {"timestamp":1786841417681,"level":"LOG","args":["[vite] server connection lost. Polling for restart..."],"stack":null}
[2026-08-16T00:50:21.151Z] {"timestamp":1786841419819,"level":"DEBUG","args":["[Manus] Debug collector initialized (no rrweb, UI events only)"],"stack":null}
[2026-08-16T00:50:21.151Z] {"timestamp":1786841420586,"level":"DEBUG","args":["[vite] connected."],"stack":null}
[2026-08-16T00:50:21.151Z] {"timestamp":1786841420595,"level":"INFO","args":["%cDownload the React DevTools for a better development experience: https://react.dev/link/react-devtools","font-weight:bold"],"stack":null}
[2026-08-16T00:51:32.734Z] {"timestamp":1786841491030,"level":"DEBUG","args":["[Manus] Debug collector initialized (no rrweb, UI events only)"],"stack":null}
[2026-08-16T00:51:32.734Z] {"timestamp":1786841491585,"level":"DEBUG","args":["[vite] connected."],"stack":null}
[2026-08-16T00:51:32.734Z] {"timestamp":1786841492154,"level":"INFO","args":["%cDownload the React DevTools for a better development experience: https://react.dev/link/react-devtools","font-weight:bold"],"stack":null}
[2026-08-16T01:30:11.034Z] {"timestamp":1786843809697,"level":"DEBUG","args":["[Manus] Debug collector initialized (no rrweb, UI events only)"],"stack":null}
[2026-08-16T01:30:11.034Z] {"timestamp":1786843810248,"level":"DEBUG","args":["[vite] connected."],"stack":null}
[2026-08-16T01:30:15.793Z] {"timestamp":1786843814453,"level":"DEBUG","args":["[Manus] Debug collector initialized (no rrweb, UI events only)"],"stack":null}
[2026-08-16T01:30:15.793Z] {"timestamp":1786843815019,"level":"DEBUG","args":["[vite] connected."],"stack":null}
[2026-08-16T01:30:58.002Z] {"timestamp":1786843856000,"level":"DEBUG","args":["[Manus] Debug collector initialized (no rrweb, UI events only)"],"stack":null}
[2026-08-16T01:30:58.002Z] {"timestamp":1786843856005,"level":"DEBUG","args":["[vite] connected."],"stack":null}
[2026-08-16T01:30:58.002Z] {"timestamp":1786843856074,"level":"INFO","args":["%cDownload the React DevTools for a better development experience: https://react.dev/link/react-devtools","font-weight:bold"],"stack":null}
[2026-08-16T01:31:13.678Z] {"timestamp":1786843871676,"level":"DEBUG","args":["[Manus] Debug collector initialized (no rrweb, UI events only)"],"stack":null}
[2026-08-16T01:31:13.678Z] {"timestamp":1786843871681,"level":"DEBUG","args":["[vite] connected."],"stack":null}
[2026-08-16T01:31:13.678Z] {"timestamp":1786843871752,"level":"INFO","args":["%cDownload the React DevTools for a better development experience: https://react.dev/link/react-devtools","font-weight:bold"],"stack":null}
[2026-08-16T01:31:31.026Z] {"timestamp":1786843889023,"level":"DEBUG","args":["[Manus] Debug collector initialized (no rrweb, UI events only)"],"stack":null}
[2026-08-16T01:31:31.026Z] {"timestamp":1786843889029,"level":"DEBUG","args":["[vite] connected."],"stack":null}
[2026-08-16T01:31:31.026Z] {"timestamp":1786843889104,"level":"INFO","args":["%cDownload the React DevTools for a better development experience: https://react.dev/link/react-devtools","font-weight:bold"],"stack":null}
[2026-08-16T01:31:47.813Z] {"timestamp":1786843905811,"level":"DEBUG","args":["[Manus] Debug collector initialized (no rrweb, UI events only)"],"stack":null}
[2026-08-16T01:31:47.813Z] {"timestamp":1786843905816,"level":"DEBUG","args":["[vite] connected."],"stack":null}
[2026-08-16T01:31:47.813Z] {"timestamp":1786843905879,"level":"INFO","args":["%cDownload the React DevTools for a better development experience: https://react.dev/link/react-devtools","font-weight:bold"],"stack":null}
[2026-08-16T01:32:06.871Z] {"timestamp":1786843924869,"level":"DEBUG","args":["[Manus] Debug collector initialized (no rrweb, UI events only)"],"stack":null}
[2026-08-16T01:32:06.871Z] {"timestamp":1786843924873,"level":"DEBUG","args":["[vite] connected."],"stack":null}
[2026-08-16T01:32:06.871Z] {"timestamp":1786843924940,"level":"INFO","args":["%cDownload the React DevTools for a better development experience: https://react.dev/link/react-devtools","font-weight:bold"],"stack":null}
[2026-08-16T01:32:27.461Z] {"timestamp":1786843945459,"level":"DEBUG","args":["[Manus] Debug collector initialized (no rrweb, UI events only)"],"stack":null}
[2026-08-16T01:32:27.461Z] {"timestamp":1786843945464,"level":"DEBUG","args":["[vite] connected."],"stack":null}
[2026-08-16T01:32:27.461Z] {"timestamp":1786843945529,"level":"INFO","args":["%cDownload the React DevTools for a better development experience: https://react.dev/link/react-devtools","font-weight:bold"],"stack":null}
[2026-08-16T01:33:16.450Z] {"timestamp":1786843994944,"level":"DEBUG","args":["[Manus] Debug collector initialized (no rrweb, UI events only)"],"stack":null}
[2026-08-16T01:33:16.450Z] {"timestamp":1786843995532,"level":"DEBUG","args":["[vite] connected."],"stack":null}
[2026-08-16T01:34:18.736Z] {"timestamp":1786844056512,"level":"DEBUG","args":["[Manus] Debug collector initialized (no rrweb, UI events only)"],"stack":null}
[2026-08-16T01:34:18.736Z] {"timestamp":1786844057041,"level":"DEBUG","args":["[vite] connected."],"stack":null}
[2026-08-16T01:38:20.734Z] {"timestamp":1786844298732,"level":"DEBUG","args":["[Manus] Debug collector initialized (no rrweb, UI events only)"],"stack":null}
[2026-08-16T01:38:20.734Z] {"timestamp":1786844298735,"level":"DEBUG","args":["[vite] connected."],"stack":null}
[2026-08-16T01:38:20.734Z] {"timestamp":1786844298786,"level":"INFO","args":["%cDownload the React DevTools for a better development experience: https://react.dev/link/react-devtools","font-weight:bold"],"stack":null}
[2026-08-16T01:38:33.119Z] {"timestamp":1786844311116,"level":"DEBUG","args":["[Manus] Debug collector initialized (no rrweb, UI events only)"],"stack":null}
[2026-08-16T01:38:33.120Z] {"timestamp":1786844311126,"level":"DEBUG","args":["[vite] connected."],"stack":null}
[2026-08-16T01:38:33.120Z] {"timestamp":1786844311190,"level":"INFO","args":["%cDownload the React DevTools for a better development experience: https://react.dev/link/react-devtools","font-weight:bold"],"stack":null}
[2026-08-16T01:40:50.633Z] {"timestamp":1786844448631,"level":"DEBUG","args":["[Manus] Debug collector initialized (no rrweb, UI events only)"],"stack":null}
[2026-08-16T01:40:50.633Z] {"timestamp":1786844448639,"level":"DEBUG","args":["[vite] connected."],"stack":null}
[2026-08-16T01:40:50.633Z] {"timestamp":1786844448699,"level":"INFO","args":["%cDownload the React DevTools for a better development experience: https://react.dev/link/react-devtools","font-weight:bold"],"stack":null}
[2026-08-16T01:41:07.604Z] {"timestamp":1786844465601,"level":"DEBUG","args":["[Manus] Debug collector initialized (no rrweb, UI events only)"],"stack":null}
[2026-08-16T01:41:07.604Z] {"timestamp":1786844465606,"level":"DEBUG","args":["[vite] connected."],"stack":null}
[2026-08-16T01:41:07.604Z] {"timestamp":1786844465676,"level":"INFO","args":["%cDownload the React DevTools for a better development experience: https://react.dev/link/react-devtools","font-weight:bold"],"stack":null}
[2026-08-16T01:42:21.624Z] {"timestamp":1786844539622,"level":"DEBUG","args":["[Manus] Debug collector initialized (no rrweb, UI events only)"],"stack":null}
[2026-08-16T01:42:21.624Z] {"timestamp":1786844539628,"level":"DEBUG","args":["[vite] connected."],"stack":null}
[2026-08-16T01:42:21.624Z] {"timestamp":1786844539695,"level":"INFO","args":["%cDownload the React DevTools for a better development experience: https://react.dev/link/react-devtools","font-weight:bold"],"stack":null}
[2026-08-16T01:42:38.471Z] {"timestamp":1786844556469,"level":"DEBUG","args":["[Manus] Debug collector initialized (no rrweb, UI events only)"],"stack":null}
[2026-08-16T01:42:38.471Z] {"timestamp":1786844556477,"level":"DEBUG","args":["[vite] connected."],"stack":null}
[2026-08-16T01:42:38.471Z] {"timestamp":1786844556557,"level":"INFO","args":["%cDownload the React DevTools for a better development experience: https://react.dev/link/react-devtools","font-weight:bold"],"stack":null}
[2026-08-16T01:42:54.139Z] {"timestamp":1786844572136,"level":"DEBUG","args":["[Manus] Debug collector initialized (no rrweb, UI events only)"],"stack":null}
[2026-08-16T01:42:54.139Z] {"timestamp":1786844572143,"level":"DEBUG","args":["[vite] connected."],"stack":null}
[2026-08-16T01:42:54.139Z] {"timestamp":1786844572219,"level":"INFO","args":["%cDownload the React DevTools for a better development experience: https://react.dev/link/react-devtools","font-weight:bold"],"stack":null}
[2026-08-16T01:43:12.035Z] {"timestamp":1786844590033,"level":"DEBUG","args":["[Manus] Debug collector initialized (no rrweb, UI events only)"],"stack":null}
[2026-08-16T01:43:12.035Z] {"timestamp":1786844590037,"level":"DEBUG","args":["[vite] connected."],"stack":null}
[2026-08-16T01:43:12.035Z] {"timestamp":1786844590109,"level":"INFO","args":["%cDownload the React DevTools for a better development experience: https://react.dev/link/react-devtools","font-weight:bold"],"stack":null}
[2026-08-16T01:43:30.913Z] {"timestamp":1786844608911,"level":"DEBUG","args":["[Manus] Debug collector initialized (no rrweb, UI events only)"],"stack":null}
[2026-08-16T01:43:30.913Z] {"timestamp":1786844608916,"level":"DEBUG","args":["[vite] connected."],"stack":null}
[2026-08-16T01:43:30.913Z] {"timestamp":1786844608986,"level":"INFO","args":["%cDownload the React DevTools for a better development experience: https://react.dev/link/react-devtools","font-weight:bold"],"stack":null}
[2026-08-16T01:43:51.523Z] {"timestamp":1786844629520,"level":"DEBUG","args":["[Manus] Debug collector initialized (no rrweb, UI events only)"],"stack":null}
[2026-08-16T01:43:51.523Z] {"timestamp":1786844629528,"level":"DEBUG","args":["[vite] connected."],"stack":null}
[2026-08-16T01:43:51.523Z] {"timestamp":1786844629603,"level":"INFO","args":["%cDownload the React DevTools for a better development experience: https://react.dev/link/react-devtools","font-weight:bold"],"stack":null}
[2026-08-16T01:44:44.411Z] {"timestamp":1786844682409,"level":"DEBUG","args":["[Manus] Debug collector initialized (no rrweb, UI events only)"],"stack":null}
[2026-08-16T01:44:44.411Z] {"timestamp":1786844682418,"level":"DEBUG","args":["[vite] connected."],"stack":null}
[2026-08-16T01:44:44.411Z] {"timestamp":1786844682499,"level":"INFO","args":["%cDownload the React DevTools for a better development experience: https://react.dev/link/react-devtools","font-weight:bold"],"stack":null}
[2026-08-16T01:45:05.620Z] {"timestamp":1786844703618,"level":"DEBUG","args":["[Manus] Debug collector initialized (no rrweb, UI events only)"],"stack":null}
[2026-08-16T01:45:05.620Z] {"timestamp":1786844703623,"level":"DEBUG","args":["[vite] connected."],"stack":null}
[2026-08-16T01:45:05.620Z] {"timestamp":1786844703693,"level":"INFO","args":["%cDownload the React DevTools for a better development experience: https://react.dev/link/react-devtools","font-weight:bold"],"stack":null}
[2026-08-16T01:46:23.612Z] {"timestamp":1786844781609,"level":"DEBUG","args":["[Manus] Debug collector initialized (no rrweb, UI events only)"],"stack":null}
[2026-08-16T01:46:23.612Z] {"timestamp":1786844781615,"level":"DEBUG","args":["[vite] connected."],"stack":null}
[2026-08-16T01:46:23.612Z] {"timestamp":1786844781691,"level":"INFO","args":["%cDownload the React DevTools for a better development experience: https://react.dev/link/react-devtools","font-weight:bold"],"stack":null}
[2026-08-16T01:46:40.141Z] {"timestamp":1786844798139,"level":"DEBUG","args":["[Manus] Debug collector initialized (no rrweb, UI events only)"],"stack":null}
[2026-08-16T01:46:40.142Z] {"timestamp":1786844798145,"level":"DEBUG","args":["[vite] connected."],"stack":null}
[2026-08-16T01:46:40.142Z] {"timestamp":1786844798213,"level":"INFO","args":["%cDownload the React DevTools for a better development experience: https://react.dev/link/react-devtools","font-weight:bold"],"stack":null}
[2026-08-16T01:47:36.079Z] {"timestamp":1786844854077,"level":"DEBUG","args":["[Manus] Debug collector initialized (no rrweb, UI events only)"],"stack":null}
[2026-08-16T01:47:36.079Z] {"timestamp":1786844854084,"level":"DEBUG","args":["[vite] connected."],"stack":null}
[2026-08-16T01:47:36.079Z] {"timestamp":1786844854138,"level":"INFO","args":["%cDownload the React DevTools for a better development experience: https://react.dev/link/react-devtools","font-weight:bold"],"stack":null}
[2026-08-16T01:47:48.960Z] {"timestamp":1786844866957,"level":"DEBUG","args":["[Manus] Debug collector initialized (no rrweb, UI events only)"],"stack":null}
[2026-08-16T01:47:48.960Z] {"timestamp":1786844866960,"level":"DEBUG","args":["[vite] connected."],"stack":null}
[2026-08-16T01:47:48.960Z] {"timestamp":1786844867031,"level":"INFO","args":["%cDownload the React DevTools for a better development experience: https://react.dev/link/react-devtools","font-weight:bold"],"stack":null}
[2026-08-16T01:48:47.010Z] {"timestamp":1786844925008,"level":"DEBUG","args":["[Manus] Debug collector initialized (no rrweb, UI events only)"],"stack":null}
[2026-08-16T01:48:47.010Z] {"timestamp":1786844925021,"level":"DEBUG","args":["[vite] connected."],"stack":null}
[2026-08-16T01:48:47.010Z] {"timestamp":1786844925093,"level":"INFO","args":["%cDownload the React DevTools for a better development experience: https://react.dev/link/react-devtools","font-weight:bold"],"stack":null}
[2026-08-16T01:49:03.805Z] {"timestamp":1786844941802,"level":"DEBUG","args":["[Manus] Debug collector initialized (no rrweb, UI events only)"],"stack":null}
[2026-08-16T01:49:03.805Z] {"timestamp":1786844941808,"level":"DEBUG","args":["[vite] connected."],"stack":null}
[2026-08-16T01:49:03.805Z] {"timestamp":1786844941889,"level":"INFO","args":["%cDownload the React DevTools for a better development experience: https://react.dev/link/react-devtools","font-weight:bold"],"stack":null}
[2026-08-16T01:50:13.113Z] {"timestamp":1786845011111,"level":"DEBUG","args":["[Manus] Debug collector initialized (no rrweb, UI events only)"],"stack":null}
[2026-08-16T01:50:13.113Z] {"timestamp":1786845011117,"level":"DEBUG","args":["[vite] connected."],"stack":null}
[2026-08-16T01:50:13.113Z] {"timestamp":1786845011193,"level":"INFO","args":["%cDownload the React DevTools for a better development experience: https://react.dev/link/react-devtools","font-weight:bold"],"stack":null}
[2026-08-16T01:50:30.061Z] {"timestamp":1786845028059,"level":"DEBUG","args":["[Manus] Debug collector initialized (no rrweb, UI events only)"],"stack":null}
[2026-08-16T01:50:30.061Z] {"timestamp":1786845028064,"level":"DEBUG","args":["[vite] connected."],"stack":null}
[2026-08-16T01:50:30.061Z] {"timestamp":1786845028137,"level":"INFO","args":["%cDownload the React DevTools for a better development experience: https://react.dev/link/react-devtools","font-weight:bold"],"stack":null}
[2026-08-16T01:50:46.601Z] {"timestamp":1786845044599,"level":"DEBUG","args":["[Manus] Debug collector initialized (no rrweb, UI events only)"],"stack":null}
[2026-08-16T01:50:46.601Z] {"timestamp":1786845044605,"level":"DEBUG","args":["[vite] connected."],"stack":null}
[2026-08-16T01:50:46.601Z] {"timestamp":1786845044683,"level":"INFO","args":["%cDownload the React DevTools for a better development experience: https://react.dev/link/react-devtools","font-weight:bold"],"stack":null}
[2026-08-16T01:51:05.031Z] {"timestamp":1786845063029,"level":"DEBUG","args":["[Manus] Debug collector initialized (no rrweb, UI events only)"],"stack":null}
[2026-08-16T01:51:05.031Z] {"timestamp":1786845063034,"level":"DEBUG","args":["[vite] connected."],"stack":null}
[2026-08-16T01:51:05.031Z] {"timestamp":1786845063106,"level":"INFO","args":["%cDownload the React DevTools for a better development experience: https://react.dev/link/react-devtools","font-weight:bold"],"stack":null}
[2026-08-16T01:51:24.299Z] {"timestamp":1786845082297,"level":"DEBUG","args":["[Manus] Debug collector initialized (no rrweb, UI events only)"],"stack":null}
[2026-08-16T01:51:24.300Z] {"timestamp":1786845082303,"level":"DEBUG","args":["[vite] connected."],"stack":null}
[2026-08-16T01:51:24.300Z] {"timestamp":1786845082380,"level":"INFO","args":["%cDownload the React DevTools for a better development experience: https://react.dev/link/react-devtools","font-weight:bold"],"stack":null}
[2026-08-16T01:51:45.205Z] {"timestamp":1786845103203,"level":"DEBUG","args":["[Manus] Debug collector initialized (no rrweb, UI events only)"],"stack":null}
[2026-08-16T01:51:45.205Z] {"timestamp":1786845103211,"level":"DEBUG","args":["[vite] connected."],"stack":null}
[2026-08-16T01:51:45.205Z] {"timestamp":1786845103291,"level":"INFO","args":["%cDownload the React DevTools for a better development experience: https://react.dev/link/react-devtools","font-weight:bold"],"stack":null}
[2026-08-16T01:54:36.950Z] {"timestamp":1786845274948,"level":"DEBUG","args":["[Manus] Debug collector initialized (no rrweb, UI events only)"],"stack":null}
[2026-08-16T01:54:36.950Z] {"timestamp":1786845274960,"level":"DEBUG","args":["[vite] connected."],"stack":null}
[2026-08-16T01:54:36.950Z] {"timestamp":1786845275028,"level":"INFO","args":["%cDownload the React DevTools for a better development experience: https://react.dev/link/react-devtools","font-weight:bold"],"stack":null}
[2026-08-16T01:54:54.228Z] {"timestamp":1786845292225,"level":"DEBUG","args":["[Manus] Debug collector initialized (no rrweb, UI events only)"],"stack":null}
[2026-08-16T01:54:54.228Z] {"timestamp":1786845292232,"level":"DEBUG","args":["[vite] connected."],"stack":null}
[2026-08-16T01:54:54.228Z] {"timestamp":1786845292304,"level":"INFO","args":["%cDownload the React DevTools for a better development experience: https://react.dev/link/react-devtools","font-weight:bold"],"stack":null}
[2026-08-16T01:55:10.529Z] {"timestamp":1786845308527,"level":"DEBUG","args":["[Manus] Debug collector initialized (no rrweb, UI events only)"],"stack":null}
[2026-08-16T01:55:10.529Z] {"timestamp":1786845308537,"level":"DEBUG","args":["[vite] connected."],"stack":null}
[2026-08-16T01:55:10.529Z] {"timestamp":1786845308604,"level":"INFO","args":["%cDownload the React DevTools for a better development experience: https://react.dev/link/react-devtools","font-weight:bold"],"stack":null}
[2026-08-16T01:55:28.802Z] {"timestamp":1786845326800,"level":"DEBUG","args":["[Manus] Debug collector initialized (no rrweb, UI events only)"],"stack":null}
[2026-08-16T01:55:28.802Z] {"timestamp":1786845326808,"level":"DEBUG","args":["[vite] connected."],"stack":null}
[2026-08-16T01:55:28.802Z] {"timestamp":1786845326881,"level":"INFO","args":["%cDownload the React DevTools for a better development experience: https://react.dev/link/react-devtools","font-weight:bold"],"stack":null}
[2026-08-16T01:55:47.759Z] {"timestamp":1786845345757,"level":"DEBUG","args":["[Manus] Debug collector initialized (no rrweb, UI events only)"],"stack":null}
[2026-08-16T01:55:47.759Z] {"timestamp":1786845345765,"level":"DEBUG","args":["[vite] connected."],"stack":null}
[2026-08-16T01:55:47.759Z] {"timestamp":1786845345832,"level":"INFO","args":["%cDownload the React DevTools for a better development experience: https://react.dev/link/react-devtools","font-weight:bold"],"stack":null}
[2026-08-16T01:56:08.898Z] {"timestamp":1786845366896,"level":"DEBUG","args":["[Manus] Debug collector initialized (no rrweb, UI events only)"],"stack":null}
[2026-08-16T01:56:08.898Z] {"timestamp":1786845366908,"level":"DEBUG","args":["[vite] connected."],"stack":null}
[2026-08-16T01:56:08.898Z] {"timestamp":1786845366978,"level":"INFO","args":["%cDownload the React DevTools for a better development experience: https://react.dev/link/react-devtools","font-weight:bold"],"stack":null}
[2026-08-16T01:56:27.541Z] {"timestamp":1786845385539,"level":"DEBUG","args":["[Manus] Debug collector initialized (no rrweb, UI events only)"],"stack":null}
[2026-08-16T01:56:27.541Z] {"timestamp":1786845385550,"level":"DEBUG","args":["[vite] connected."],"stack":null}
[2026-08-16T01:56:27.541Z] {"timestamp":1786845385632,"level":"INFO","args":["%cDownload the React DevTools for a better development experience: https://react.dev/link/react-devtools","font-weight:bold"],"stack":null}
[2026-08-16T01:56:43.727Z] {"timestamp":1786845401724,"level":"DEBUG","args":["[Manus] Debug collector initialized (no rrweb, UI events only)"],"stack":null}
[2026-08-16T01:56:43.727Z] {"timestamp":1786845401729,"level":"DEBUG","args":["[vite] connected."],"stack":null}
[2026-08-16T01:56:43.727Z] {"timestamp":1786845401795,"level":"INFO","args":["%cDownload the React DevTools for a better development experience: https://react.dev/link/react-devtools","font-weight:bold"],"stack":null}
[2026-08-16T01:59:56.622Z] {"timestamp":1786845594620,"level":"DEBUG","args":["[Manus] Debug collector initialized (no rrweb, UI events only)"],"stack":null}
[2026-08-16T01:59:56.622Z] {"timestamp":1786845594628,"level":"DEBUG","args":["[vite] connected."],"stack":null}
[2026-08-16T01:59:56.622Z] {"timestamp":1786845594694,"level":"INFO","args":["%cDownload the React DevTools for a better development experience: https://react.dev/link/react-devtools","font-weight:bold"],"stack":null}
[2026-08-16T02:00:14.171Z] {"timestamp":1786845612169,"level":"DEBUG","args":["[Manus] Debug collector initialized (no rrweb, UI events only)"],"stack":null}
[2026-08-16T02:00:14.171Z] {"timestamp":1786845612174,"level":"DEBUG","args":["[vite] connected."],"stack":null}
[2026-08-16T02:00:14.171Z] {"timestamp":1786845612256,"level":"INFO","args":["%cDownload the React DevTools for a better development experience: https://react.dev/link/react-devtools","font-weight:bold"],"stack":null}
[2026-08-16T02:00:30.174Z] {"timestamp":1786845628172,"level":"DEBUG","args":["[Manus] Debug collector initialized (no rrweb, UI events only)"],"stack":null}
[2026-08-16T02:00:30.174Z] {"timestamp":1786845628180,"level":"DEBUG","args":["[vite] connected."],"stack":null}
[2026-08-16T02:00:30.174Z] {"timestamp":1786845628264,"level":"INFO","args":["%cDownload the React DevTools for a better development experience: https://react.dev/link/react-devtools","font-weight:bold"],"stack":null}
[2026-08-16T02:00:47.047Z] {"timestamp":1786845645045,"level":"DEBUG","args":["[Manus] Debug collector initialized (no rrweb, UI events only)"],"stack":null}
[2026-08-16T02:00:47.047Z] {"timestamp":1786845645050,"level":"DEBUG","args":["[vite] connected."],"stack":null}
[2026-08-16T02:00:47.047Z] {"timestamp":1786845645124,"level":"INFO","args":["%cDownload the React DevTools for a better development experience: https://react.dev/link/react-devtools","font-weight:bold"],"stack":null}
[2026-08-16T02:01:06.701Z] {"timestamp":1786845664699,"level":"DEBUG","args":["[Manus] Debug collector initialized (no rrweb, UI events only)"],"stack":null}
[2026-08-16T02:01:06.701Z] {"timestamp":1786845664705,"level":"DEBUG","args":["[vite] connected."],"stack":null}
[2026-08-16T02:01:06.701Z] {"timestamp":1786845664787,"level":"INFO","args":["%cDownload the React DevTools for a better development experience: https://react.dev/link/react-devtools","font-weight:bold"],"stack":null}
[2026-08-16T02:01:27.105Z] {"timestamp":1786845685103,"level":"DEBUG","args":["[Manus] Debug collector initialized (no rrweb, UI events only)"],"stack":null}
[2026-08-16T02:01:27.105Z] {"timestamp":1786845685112,"level":"DEBUG","args":["[vite] connected."],"stack":null}
[2026-08-16T02:01:27.105Z] {"timestamp":1786845685175,"level":"INFO","args":["%cDownload the React DevTools for a better development experience: https://react.dev/link/react-devtools","font-weight:bold"],"stack":null}
[2026-08-16T02:01:46.390Z] {"timestamp":1786845704388,"level":"DEBUG","args":["[Manus] Debug collector initialized (no rrweb, UI events only)"],"stack":null}
[2026-08-16T02:01:46.390Z] {"timestamp":1786845704393,"level":"DEBUG","args":["[vite] connected."],"stack":null}
[2026-08-16T02:01:46.390Z] {"timestamp":1786845704478,"level":"INFO","args":["%cDownload the React DevTools for a better development experience: https://react.dev/link/react-devtools","font-weight:bold"],"stack":null}
[2026-08-16T02:02:01.320Z] {"timestamp":1786845719317,"level":"DEBUG","args":["[Manus] Debug collector initialized (no rrweb, UI events only)"],"stack":null}
[2026-08-16T02:02:01.320Z] {"timestamp":1786845719323,"level":"DEBUG","args":["[vite] connected."],"stack":null}
[2026-08-16T02:02:01.320Z] {"timestamp":1786845719390,"level":"INFO","args":["%cDownload the React DevTools for a better development experience: https://react.dev/link/react-devtools","font-weight:bold"],"stack":null}
[2026-08-16T02:03:06.643Z] {"timestamp":1786845784641,"level":"DEBUG","args":["[Manus] Debug collector initialized (no rrweb, UI events only)"],"stack":null}
[2026-08-16T02:03:06.643Z] {"timestamp":1786845784648,"level":"DEBUG","args":["[vite] connected."],"stack":null}
[2026-08-16T02:03:06.643Z] {"timestamp":1786845784714,"level":"INFO","args":["%cDownload the React DevTools for a better development experience: https://react.dev/link/react-devtools","font-weight:bold"],"stack":null}
[2026-08-16T02:03:23.480Z] {"timestamp":1786845801477,"level":"DEBUG","args":["[Manus] Debug collector initialized (no rrweb, UI events only)"],"stack":null}
[2026-08-16T02:03:23.480Z] {"timestamp":1786845801484,"level":"DEBUG","args":["[vite] connected."],"stack":null}
[2026-08-16T02:03:23.480Z] {"timestamp":1786845801553,"level":"INFO","args":["%cDownload the React DevTools for a better development experience: https://react.dev/link/react-devtools","font-weight:bold"],"stack":null}
[2026-08-16T02:03:39.833Z] {"timestamp":1786845817831,"level":"DEBUG","args":["[Manus] Debug collector initialized (no rrweb, UI events only)"],"stack":null}
[2026-08-16T02:03:39.833Z] {"timestamp":1786845817835,"level":"DEBUG","args":["[vite] connected."],"stack":null}
[2026-08-16T02:03:39.833Z] {"timestamp":1786845817901,"level":"INFO","args":["%cDownload the React DevTools for a better development experience: https://react.dev/link/react-devtools","font-weight:bold"],"stack":null}
[2026-08-16T02:03:57.192Z] {"timestamp":1786845835189,"level":"DEBUG","args":["[Manus] Debug collector initialized (no rrweb, UI events only)"],"stack":null}
[2026-08-16T02:03:57.192Z] {"timestamp":1786845835196,"level":"DEBUG","args":["[vite] connected."],"stack":null}
[2026-08-16T02:03:57.192Z] {"timestamp":1786845835265,"level":"INFO","args":["%cDownload the React DevTools for a better development experience: https://react.dev/link/react-devtools","font-weight:bold"],"stack":null}
[2026-08-16T02:04:16.921Z] {"timestamp":1786845854919,"level":"DEBUG","args":["[Manus] Debug collector initialized (no rrweb, UI events only)"],"stack":null}
[2026-08-16T02:04:16.921Z] {"timestamp":1786845854924,"level":"DEBUG","args":["[vite] connected."],"stack":null}
[2026-08-16T02:04:16.921Z] {"timestamp":1786845855006,"level":"INFO","args":["%cDownload the React DevTools for a better development experience: https://react.dev/link/react-devtools","font-weight:bold"],"stack":null}
[2026-08-16T02:04:36.444Z] {"timestamp":1786845874442,"level":"DEBUG","args":["[Manus] Debug collector initialized (no rrweb, UI events only)"],"stack":null}
[2026-08-16T02:04:36.444Z] {"timestamp":1786845874448,"level":"DEBUG","args":["[vite] connected."],"stack":null}
[2026-08-16T02:04:36.444Z] {"timestamp":1786845874519,"level":"INFO","args":["%cDownload the React DevTools for a better development experience: https://react.dev/link/react-devtools","font-weight:bold"],"stack":null}
[2026-08-16T02:04:55.429Z] {"timestamp":1786845893427,"level":"DEBUG","args":["[Manus] Debug collector initialized (no rrweb, UI events only)"],"stack":null}
[2026-08-16T02:04:55.429Z] {"timestamp":1786845893433,"level":"DEBUG","args":["[vite] connected."],"stack":null}
[2026-08-16T02:04:55.429Z] {"timestamp":1786845893506,"level":"INFO","args":["%cDownload the React DevTools for a better development experience: https://react.dev/link/react-devtools","font-weight:bold"],"stack":null}
[2026-08-16T02:05:11.847Z] {"timestamp":1786845909844,"level":"DEBUG","args":["[Manus] Debug collector initialized (no rrweb, UI events only)"],"stack":null}
[2026-08-16T02:05:11.847Z] {"timestamp":1786845909848,"level":"DEBUG","args":["[vite] connected."],"stack":null}
[2026-08-16T02:05:11.847Z] {"timestamp":1786845909916,"level":"INFO","args":["%cDownload the React DevTools for a better development experience: https://react.dev/link/react-devtools","font-weight:bold"],"stack":null}
[2026-08-16T02:07:57.489Z] {"timestamp":1786846075486,"level":"DEBUG","args":["[Manus] Debug collector initialized (no rrweb, UI events only)"],"stack":null}
[2026-08-16T02:07:57.489Z] {"timestamp":1786846075492,"level":"DEBUG","args":["[vite] connected."],"stack":null}
[2026-08-16T02:07:57.489Z] {"timestamp":1786846075543,"level":"INFO","args":["%cDownload the React DevTools for a better development experience: https://react.dev/link/react-devtools","font-weight:bold"],"stack":null}
[2026-08-16T02:08:47.296Z] {"timestamp":1786846125293,"level":"DEBUG","args":["[Manus] Debug collector initialized (no rrweb, UI events only)"],"stack":null}
[2026-08-16T02:08:47.296Z] {"timestamp":1786846125301,"level":"DEBUG","args":["[vite] connected."],"stack":null}
[2026-08-16T02:08:47.296Z] {"timestamp":1786846125355,"level":"INFO","args":["%cDownload the React DevTools for a better development experience: https://react.dev/link/react-devtools","font-weight:bold"],"stack":null}
[2026-08-16T02:09:22.785Z] {"timestamp":1786846160782,"level":"DEBUG","args":["[Manus] Debug collector initialized (no rrweb, UI events only)"],"stack":null}
[2026-08-16T02:09:22.785Z] {"timestamp":1786846160789,"level":"DEBUG","args":["[vite] connected."],"stack":null}
[2026-08-16T02:09:22.785Z] {"timestamp":1786846160869,"level":"INFO","args":["%cDownload the React DevTools for a better development experience: https://react.dev/link/react-devtools","font-weight:bold"],"stack":null}
[2026-08-16T02:09:38.895Z] {"timestamp":1786846176893,"level":"DEBUG","args":["[Manus] Debug collector initialized (no rrweb, UI events only)"],"stack":null}
[2026-08-16T02:09:38.895Z] {"timestamp":1786846176900,"level":"DEBUG","args":["[vite] connected."],"stack":null}
[2026-08-16T02:09:38.895Z] {"timestamp":1786846176970,"level":"INFO","args":["%cDownload the React DevTools for a better development experience: https://react.dev/link/react-devtools","font-weight:bold"],"stack":null}
[2026-08-16T02:09:54.854Z] {"timestamp":1786846192852,"level":"DEBUG","args":["[Manus] Debug collector initialized (no rrweb, UI events only)"],"stack":null}
[2026-08-16T02:09:54.854Z] {"timestamp":1786846192860,"level":"DEBUG","args":["[vite] connected."],"stack":null}
[2026-08-16T02:09:54.854Z] {"timestamp":1786846192933,"level":"INFO","args":["%cDownload the React DevTools for a better development experience: https://react.dev/link/react-devtools","font-weight:bold"],"stack":null}
[2026-08-16T02:10:10.941Z] {"timestamp":1786846208939,"level":"DEBUG","args":["[Manus] Debug collector initialized (no rrweb, UI events only)"],"stack":null}
[2026-08-16T02:10:10.941Z] {"timestamp":1786846208944,"level":"DEBUG","args":["[vite] connected."],"stack":null}
[2026-08-16T02:10:10.941Z] {"timestamp":1786846209014,"level":"INFO","args":["%cDownload the React DevTools for a better development experience: https://react.dev/link/react-devtools","font-weight:bold"],"stack":null}
[2026-08-16T02:10:31.070Z] {"timestamp":1786846229068,"level":"DEBUG","args":["[Manus] Debug collector initialized (no rrweb, UI events only)"],"stack":null}
[2026-08-16T02:10:31.070Z] {"timestamp":1786846229074,"level":"DEBUG","args":["[vite] connected."],"stack":null}
[2026-08-16T02:10:31.070Z] {"timestamp":1786846229153,"level":"INFO","args":["%cDownload the React DevTools for a better development experience: https://react.dev/link/react-devtools","font-weight:bold"],"stack":null}
[2026-08-16T02:10:54.429Z] {"timestamp":1786846252427,"level":"DEBUG","args":["[Manus] Debug collector initialized (no rrweb, UI events only)"],"stack":null}
[2026-08-16T02:10:54.429Z] {"timestamp":1786846252431,"level":"DEBUG","args":["[vite] connected."],"stack":null}
[2026-08-16T02:10:54.429Z] {"timestamp":1786846252494,"level":"INFO","args":["%cDownload the React DevTools for a better development experience: https://react.dev/link/react-devtools","font-weight:bold"],"stack":null}
[2026-08-16T02:11:43.825Z] {"timestamp":1786846301823,"level":"DEBUG","args":["[Manus] Debug collector initialized (no rrweb, UI events only)"],"stack":null}
[2026-08-16T02:11:43.825Z] {"timestamp":1786846301831,"level":"DEBUG","args":["[vite] connected."],"stack":null}
[2026-08-16T02:11:43.825Z] {"timestamp":1786846301900,"level":"INFO","args":["%cDownload the React DevTools for a better development experience: https://react.dev/link/react-devtools","font-weight:bold"],"stack":null}
[2026-08-16T02:12:01.465Z] {"timestamp":1786846319463,"level":"DEBUG","args":["[Manus] Debug collector initialized (no rrweb, UI events only)"],"stack":null}
[2026-08-16T02:12:01.465Z] {"timestamp":1786846319468,"level":"DEBUG","args":["[vite] connected."],"stack":null}
[2026-08-16T02:12:01.465Z] {"timestamp":1786846319540,"level":"INFO","args":["%cDownload the React DevTools for a better development experience: https://react.dev/link/react-devtools","font-weight:bold"],"stack":null}
[2026-08-16T02:12:16.628Z] {"timestamp":1786846334625,"level":"DEBUG","args":["[Manus] Debug collector initialized (no rrweb, UI events only)"],"stack":null}
[2026-08-16T02:12:16.628Z] {"timestamp":1786846334631,"level":"DEBUG","args":["[vite] connected."],"stack":null}
[2026-08-16T02:12:16.628Z] {"timestamp":1786846334707,"level":"INFO","args":["%cDownload the React DevTools for a better development experience: https://react.dev/link/react-devtools","font-weight:bold"],"stack":null}
[2026-08-16T02:12:33.836Z] {"timestamp":1786846351834,"level":"DEBUG","args":["[Manus] Debug collector initialized (no rrweb, UI events only)"],"stack":null}
[2026-08-16T02:12:33.836Z] {"timestamp":1786846351840,"level":"DEBUG","args":["[vite] connected."],"stack":null}
[2026-08-16T02:12:33.836Z] {"timestamp":1786846351912,"level":"INFO","args":["%cDownload the React DevTools for a better development experience: https://react.dev/link/react-devtools","font-weight:bold"],"stack":null}
[2026-08-16T02:12:52.684Z] {"timestamp":1786846370681,"level":"DEBUG","args":["[Manus] Debug collector initialized (no rrweb, UI events only)"],"stack":null}
[2026-08-16T02:12:52.684Z] {"timestamp":1786846370688,"level":"DEBUG","args":["[vite] connected."],"stack":null}
[2026-08-16T02:12:52.684Z] {"timestamp":1786846370755,"level":"INFO","args":["%cDownload the React DevTools for a better development experience: https://react.dev/link/react-devtools","font-weight:bold"],"stack":null}
[2026-08-16T02:13:14.408Z] {"timestamp":1786846392406,"level":"DEBUG","args":["[Manus] Debug collector initialized (no rrweb, UI events only)"],"stack":null}
[2026-08-16T02:13:14.408Z] {"timestamp":1786846392410,"level":"DEBUG","args":["[vite] connected."],"stack":null}
[2026-08-16T02:13:14.408Z] {"timestamp":1786846392485,"level":"INFO","args":["%cDownload the React DevTools for a better development experience: https://react.dev/link/react-devtools","font-weight:bold"],"stack":null}
[2026-08-16T02:14:09.837Z] {"timestamp":1786846447835,"level":"DEBUG","args":["[Manus] Debug collector initialized (no rrweb, UI events only)"],"stack":null}
[2026-08-16T02:14:09.837Z] {"timestamp":1786846447840,"level":"DEBUG","args":["[vite] connected."],"stack":null}
[2026-08-16T02:14:09.837Z] {"timestamp":1786846447908,"level":"INFO","args":["%cDownload the React DevTools for a better development experience: https://react.dev/link/react-devtools","font-weight:bold"],"stack":null}
[2026-08-16T02:14:29.008Z] {"timestamp":1786846467005,"level":"DEBUG","args":["[Manus] Debug collector initialized (no rrweb, UI events only)"],"stack":null}
[2026-08-16T02:14:29.008Z] {"timestamp":1786846467015,"level":"DEBUG","args":["[vite] connected."],"stack":null}
[2026-08-16T02:14:29.008Z] {"timestamp":1786846467083,"level":"INFO","args":["%cDownload the React DevTools for a better development experience: https://react.dev/link/react-devtools","font-weight:bold"],"stack":null}
[2026-08-16T02:14:44.912Z] {"timestamp":1786846482910,"level":"DEBUG","args":["[Manus] Debug collector initialized (no rrweb, UI events only)"],"stack":null}
[2026-08-16T02:14:44.912Z] {"timestamp":1786846482921,"level":"DEBUG","args":["[vite] connected."],"stack":null}
[2026-08-16T02:14:44.912Z] {"timestamp":1786846482986,"level":"INFO","args":["%cDownload the React DevTools for a better development experience: https://react.dev/link/react-devtools","font-weight:bold"],"stack":null}
[2026-08-16T02:15:02.881Z] {"timestamp":1786846500878,"level":"DEBUG","args":["[Manus] Debug collector initialized (no rrweb, UI events only)"],"stack":null}
[2026-08-16T02:15:02.881Z] {"timestamp":1786846500883,"level":"DEBUG","args":["[vite] connected."],"stack":null}
[2026-08-16T02:15:02.881Z] {"timestamp":1786846500952,"level":"INFO","args":["%cDownload the React DevTools for a better development experience: https://react.dev/link/react-devtools","font-weight:bold"],"stack":null}
[2026-08-16T02:15:22.786Z] {"timestamp":1786846520784,"level":"DEBUG","args":["[Manus] Debug collector initialized (no rrweb, UI events only)"],"stack":null}
[2026-08-16T02:15:22.786Z] {"timestamp":1786846520791,"level":"DEBUG","args":["[vite] connected."],"stack":null}
[2026-08-16T02:15:22.786Z] {"timestamp":1786846520865,"level":"INFO","args":["%cDownload the React DevTools for a better development experience: https://react.dev/link/react-devtools","font-weight:bold"],"stack":null}
[2026-08-16T02:15:44.131Z] {"timestamp":1786846542129,"level":"DEBUG","args":["[Manus] Debug collector initialized (no rrweb, UI events only)"],"stack":null}
[2026-08-16T02:15:44.131Z] {"timestamp":1786846542135,"level":"DEBUG","args":["[vite] connected."],"stack":null}
[2026-08-16T02:15:44.131Z] {"timestamp":1786846542208,"level":"INFO","args":["%cDownload the React DevTools for a better development experience: https://react.dev/link/react-devtools","font-weight:bold"],"stack":null}
[2026-08-16T02:17:03.754Z] {"timestamp":1786846621751,"level":"DEBUG","args":["[Manus] Debug collector initialized (no rrweb, UI events only)"],"stack":null}
[2026-08-16T02:17:03.754Z] {"timestamp":1786846621759,"level":"DEBUG","args":["[vite] connected."],"stack":null}
[2026-08-16T02:17:03.754Z] {"timestamp":1786846621811,"level":"INFO","args":["%cDownload the React DevTools for a better development experience: https://react.dev/link/react-devtools","font-weight:bold"],"stack":null}
[2026-08-16T02:18:39.506Z] {"timestamp":1786846717504,"level":"DEBUG","args":["[Manus] Debug collector initialized (no rrweb, UI events only)"],"stack":null}
[2026-08-16T02:18:39.506Z] {"timestamp":1786846717510,"level":"DEBUG","args":["[vite] connected."],"stack":null}
[2026-08-16T02:18:39.506Z] {"timestamp":1786846717585,"level":"INFO","args":["%cDownload the React DevTools for a better development experience: https://react.dev/link/react-devtools","font-weight:bold"],"stack":null}
[2026-08-16T02:18:57.161Z] {"timestamp":1786846735159,"level":"DEBUG","args":["[Manus] Debug collector initialized (no rrweb, UI events only)"],"stack":null}
[2026-08-16T02:18:57.161Z] {"timestamp":1786846735165,"level":"DEBUG","args":["[vite] connected."],"stack":null}
[2026-08-16T02:18:57.161Z] {"timestamp":1786846735234,"level":"INFO","args":["%cDownload the React DevTools for a better development experience: https://react.dev/link/react-devtools","font-weight:bold"],"stack":null}
[2026-08-16T02:19:13.329Z] {"timestamp":1786846751327,"level":"DEBUG","args":["[Manus] Debug collector initialized (no rrweb, UI events only)"],"stack":null}
[2026-08-16T02:19:13.329Z] {"timestamp":1786846751332,"level":"DEBUG","args":["[vite] connected."],"stack":null}
[2026-08-16T02:19:13.329Z] {"timestamp":1786846751400,"level":"INFO","args":["%cDownload the React DevTools for a better development experience: https://react.dev/link/react-devtools","font-weight:bold"],"stack":null}
[2026-08-16T02:19:30.843Z] {"timestamp":1786846768841,"level":"DEBUG","args":["[Manus] Debug collector initialized (no rrweb, UI events only)"],"stack":null}
[2026-08-16T02:19:30.843Z] {"timestamp":1786846768845,"level":"DEBUG","args":["[vite] connected."],"stack":null}
[2026-08-16T02:19:30.843Z] {"timestamp":1786846768917,"level":"INFO","args":["%cDownload the React DevTools for a better development experience: https://react.dev/link/react-devtools","font-weight:bold"],"stack":null}
[2026-08-16T02:19:51.327Z] {"timestamp":1786846789325,"level":"DEBUG","args":["[Manus] Debug collector initialized (no rrweb, UI events only)"],"stack":null}
[2026-08-16T02:19:51.327Z] {"timestamp":1786846789331,"level":"DEBUG","args":["[vite] connected."],"stack":null}
[2026-08-16T02:19:51.327Z] {"timestamp":1786846789406,"level":"INFO","args":["%cDownload the React DevTools for a better development experience: https://react.dev/link/react-devtools","font-weight:bold"],"stack":null}
[2026-08-16T02:20:10.560Z] {"timestamp":1786846808558,"level":"DEBUG","args":["[Manus] Debug collector initialized (no rrweb, UI events only)"],"stack":null}
[2026-08-16T02:20:10.560Z] {"timestamp":1786846808565,"level":"DEBUG","args":["[vite] connected."],"stack":null}
[2026-08-16T02:20:10.560Z] {"timestamp":1786846808638,"level":"INFO","args":["%cDownload the React DevTools for a better development experience: https://react.dev/link/react-devtools","font-weight:bold"],"stack":null}
[2026-08-16T02:22:23.063Z] {"timestamp":1786846941061,"level":"DEBUG","args":["[Manus] Debug collector initialized (no rrweb, UI events only)"],"stack":null}
[2026-08-16T02:22:23.063Z] {"timestamp":1786846941067,"level":"DEBUG","args":["[vite] connected."],"stack":null}
[2026-08-16T02:22:23.063Z] {"timestamp":1786846941143,"level":"INFO","args":["%cDownload the React DevTools for a better development experience: https://react.dev/link/react-devtools","font-weight:bold"],"stack":null}
[2026-08-16T02:22:40.262Z] {"timestamp":1786846958260,"level":"DEBUG","args":["[Manus] Debug collector initialized (no rrweb, UI events only)"],"stack":null}
[2026-08-16T02:22:40.262Z] {"timestamp":1786846958267,"level":"DEBUG","args":["[vite] connected."],"stack":null}
[2026-08-16T02:22:40.262Z] {"timestamp":1786846958337,"level":"INFO","args":["%cDownload the React DevTools for a better development experience: https://react.dev/link/react-devtools","font-weight:bold"],"stack":null}
[2026-08-16T02:24:25.024Z] {"timestamp":1786847063022,"level":"DEBUG","args":["[Manus] Debug collector initialized (no rrweb, UI events only)"],"stack":null}
[2026-08-16T02:24:25.024Z] {"timestamp":1786847063027,"level":"DEBUG","args":["[vite] connected."],"stack":null}
[2026-08-16T02:24:25.024Z] {"timestamp":1786847063099,"level":"INFO","args":["%cDownload the React DevTools for a better development experience: https://react.dev/link/react-devtools","font-weight:bold"],"stack":null}
[2026-08-16T02:24:42.286Z] {"timestamp":1786847080284,"level":"DEBUG","args":["[Manus] Debug collector initialized (no rrweb, UI events only)"],"stack":null}
[2026-08-16T02:24:42.286Z] {"timestamp":1786847080292,"level":"DEBUG","args":["[vite] connected."],"stack":null}
[2026-08-16T02:24:42.286Z] {"timestamp":1786847080356,"level":"INFO","args":["%cDownload the React DevTools for a better development experience: https://react.dev/link/react-devtools","font-weight:bold"],"stack":null}
[2026-08-16T02:24:59.000Z] {"timestamp":1786847096998,"level":"DEBUG","args":["[Manus] Debug collector initialized (no rrweb, UI events only)"],"stack":null}
[2026-08-16T02:24:59.000Z] {"timestamp":1786847097003,"level":"DEBUG","args":["[vite] connected."],"stack":null}
[2026-08-16T02:24:59.000Z] {"timestamp":1786847097070,"level":"INFO","args":["%cDownload the React DevTools for a better development experience: https://react.dev/link/react-devtools","font-weight:bold"],"stack":null}
[2026-08-16T02:25:16.766Z] {"timestamp":1786847114764,"level":"DEBUG","args":["[Manus] Debug collector initialized (no rrweb, UI events only)"],"stack":null}
[2026-08-16T02:25:16.766Z] {"timestamp":1786847114771,"level":"DEBUG","args":["[vite] connected."],"stack":null}
[2026-08-16T02:25:16.766Z] {"timestamp":1786847114839,"level":"INFO","args":["%cDownload the React DevTools for a better development experience: https://react.dev/link/react-devtools","font-weight:bold"],"stack":null}
[2026-08-16T02:25:37.454Z] {"timestamp":1786847135452,"level":"DEBUG","args":["[Manus] Debug collector initialized (no rrweb, UI events only)"],"stack":null}
[2026-08-16T02:25:37.454Z] {"timestamp":1786847135457,"level":"DEBUG","args":["[vite] connected."],"stack":null}
[2026-08-16T02:25:37.454Z] {"timestamp":1786847135521,"level":"INFO","args":["%cDownload the React DevTools for a better development experience: https://react.dev/link/react-devtools","font-weight:bold"],"stack":null}
[2026-08-16T02:25:57.969Z] {"timestamp":1786847155967,"level":"DEBUG","args":["[Manus] Debug collector initialized (no rrweb, UI events only)"],"stack":null}
[2026-08-16T02:25:57.969Z] {"timestamp":1786847155979,"level":"DEBUG","args":["[vite] connected."],"stack":null}
[2026-08-16T02:25:57.969Z] {"timestamp":1786847156036,"level":"INFO","args":["%cDownload the React DevTools for a better development experience: https://react.dev/link/react-devtools","font-weight:bold"],"stack":null}
[2026-08-16T02:27:52.226Z] {"timestamp":1786847270224,"level":"DEBUG","args":["[Manus] Debug collector initialized (no rrweb, UI events only)"],"stack":null}
[2026-08-16T02:27:52.226Z] {"timestamp":1786847270229,"level":"DEBUG","args":["[vite] connected."],"stack":null}
[2026-08-16T02:27:52.226Z] {"timestamp":1786847270298,"level":"INFO","args":["%cDownload the React DevTools for a better development experience: https://react.dev/link/react-devtools","font-weight:bold"],"stack":null}
[2026-08-16T02:28:09.469Z] {"timestamp":1786847287467,"level":"DEBUG","args":["[Manus] Debug collector initialized (no rrweb, UI events only)"],"stack":null}
[2026-08-16T02:28:09.469Z] {"timestamp":1786847287476,"level":"DEBUG","args":["[vite] connected."],"stack":null}
[2026-08-16T02:28:09.469Z] {"timestamp":1786847287539,"level":"INFO","args":["%cDownload the React DevTools for a better development experience: https://react.dev/link/react-devtools","font-weight:bold"],"stack":null}
[2026-08-16T02:28:25.419Z] {"timestamp":1786847303416,"level":"DEBUG","args":["[Manus] Debug collector initialized (no rrweb, UI events only)"],"stack":null}
[2026-08-16T02:28:25.419Z] {"timestamp":1786847303425,"level":"DEBUG","args":["[vite] connected."],"stack":null}
[2026-08-16T02:28:25.419Z] {"timestamp":1786847303489,"level":"INFO","args":["%cDownload the React DevTools for a better development experience: https://react.dev/link/react-devtools","font-weight:bold"],"stack":null}
[2026-08-16T02:28:40.520Z] {"timestamp":1786847318517,"level":"DEBUG","args":["[Manus] Debug collector initialized (no rrweb, UI events only)"],"stack":null}
[2026-08-16T02:28:40.520Z] {"timestamp":1786847318523,"level":"DEBUG","args":["[vite] connected."],"stack":null}
[2026-08-16T02:28:40.520Z] {"timestamp":1786847318590,"level":"INFO","args":["%cDownload the React DevTools for a better development experience: https://react.dev/link/react-devtools","font-weight:bold"],"stack":null}
[2026-08-16T02:28:59.611Z] {"timestamp":1786847337609,"level":"DEBUG","args":["[Manus] Debug collector initialized (no rrweb, UI events only)"],"stack":null}
[2026-08-16T02:28:59.611Z] {"timestamp":1786847337614,"level":"DEBUG","args":["[vite] connected."],"stack":null}
[2026-08-16T02:28:59.611Z] {"timestamp":1786847337679,"level":"INFO","args":["%cDownload the React DevTools for a better development experience: https://react.dev/link/react-devtools","font-weight:bold"],"stack":null}
[2026-08-16T02:29:18.733Z] {"timestamp":1786847356731,"level":"DEBUG","args":["[Manus] Debug collector initialized (no rrweb, UI events only)"],"stack":null}
[2026-08-16T02:29:18.733Z] {"timestamp":1786847356737,"level":"DEBUG","args":["[vite] connected."],"stack":null}
[2026-08-16T02:29:18.733Z] {"timestamp":1786847356803,"level":"INFO","args":["%cDownload the React DevTools for a better development experience: https://react.dev/link/react-devtools","font-weight:bold"],"stack":null}
[2026-08-16T02:29:39.502Z] {"timestamp":1786847377499,"level":"DEBUG","args":["[Manus] Debug collector initialized (no rrweb, UI events only)"],"stack":null}
[2026-08-16T02:29:39.502Z] {"timestamp":1786847377513,"level":"DEBUG","args":["[vite] connected."],"stack":null}
[2026-08-16T02:29:39.502Z] {"timestamp":1786847377584,"level":"INFO","args":["%cDownload the React DevTools for a better development experience: https://react.dev/link/react-devtools","font-weight:bold"],"stack":null}
[2026-08-16T02:31:24.277Z] {"timestamp":1786847482275,"level":"DEBUG","args":["[Manus] Debug collector initialized (no rrweb, UI events only)"],"stack":null}
[2026-08-16T02:31:24.277Z] {"timestamp":1786847482280,"level":"DEBUG","args":["[vite] connected."],"stack":null}
[2026-08-16T02:31:24.277Z] {"timestamp":1786847482346,"level":"INFO","args":["%cDownload the React DevTools for a better development experience: https://react.dev/link/react-devtools","font-weight:bold"],"stack":null}
[2026-08-16T02:31:43.436Z] {"timestamp":1786847501434,"level":"DEBUG","args":["[Manus] Debug collector initialized (no rrweb, UI events only)"],"stack":null}
[2026-08-16T02:31:43.436Z] {"timestamp":1786847501443,"level":"DEBUG","args":["[vite] connected."],"stack":null}
[2026-08-16T02:31:43.436Z] {"timestamp":1786847501509,"level":"INFO","args":["%cDownload the React DevTools for a better development experience: https://react.dev/link/react-devtools","font-weight:bold"],"stack":null}
[2026-08-16T02:32:15.927Z] {"timestamp":1786847533925,"level":"DEBUG","args":["[Manus] Debug collector initialized (no rrweb, UI events only)"],"stack":null}
[2026-08-16T02:32:15.927Z] {"timestamp":1786847533930,"level":"DEBUG","args":["[vite] connected."],"stack":null}
[2026-08-16T02:32:15.927Z] {"timestamp":1786847534003,"level":"INFO","args":["%cDownload the React DevTools for a better development experience: https://react.dev/link/react-devtools","font-weight:bold"],"stack":null}
[2026-08-16T02:32:36.795Z] {"timestamp":1786847554793,"level":"DEBUG","args":["[Manus] Debug collector initialized (no rrweb, UI events only)"],"stack":null}
[2026-08-16T02:32:36.795Z] {"timestamp":1786847554797,"level":"DEBUG","args":["[vite] connected."],"stack":null}
[2026-08-16T02:32:36.795Z] {"timestamp":1786847554876,"level":"INFO","args":["%cDownload the React DevTools for a better development experience: https://react.dev/link/react-devtools","font-weight:bold"],"stack":null}
[2026-08-16T02:32:58.924Z] {"timestamp":1786847576922,"level":"DEBUG","args":["[Manus] Debug collector initialized (no rrweb, UI events only)"],"stack":null}
[2026-08-16T02:32:58.925Z] {"timestamp":1786847576929,"level":"DEBUG","args":["[vite] connected."],"stack":null}
[2026-08-16T02:32:58.925Z] {"timestamp":1786847577006,"level":"INFO","args":["%cDownload the React DevTools for a better development experience: https://react.dev/link/react-devtools","font-weight:bold"],"stack":null}
[2026-08-16T02:33:22.131Z] {"timestamp":1786847600129,"level":"DEBUG","args":["[Manus] Debug collector initialized (no rrweb, UI events only)"],"stack":null}
[2026-08-16T02:33:22.131Z] {"timestamp":1786847600138,"level":"DEBUG","args":["[vite] connected."],"stack":null}
[2026-08-16T02:33:22.131Z] {"timestamp":1786847600214,"level":"INFO","args":["%cDownload the React DevTools for a better development experience: https://react.dev/link/react-devtools","font-weight:bold"],"stack":null}
[2026-08-16T02:33:38.387Z] {"timestamp":1786847616384,"level":"DEBUG","args":["[Manus] Debug collector initialized (no rrweb, UI events only)"],"stack":null}
[2026-08-16T02:33:38.387Z] {"timestamp":1786847616391,"level":"DEBUG","args":["[vite] connected."],"stack":null}
[2026-08-16T02:33:38.387Z] {"timestamp":1786847616459,"level":"INFO","args":["%cDownload the React DevTools for a better development experience: https://react.dev/link/react-devtools","font-weight:bold"],"stack":null}
[2026-08-16T02:46:25.748Z] {"timestamp":1786848384208,"level":"DEBUG","args":["[Manus] Debug collector initialized (no rrweb, UI events only)"],"stack":null}
[2026-08-16T02:46:25.748Z] {"timestamp":1786848385354,"level":"DEBUG","args":["[vite] connected."],"stack":null}
[2026-08-16T02:46:25.748Z] {"timestamp":1786848386308,"level":"INFO","args":["%cDownload the React DevTools for a better development experience: https://react.dev/link/react-devtools","font-weight:bold"],"stack":null}
[2026-08-16T02:46:29.438Z] {"timestamp":1786848387914,"level":"DEBUG","args":["[Manus] Debug collector initialized (no rrweb, UI events only)"],"stack":null}
[2026-08-16T02:46:29.438Z] {"timestamp":1786848388462,"level":"DEBUG","args":["[vite] connected."],"stack":null}
[2026-08-16T02:47:19.733Z] {"timestamp":1786848440344,"level":"WARN","args":["Warning: Missing `Description` or `aria-describedby={undefined}` for {DialogContent}."],"stack":null}
[2026-08-16T02:49:48.887Z] {"timestamp":1786848587525,"level":"DEBUG","args":["[Manus] Debug collector initialized (no rrweb, UI events only)"],"stack":null}
[2026-08-16T02:49:48.887Z] {"timestamp":1786848588435,"level":"DEBUG","args":["[vite] connected."],"stack":null}
[2026-08-16T02:49:53.744Z] {"timestamp":1786848592367,"level":"DEBUG","args":["[Manus] Debug collector initialized (no rrweb, UI events only)"],"stack":null}
[2026-08-16T02:49:53.744Z] {"timestamp":1786848592927,"level":"DEBUG","args":["[vite] connected."],"stack":null}
[2026-08-16T02:51:12.121Z] {"timestamp":1786848671950,"level":"LOG","args":["[vite] server connection lost. Polling for restart..."],"stack":null}
[2026-08-16T02:51:15.336Z] {"timestamp":1786848673993,"level":"DEBUG","args":["[Manus] Debug collector initialized (no rrweb, UI events only)"],"stack":null}
[2026-08-16T02:51:15.336Z] {"timestamp":1786848674537,"level":"DEBUG","args":["[vite] connected."],"stack":null}
[2026-08-16T02:51:15.336Z] {"timestamp":1786848674607,"level":"INFO","args":["%cDownload the React DevTools for a better development experience: https://react.dev/link/react-devtools","font-weight:bold"],"stack":null}
[2026-08-16T02:51:18.401Z] {"timestamp":1786848677050,"level":"DEBUG","args":["[Manus] Debug collector initialized (no rrweb, UI events only)"],"stack":null}
[2026-08-16T02:51:18.401Z] {"timestamp":1786848677441,"level":"INFO","args":["%cDownload the React DevTools for a better development experience: https://react.dev/link/react-devtools","font-weight:bold"],"stack":null}
[2026-08-16T02:51:18.401Z] {"timestamp":1786848677580,"level":"DEBUG","args":["[vite] connected."],"stack":null}
[2026-08-16T02:59:50.454Z] {"timestamp":1786849188399,"level":"DEBUG","args":["[Manus] Debug collector initialized (no rrweb, UI events only)"],"stack":null}
[2026-08-16T02:59:50.454Z] {"timestamp":1786849189500,"level":"DEBUG","args":["[vite] connected."],"stack":null}
[2026-08-16T03:00:00.733Z] {"timestamp":1786849198551,"level":"DEBUG","args":["[Manus] Debug collector initialized (no rrweb, UI events only)"],"stack":null}
[2026-08-16T03:00:00.733Z] {"timestamp":1786849199299,"level":"DEBUG","args":["[vite] connected."],"stack":null}
[2026-08-16T03:00:04.734Z] {"timestamp":1786849203399,"level":"DEBUG","args":["[Manus] Debug collector initialized (no rrweb, UI events only)"],"stack":null}
[2026-08-16T03:00:04.734Z] {"timestamp":1786849204162,"level":"DEBUG","args":["[vite] connected."],"stack":null}
[2026-08-16T03:00:08.810Z] {"timestamp":1786849206967,"level":"DEBUG","args":["[Manus] Debug collector initialized (no rrweb, UI events only)"],"stack":null}
[2026-08-16T03:00:08.810Z] {"timestamp":1786849207668,"level":"DEBUG","args":["[vite] connected."],"stack":null}
[2026-08-16T03:00:13.773Z] {"timestamp":1786849211519,"level":"DEBUG","args":["[Manus] Debug collector initialized (no rrweb, UI events only)"],"stack":null}
[2026-08-16T03:00:13.773Z] {"timestamp":1786849212622,"level":"DEBUG","args":["[vite] connected."],"stack":null}
[2026-08-16T03:00:50.745Z] {"timestamp":1786849249266,"level":"DEBUG","args":["[Manus] Debug collector initialized (no rrweb, UI events only)"],"stack":null}
[2026-08-16T03:00:50.745Z] {"timestamp":1786849249800,"level":"DEBUG","args":["[vite] connected."],"stack":null}
[2026-08-16T03:03:04.100Z] {"timestamp":1786849383849,"level":"LOG","args":["[vite] server connection lost. Polling for restart..."],"stack":null}
[2026-08-16T03:03:07.065Z] {"timestamp":1786849385710,"level":"DEBUG","args":["[Manus] Debug collector initialized (no rrweb, UI events only)"],"stack":null}
[2026-08-16T03:03:07.065Z] {"timestamp":1786849386503,"level":"INFO","args":["%cDownload the React DevTools for a better development experience: https://react.dev/link/react-devtools","font-weight:bold"],"stack":null}
[2026-08-16T03:03:07.065Z] {"timestamp":1786849387275,"level":"DEBUG","args":["[vite] connected."],"stack":null}
[2026-08-16T03:03:19.776Z] {"timestamp":1786849397711,"level":"DEBUG","args":["[Manus] Debug collector initialized (no rrweb, UI events only)"],"stack":null}
[2026-08-16T03:03:19.776Z] {"timestamp":1786849398712,"level":"DEBUG","args":["[vite] connected."],"stack":null}
[2026-08-16T03:03:43.850Z] {"timestamp":1786849422061,"level":"DEBUG","args":["[Manus] Debug collector initialized (no rrweb, UI events only)"],"stack":null}
[2026-08-16T03:03:43.850Z] {"timestamp":1786849422594,"level":"DEBUG","args":["[vite] connected."],"stack":null}
[2026-08-16T13:10:46.514Z] {"timestamp":1786885845972,"level":"DEBUG","args":["[Manus] Debug collector initialized (no rrweb, UI events only)"],"stack":null}
[2026-08-16T13:10:46.514Z] {"timestamp":1786885846521,"level":"DEBUG","args":["[vite] connected."],"stack":null}
[2026-08-16T13:47:11.118Z] {"timestamp":1786888029412,"level":"DEBUG","args":["[Manus] Debug collector initialized (no rrweb, UI events only)"],"stack":null}
[2026-08-16T13:47:11.119Z] {"timestamp":1786888030035,"level":"DEBUG","args":["[vite] connected."],"stack":null}
[2026-08-16T13:47:16.902Z] {"timestamp":1786888036099,"level":"DEBUG","args":["[Manus] Debug collector initialized (no rrweb, UI events only)"],"stack":null}
[2026-08-16T13:47:16.902Z] {"timestamp":1786888037028,"level":"DEBUG","args":["[vite] connected."],"stack":null}
[2026-08-16T13:48:23.242Z] {"timestamp":1786888102649,"level":"DEBUG","args":["[Manus] Debug collector initialized (no rrweb, UI events only)"],"stack":null}
[2026-08-16T13:48:23.242Z] {"timestamp":1786888103286,"level":"DEBUG","args":["[vite] connected."],"stack":null}
[2026-08-16T13:48:23.242Z] {"timestamp":1786888103303,"level":"INFO","args":["%cDownload the React DevTools for a better development experience: https://react.dev/link/react-devtools","font-weight:bold"],"stack":null}
[2026-08-16T13:58:45.246Z] {"timestamp":1786888723244,"level":"DEBUG","args":["[Manus] Debug collector initialized (no rrweb, UI events only)"],"stack":null}
[2026-08-16T13:58:45.246Z] {"timestamp":1786888723251,"level":"DEBUG","args":["[vite] connected."],"stack":null}
[2026-08-16T13:58:45.246Z] {"timestamp":1786888723329,"level":"INFO","args":["%cDownload the React DevTools for a better development experience: https://react.dev/link/react-devtools","font-weight:bold"],"stack":null}
[2026-08-16T13:59:12.395Z] {"timestamp":1786888750393,"level":"DEBUG","args":["[Manus] Debug collector initialized (no rrweb, UI events only)"],"stack":null}
[2026-08-16T13:59:12.396Z] {"timestamp":1786888750402,"level":"DEBUG","args":["[vite] connected."],"stack":null}
[2026-08-16T13:59:12.396Z] {"timestamp":1786888750480,"level":"INFO","args":["%cDownload the React DevTools for a better development experience: https://react.dev/link/react-devtools","font-weight:bold"],"stack":null}
[2026-08-16T13:59:55.308Z] {"timestamp":1786888793306,"level":"DEBUG","args":["[Manus] Debug collector initialized (no rrweb, UI events only)"],"stack":null}
[2026-08-16T13:59:55.308Z] {"timestamp":1786888793317,"level":"DEBUG","args":["[vite] connected."],"stack":null}
[2026-08-16T13:59:55.308Z] {"timestamp":1786888793392,"level":"INFO","args":["%cDownload the React DevTools for a better development experience: https://react.dev/link/react-devtools","font-weight:bold"],"stack":null}
[2026-08-16T14:00:37.555Z] {"timestamp":1786888835553,"level":"DEBUG","args":["[Manus] Debug collector initialized (no rrweb, UI events only)"],"stack":null}
[2026-08-16T14:00:37.555Z] {"timestamp":1786888835559,"level":"DEBUG","args":["[vite] connected."],"stack":null}
[2026-08-16T14:00:37.555Z] {"timestamp":1786888835641,"level":"INFO","args":["%cDownload the React DevTools for a better development experience: https://react.dev/link/react-devtools","font-weight:bold"],"stack":null}
[2026-08-16T14:01:20.289Z] {"timestamp":1786888878287,"level":"DEBUG","args":["[Manus] Debug collector initialized (no rrweb, UI events only)"],"stack":null}
[2026-08-16T14:01:20.289Z] {"timestamp":1786888878292,"level":"DEBUG","args":["[vite] connected."],"stack":null}
[2026-08-16T14:01:20.289Z] {"timestamp":1786888878371,"level":"INFO","args":["%cDownload the React DevTools for a better development experience: https://react.dev/link/react-devtools","font-weight:bold"],"stack":null}
[2026-08-16T14:01:48.393Z] {"timestamp":1786888906390,"level":"DEBUG","args":["[Manus] Debug collector initialized (no rrweb, UI events only)"],"stack":null}
[2026-08-16T14:01:48.393Z] {"timestamp":1786888906399,"level":"DEBUG","args":["[vite] connected."],"stack":null}
[2026-08-16T14:01:48.393Z] {"timestamp":1786888906491,"level":"INFO","args":["%cDownload the React DevTools for a better development experience: https://react.dev/link/react-devtools","font-weight:bold"],"stack":null}
[2026-08-16T14:02:17.646Z] {"timestamp":1786888935643,"level":"DEBUG","args":["[Manus] Debug collector initialized (no rrweb, UI events only)"],"stack":null}
[2026-08-16T14:02:17.646Z] {"timestamp":1786888935650,"level":"DEBUG","args":["[vite] connected."],"stack":null}
[2026-08-16T14:02:17.646Z] {"timestamp":1786888935735,"level":"INFO","args":["%cDownload the React DevTools for a better development experience: https://react.dev/link/react-devtools","font-weight:bold"],"stack":null}
[2026-08-16T14:03:07.861Z] {"timestamp":1786888987059,"level":"DEBUG","args":["[Manus] Debug collector initialized (no rrweb, UI events only)"],"stack":null}
[2026-08-16T14:03:07.861Z] {"timestamp":1786888987597,"level":"DEBUG","args":["[vite] connected."],"stack":null}
[2026-08-16T14:03:11.983Z] {"timestamp":1786888991284,"level":"DEBUG","args":["[Manus] Debug collector initialized (no rrweb, UI events only)"],"stack":null}
[2026-08-16T14:03:11.983Z] {"timestamp":1786888991946,"level":"DEBUG","args":["[vite] connected."],"stack":null}
[2026-08-16T14:03:33.862Z] {"timestamp":1786889012967,"level":"DEBUG","args":["[Manus] Debug collector initialized (no rrweb, UI events only)"],"stack":null}
[2026-08-16T14:03:33.862Z] {"timestamp":1786889013504,"level":"DEBUG","args":["[vite] connected."],"stack":null}
[2026-08-16T14:03:37.867Z] {"timestamp":1786889017223,"level":"DEBUG","args":["[Manus] Debug collector initialized (no rrweb, UI events only)"],"stack":null}
[2026-08-16T14:03:37.867Z] {"timestamp":1786889017754,"level":"DEBUG","args":["[vite] connected."],"stack":null}
[2026-08-16T14:03:51.856Z] {"timestamp":1786889030698,"level":"DEBUG","args":["[Manus] Debug collector initialized (no rrweb, UI events only)"],"stack":null}
[2026-08-16T14:03:51.856Z] {"timestamp":1786889031249,"level":"DEBUG","args":["[vite] connected."],"stack":null}
[2026-08-16T14:03:55.867Z] {"timestamp":1786889035246,"level":"DEBUG","args":["[Manus] Debug collector initialized (no rrweb, UI events only)"],"stack":null}
[2026-08-16T14:03:55.867Z] {"timestamp":1786889035790,"level":"DEBUG","args":["[vite] connected."],"stack":null}
[2026-08-16T14:04:32.768Z] {"timestamp":1786889070766,"level":"DEBUG","args":["[Manus] Debug collector initialized (no rrweb, UI events only)"],"stack":null}
[2026-08-16T14:04:32.768Z] {"timestamp":1786889070771,"level":"DEBUG","args":["[vite] connected."],"stack":null}
[2026-08-16T14:04:32.768Z] {"timestamp":1786889070850,"level":"INFO","args":["%cDownload the React DevTools for a better development experience: https://react.dev/link/react-devtools","font-weight:bold"],"stack":null}
[2026-08-16T14:04:50.162Z] {"timestamp":1786889088160,"level":"DEBUG","args":["[Manus] Debug collector initialized (no rrweb, UI events only)"],"stack":null}
[2026-08-16T14:04:50.162Z] {"timestamp":1786889088167,"level":"DEBUG","args":["[vite] connected."],"stack":null}
[2026-08-16T14:04:50.162Z] {"timestamp":1786889088245,"level":"INFO","args":["%cDownload the React DevTools for a better development experience: https://react.dev/link/react-devtools","font-weight:bold"],"stack":null}
[2026-08-16T14:05:07.171Z] {"timestamp":1786889105169,"level":"DEBUG","args":["[Manus] Debug collector initialized (no rrweb, UI events only)"],"stack":null}
[2026-08-16T14:05:07.171Z] {"timestamp":1786889105177,"level":"DEBUG","args":["[vite] connected."],"stack":null}
[2026-08-16T14:05:07.171Z] {"timestamp":1786889105260,"level":"INFO","args":["%cDownload the React DevTools for a better development experience: https://react.dev/link/react-devtools","font-weight:bold"],"stack":null}
[2026-08-16T14:05:23.848Z] {"timestamp":1786889121845,"level":"DEBUG","args":["[Manus] Debug collector initialized (no rrweb, UI events only)"],"stack":null}
[2026-08-16T14:05:23.848Z] {"timestamp":1786889121854,"level":"DEBUG","args":["[vite] connected."],"stack":null}
[2026-08-16T14:05:23.848Z] {"timestamp":1786889121931,"level":"INFO","args":["%cDownload the React DevTools for a better development experience: https://react.dev/link/react-devtools","font-weight:bold"],"stack":null}
[2026-08-16T14:05:40.548Z] {"timestamp":1786889138545,"level":"DEBUG","args":["[Manus] Debug collector initialized (no rrweb, UI events only)"],"stack":null}
[2026-08-16T14:05:40.548Z] {"timestamp":1786889138552,"level":"DEBUG","args":["[vite] connected."],"stack":null}
[2026-08-16T14:05:40.548Z] {"timestamp":1786889138635,"level":"INFO","args":["%cDownload the React DevTools for a better development experience: https://react.dev/link/react-devtools","font-weight:bold"],"stack":null}
[2026-08-16T14:05:59.241Z] {"timestamp":1786889157239,"level":"DEBUG","args":["[Manus] Debug collector initialized (no rrweb, UI events only)"],"stack":null}
[2026-08-16T14:05:59.241Z] {"timestamp":1786889157250,"level":"DEBUG","args":["[vite] connected."],"stack":null}
[2026-08-16T14:05:59.241Z] {"timestamp":1786889157315,"level":"INFO","args":["%cDownload the React DevTools for a better development experience: https://react.dev/link/react-devtools","font-weight:bold"],"stack":null}
[2026-08-16T14:06:17.041Z] {"timestamp":1786889175039,"level":"DEBUG","args":["[Manus] Debug collector initialized (no rrweb, UI events only)"],"stack":null}
[2026-08-16T14:06:17.041Z] {"timestamp":1786889175044,"level":"DEBUG","args":["[vite] connected."],"stack":null}
[2026-08-16T14:06:17.041Z] {"timestamp":1786889175131,"level":"INFO","args":["%cDownload the React DevTools for a better development experience: https://react.dev/link/react-devtools","font-weight:bold"],"stack":null}
[2026-08-16T14:06:54.859Z] {"timestamp":1786889214218,"level":"DEBUG","args":["[Manus] Debug collector initialized (no rrweb, UI events only)"],"stack":null}
[2026-08-16T14:06:54.859Z] {"timestamp":1786889214746,"level":"DEBUG","args":["[vite] connected."],"stack":null}
[2026-08-16T14:06:59.856Z] {"timestamp":1786889219262,"level":"DEBUG","args":["[Manus] Debug collector initialized (no rrweb, UI events only)"],"stack":null}
[2026-08-16T14:06:59.856Z] {"timestamp":1786889219829,"level":"DEBUG","args":["[vite] connected."],"stack":null}
[2026-08-16T14:07:54.869Z] {"timestamp":1786889273463,"level":"DEBUG","args":["[Manus] Debug collector initialized (no rrweb, UI events only)"],"stack":null}
[2026-08-16T14:07:54.869Z] {"timestamp":1786889274003,"level":"DEBUG","args":["[vite] connected."],"stack":null}
[2026-08-16T14:07:57.868Z] {"timestamp":1786889277240,"level":"DEBUG","args":["[Manus] Debug collector initialized (no rrweb, UI events only)"],"stack":null}
[2026-08-16T14:07:57.868Z] {"timestamp":1786889277790,"level":"DEBUG","args":["[vite] connected."],"stack":null}
[2026-08-16T14:08:11.863Z] {"timestamp":1786889291162,"level":"DEBUG","args":["[Manus] Debug collector initialized (no rrweb, UI events only)"],"stack":null}
[2026-08-16T14:08:11.863Z] {"timestamp":1786889291721,"level":"DEBUG","args":["[vite] connected."],"stack":null}
[2026-08-16T14:08:19.853Z] {"timestamp":1786889298550,"level":"DEBUG","args":["[Manus] Debug collector initialized (no rrweb, UI events only)"],"stack":null}
[2026-08-16T14:08:19.853Z] {"timestamp":1786889298551,"level":"DEBUG","args":["[vite] connected."],"stack":null}
[2026-08-16T14:08:57.258Z] {"timestamp":1786889335255,"level":"DEBUG","args":["[Manus] Debug collector initialized (no rrweb, UI events only)"],"stack":null}
[2026-08-16T14:08:57.258Z] {"timestamp":1786889335263,"level":"DEBUG","args":["[vite] connected."],"stack":null}
[2026-08-16T14:08:57.258Z] {"timestamp":1786889335341,"level":"INFO","args":["%cDownload the React DevTools for a better development experience: https://react.dev/link/react-devtools","font-weight:bold"],"stack":null}
[2026-08-16T14:09:12.127Z] {"timestamp":1786889350124,"level":"DEBUG","args":["[Manus] Debug collector initialized (no rrweb, UI events only)"],"stack":null}
[2026-08-16T14:09:12.127Z] {"timestamp":1786889350132,"level":"DEBUG","args":["[vite] connected."],"stack":null}
[2026-08-16T14:09:12.127Z] {"timestamp":1786889350204,"level":"INFO","args":["%cDownload the React DevTools for a better development experience: https://react.dev/link/react-devtools","font-weight:bold"],"stack":null}
[2026-08-16T14:09:26.514Z] {"timestamp":1786889364512,"level":"DEBUG","args":["[Manus] Debug collector initialized (no rrweb, UI events only)"],"stack":null}
[2026-08-16T14:09:26.514Z] {"timestamp":1786889364518,"level":"DEBUG","args":["[vite] connected."],"stack":null}
[2026-08-16T14:09:26.514Z] {"timestamp":1786889364592,"level":"INFO","args":["%cDownload the React DevTools for a better development experience: https://react.dev/link/react-devtools","font-weight:bold"],"stack":null}
[2026-08-16T14:10:33.744Z] {"timestamp":1786889431741,"level":"DEBUG","args":["[Manus] Debug collector initialized (no rrweb, UI events only)"],"stack":null}
[2026-08-16T14:10:33.744Z] {"timestamp":1786889431749,"level":"DEBUG","args":["[vite] connected."],"stack":null}
[2026-08-16T14:10:33.744Z] {"timestamp":1786889431826,"level":"INFO","args":["%cDownload the React DevTools for a better development experience: https://react.dev/link/react-devtools","font-weight:bold"],"stack":null}
[2026-08-16T14:10:47.918Z] {"timestamp":1786889445915,"level":"DEBUG","args":["[Manus] Debug collector initialized (no rrweb, UI events only)"],"stack":null}
[2026-08-16T14:10:47.918Z] {"timestamp":1786889445922,"level":"DEBUG","args":["[vite] connected."],"stack":null}
[2026-08-16T14:10:47.918Z] {"timestamp":1786889446018,"level":"INFO","args":["%cDownload the React DevTools for a better development experience: https://react.dev/link/react-devtools","font-weight:bold"],"stack":null}
[2026-08-16T14:11:32.706Z] {"timestamp":1786889490704,"level":"DEBUG","args":["[Manus] Debug collector initialized (no rrweb, UI events only)"],"stack":null}
[2026-08-16T14:11:32.706Z] {"timestamp":1786889490710,"level":"DEBUG","args":["[vite] connected."],"stack":null}
[2026-08-16T14:11:32.706Z] {"timestamp":1786889490793,"level":"INFO","args":["%cDownload the React DevTools for a better development experience: https://react.dev/link/react-devtools","font-weight:bold"],"stack":null}
[2026-08-16T14:11:49.302Z] {"timestamp":1786889507299,"level":"DEBUG","args":["[Manus] Debug collector initialized (no rrweb, UI events only)"],"stack":null}
[2026-08-16T14:11:49.302Z] {"timestamp":1786889507304,"level":"DEBUG","args":["[vite] connected."],"stack":null}
[2026-08-16T14:11:49.302Z] {"timestamp":1786889507390,"level":"INFO","args":["%cDownload the React DevTools for a better development experience: https://react.dev/link/react-devtools","font-weight:bold"],"stack":null}
[2026-08-16T14:12:05.731Z] {"timestamp":1786889523728,"level":"DEBUG","args":["[Manus] Debug collector initialized (no rrweb, UI events only)"],"stack":null}
[2026-08-16T14:12:05.731Z] {"timestamp":1786889523736,"level":"DEBUG","args":["[vite] connected."],"stack":null}
[2026-08-16T14:12:05.731Z] {"timestamp":1786889523828,"level":"INFO","args":["%cDownload the React DevTools for a better development experience: https://react.dev/link/react-devtools","font-weight:bold"],"stack":null}
[2026-08-16T14:13:01.621Z] {"timestamp":1786889579619,"level":"DEBUG","args":["[Manus] Debug collector initialized (no rrweb, UI events only)"],"stack":null}
[2026-08-16T14:13:01.621Z] {"timestamp":1786889579626,"level":"DEBUG","args":["[vite] connected."],"stack":null}
[2026-08-16T14:13:01.621Z] {"timestamp":1786889579704,"level":"INFO","args":["%cDownload the React DevTools for a better development experience: https://react.dev/link/react-devtools","font-weight:bold"],"stack":null}
[2026-08-16T14:13:17.378Z] {"timestamp":1786889595376,"level":"DEBUG","args":["[Manus] Debug collector initialized (no rrweb, UI events only)"],"stack":null}
[2026-08-16T14:13:17.378Z] {"timestamp":1786889595383,"level":"DEBUG","args":["[vite] connected."],"stack":null}
[2026-08-16T14:13:17.378Z] {"timestamp":1786889595468,"level":"INFO","args":["%cDownload the React DevTools for a better development experience: https://react.dev/link/react-devtools","font-weight:bold"],"stack":null}
[2026-08-16T14:13:33.091Z] {"timestamp":1786889611088,"level":"DEBUG","args":["[Manus] Debug collector initialized (no rrweb, UI events only)"],"stack":null}
[2026-08-16T14:13:33.091Z] {"timestamp":1786889611096,"level":"DEBUG","args":["[vite] connected."],"stack":null}
[2026-08-16T14:13:33.091Z] {"timestamp":1786889611173,"level":"INFO","args":["%cDownload the React DevTools for a better development experience: https://react.dev/link/react-devtools","font-weight:bold"],"stack":null}
[2026-08-16T14:15:01.515Z] {"timestamp":1786889699512,"level":"DEBUG","args":["[Manus] Debug collector initialized (no rrweb, UI events only)"],"stack":null}
[2026-08-16T14:15:01.515Z] {"timestamp":1786889699521,"level":"DEBUG","args":["[vite] connected."],"stack":null}
[2026-08-16T14:15:01.515Z] {"timestamp":1786889699613,"level":"INFO","args":["%cDownload the React DevTools for a better development experience: https://react.dev/link/react-devtools","font-weight:bold"],"stack":null}
[2026-08-16T14:15:16.224Z] {"timestamp":1786889714221,"level":"DEBUG","args":["[Manus] Debug collector initialized (no rrweb, UI events only)"],"stack":null}
[2026-08-16T14:15:16.224Z] {"timestamp":1786889714234,"level":"DEBUG","args":["[vite] connected."],"stack":null}
[2026-08-16T14:15:16.224Z] {"timestamp":1786889714307,"level":"INFO","args":["%cDownload the React DevTools for a better development experience: https://react.dev/link/react-devtools","font-weight:bold"],"stack":null}
[2026-08-16T14:15:34.818Z] {"timestamp":1786889732816,"level":"DEBUG","args":["[Manus] Debug collector initialized (no rrweb, UI events only)"],"stack":null}
[2026-08-16T14:15:34.818Z] {"timestamp":1786889732820,"level":"DEBUG","args":["[vite] connected."],"stack":null}
[2026-08-16T14:15:34.818Z] {"timestamp":1786889732900,"level":"INFO","args":["%cDownload the React DevTools for a better development experience: https://react.dev/link/react-devtools","font-weight:bold"],"stack":null}
[2026-08-16T14:17:49.904Z] {"timestamp":1786889868578,"level":"DEBUG","args":["[Manus] Debug collector initialized (no rrweb, UI events only)"],"stack":null}
[2026-08-16T14:17:49.904Z] {"timestamp":1786889869128,"level":"DEBUG","args":["[vite] connected."],"stack":null}
[2026-08-16T14:17:55.894Z] {"timestamp":1786889875212,"level":"DEBUG","args":["[Manus] Debug collector initialized (no rrweb, UI events only)"],"stack":null}
[2026-08-16T14:18:03.990Z] {"timestamp":1786889883162,"level":"DEBUG","args":["[Manus] Debug collector initialized (no rrweb, UI events only)"],"stack":null}
[2026-08-16T14:18:03.990Z] {"timestamp":1786889883723,"level":"DEBUG","args":["[vite] connected."],"stack":null}
[2026-08-16T14:18:07.865Z] {"timestamp":1786889887259,"level":"DEBUG","args":["[Manus] Debug collector initialized (no rrweb, UI events only)"],"stack":null}
[2026-08-16T14:18:07.865Z] {"timestamp":1786889887791,"level":"DEBUG","args":["[vite] connected."],"stack":null}
[2026-08-16T14:21:19.875Z] {"timestamp":1786890078801,"level":"DEBUG","args":["[Manus] Debug collector initialized (no rrweb, UI events only)"],"stack":null}
[2026-08-16T14:21:19.875Z] {"timestamp":1786890079350,"level":"DEBUG","args":["[vite] connected."],"stack":null}
[2026-08-16T14:21:23.881Z] {"timestamp":1786890083215,"level":"DEBUG","args":["[Manus] Debug collector initialized (no rrweb, UI events only)"],"stack":null}
[2026-08-16T14:21:23.881Z] {"timestamp":1786890083810,"level":"DEBUG","args":["[vite] connected."],"stack":null}
[2026-08-16T14:21:59.627Z] {"timestamp":1786890117624,"level":"DEBUG","args":["[Manus] Debug collector initialized (no rrweb, UI events only)"],"stack":null}
[2026-08-16T14:21:59.627Z] {"timestamp":1786890117630,"level":"DEBUG","args":["[vite] connected."],"stack":null}
[2026-08-16T14:21:59.627Z] {"timestamp":1786890117707,"level":"INFO","args":["%cDownload the React DevTools for a better development experience: https://react.dev/link/react-devtools","font-weight:bold"],"stack":null}
[2026-08-16T14:22:39.785Z] {"timestamp":1786890157783,"level":"DEBUG","args":["[Manus] Debug collector initialized (no rrweb, UI events only)"],"stack":null}
[2026-08-16T14:22:39.785Z] {"timestamp":1786890157789,"level":"DEBUG","args":["[vite] connected."],"stack":null}
[2026-08-16T14:22:39.785Z] {"timestamp":1786890157867,"level":"INFO","args":["%cDownload the React DevTools for a better development experience: https://react.dev/link/react-devtools","font-weight:bold"],"stack":null}
[2026-08-16T14:23:40.249Z] {"timestamp":1786890218247,"level":"DEBUG","args":["[Manus] Debug collector initialized (no rrweb, UI events only)"],"stack":null}
[2026-08-16T14:23:40.249Z] {"timestamp":1786890218253,"level":"DEBUG","args":["[vite] connected."],"stack":null}
[2026-08-16T14:23:40.249Z] {"timestamp":1786890218345,"level":"INFO","args":["%cDownload the React DevTools for a better development experience: https://react.dev/link/react-devtools","font-weight:bold"],"stack":null}
[2026-08-16T14:24:50.860Z] {"timestamp":1786890289977,"level":"DEBUG","args":["[Manus] Debug collector initialized (no rrweb, UI events only)"],"stack":null}
[2026-08-16T14:24:50.860Z] {"timestamp":1786890290542,"level":"DEBUG","args":["[vite] connected."],"stack":null}
[2026-08-16T14:24:54.857Z] {"timestamp":1786890294227,"level":"DEBUG","args":["[Manus] Debug collector initialized (no rrweb, UI events only)"],"stack":null}
[2026-08-16T14:24:54.857Z] {"timestamp":1786890294786,"level":"DEBUG","args":["[vite] connected."],"stack":null}
[2026-08-16T14:25:58.701Z] {"timestamp":1786890356699,"level":"DEBUG","args":["[Manus] Debug collector initialized (no rrweb, UI events only)"],"stack":null}
[2026-08-16T14:25:58.701Z] {"timestamp":1786890356705,"level":"DEBUG","args":["[vite] connected."],"stack":null}
[2026-08-16T14:25:58.701Z] {"timestamp":1786890356794,"level":"INFO","args":["%cDownload the React DevTools for a better development experience: https://react.dev/link/react-devtools","font-weight:bold"],"stack":null}
[2026-08-16T14:26:34.059Z] {"timestamp":1786890392057,"level":"DEBUG","args":["[Manus] Debug collector initialized (no rrweb, UI events only)"],"stack":null}
[2026-08-16T14:26:34.059Z] {"timestamp":1786890392064,"level":"DEBUG","args":["[vite] connected."],"stack":null}
[2026-08-16T14:26:34.059Z] {"timestamp":1786890392141,"level":"INFO","args":["%cDownload the React DevTools for a better development experience: https://react.dev/link/react-devtools","font-weight:bold"],"stack":null}
[2026-08-16T14:27:36.692Z] {"timestamp":1786890454689,"level":"DEBUG","args":["[Manus] Debug collector initialized (no rrweb, UI events only)"],"stack":null}
[2026-08-16T14:27:36.692Z] {"timestamp":1786890454698,"level":"DEBUG","args":["[vite] connected."],"stack":null}
[2026-08-16T14:27:36.692Z] {"timestamp":1786890454778,"level":"INFO","args":["%cDownload the React DevTools for a better development experience: https://react.dev/link/react-devtools","font-weight:bold"],"stack":null}
[2026-08-16T14:28:15.867Z] {"timestamp":1786890494646,"level":"DEBUG","args":["[Manus] Debug collector initialized (no rrweb, UI events only)"],"stack":null}
[2026-08-16T14:28:15.867Z] {"timestamp":1786890495198,"level":"DEBUG","args":["[vite] connected."],"stack":null}
[2026-08-16T14:28:20.882Z] {"timestamp":1786890499387,"level":"DEBUG","args":["[Manus] Debug collector initialized (no rrweb, UI events only)"],"stack":null}
[2026-08-16T14:28:20.882Z] {"timestamp":1786890499958,"level":"DEBUG","args":["[vite] connected."],"stack":null}
[2026-08-16T14:28:41.829Z] {"timestamp":1786890519826,"level":"DEBUG","args":["[Manus] Debug collector initialized (no rrweb, UI events only)"],"stack":null}
[2026-08-16T14:28:41.829Z] {"timestamp":1786890519834,"level":"DEBUG","args":["[vite] connected."],"stack":null}
[2026-08-16T14:28:41.829Z] {"timestamp":1786890519900,"level":"INFO","args":["%cDownload the React DevTools for a better development experience: https://react.dev/link/react-devtools","font-weight:bold"],"stack":null}
[2026-08-16T14:28:53.213Z] {"timestamp":1786890531209,"level":"DEBUG","args":["[Manus] Debug collector initialized (no rrweb, UI events only)"],"stack":null}
[2026-08-16T14:28:53.213Z] {"timestamp":1786890531218,"level":"DEBUG","args":["[vite] connected."],"stack":null}
[2026-08-16T14:28:53.213Z] {"timestamp":1786890531291,"level":"INFO","args":["%cDownload the React DevTools for a better development experience: https://react.dev/link/react-devtools","font-weight:bold"],"stack":null}
[2026-08-16T14:29:17.757Z] {"timestamp":1786890555753,"level":"DEBUG","args":["[Manus] Debug collector initialized (no rrweb, UI events only)"],"stack":null}
[2026-08-16T14:29:17.757Z] {"timestamp":1786890555759,"level":"DEBUG","args":["[vite] connected."],"stack":null}
[2026-08-16T14:29:17.757Z] {"timestamp":1786890555844,"level":"INFO","args":["%cDownload the React DevTools for a better development experience: https://react.dev/link/react-devtools","font-weight:bold"],"stack":null}
[2026-08-16T14:30:41.867Z] {"timestamp":1786890641009,"level":"DEBUG","args":["[Manus] Debug collector initialized (no rrweb, UI events only)"],"stack":null}
[2026-08-16T14:30:41.867Z] {"timestamp":1786890641575,"level":"DEBUG","args":["[vite] connected."],"stack":null}
[2026-08-16T14:30:47.870Z] {"timestamp":1786890646443,"level":"DEBUG","args":["[Manus] Debug collector initialized (no rrweb, UI events only)"],"stack":null}
[2026-08-16T14:30:47.870Z] {"timestamp":1786890647028,"level":"DEBUG","args":["[vite] connected."],"stack":null}
[2026-08-16T14:31:26.294Z] {"timestamp":1786890684292,"level":"DEBUG","args":["[Manus] Debug collector initialized (no rrweb, UI events only)"],"stack":null}
[2026-08-16T14:31:26.294Z] {"timestamp":1786890684299,"level":"DEBUG","args":["[vite] connected."],"stack":null}
[2026-08-16T14:31:26.294Z] {"timestamp":1786890684379,"level":"INFO","args":["%cDownload the React DevTools for a better development experience: https://react.dev/link/react-devtools","font-weight:bold"],"stack":null}
[2026-08-16T14:32:02.288Z] {"timestamp":1786890720285,"level":"DEBUG","args":["[Manus] Debug collector initialized (no rrweb, UI events only)"],"stack":null}
[2026-08-16T14:32:02.288Z] {"timestamp":1786890720294,"level":"DEBUG","args":["[vite] connected."],"stack":null}
[2026-08-16T14:32:02.288Z] {"timestamp":1786890720394,"level":"INFO","args":["%cDownload the React DevTools for a better development experience: https://react.dev/link/react-devtools","font-weight:bold"],"stack":null}
[2026-08-16T14:33:28.233Z] {"timestamp":1786890806231,"level":"DEBUG","args":["[Manus] Debug collector initialized (no rrweb, UI events only)"],"stack":null}
[2026-08-16T14:33:28.233Z] {"timestamp":1786890806237,"level":"DEBUG","args":["[vite] connected."],"stack":null}
[2026-08-16T14:33:28.233Z] {"timestamp":1786890806319,"level":"INFO","args":["%cDownload the React DevTools for a better development experience: https://react.dev/link/react-devtools","font-weight:bold"],"stack":null}
[2026-08-16T14:34:01.859Z] {"timestamp":1786890841282,"level":"DEBUG","args":["[Manus] Debug collector initialized (no rrweb, UI events only)"],"stack":null}
[2026-08-16T14:34:01.859Z] {"timestamp":1786890841818,"level":"DEBUG","args":["[vite] connected."],"stack":null}
[2026-08-16T14:34:29.977Z] {"timestamp":1786890869374,"level":"DEBUG","args":["[Manus] Debug collector initialized (no rrweb, UI events only)"],"stack":null}
[2026-08-16T14:34:29.977Z] {"timestamp":1786890869918,"level":"DEBUG","args":["[vite] connected."],"stack":null}
[2026-08-16T14:34:33.861Z] {"timestamp":1786890873210,"level":"DEBUG","args":["[Manus] Debug collector initialized (no rrweb, UI events only)"],"stack":null}
[2026-08-16T14:34:33.861Z] {"timestamp":1786890873746,"level":"DEBUG","args":["[vite] connected."],"stack":null}
[2026-08-16T14:34:45.871Z] {"timestamp":1786890884923,"level":"DEBUG","args":["[Manus] Debug collector initialized (no rrweb, UI events only)"],"stack":null}
[2026-08-16T14:34:45.871Z] {"timestamp":1786890885478,"level":"DEBUG","args":["[vite] connected."],"stack":null}
[2026-08-16T14:34:49.867Z] {"timestamp":1786890889335,"level":"DEBUG","args":["[Manus] Debug collector initialized (no rrweb, UI events only)"],"stack":null}
[2026-08-16T14:34:49.867Z] {"timestamp":1786890889898,"level":"DEBUG","args":["[vite] connected."],"stack":null}
[2026-08-16T14:36:03.831Z] {"timestamp":1786890961828,"level":"DEBUG","args":["[Manus] Debug collector initialized (no rrweb, UI events only)"],"stack":null}
[2026-08-16T14:36:03.831Z] {"timestamp":1786890961836,"level":"DEBUG","args":["[vite] connected."],"stack":null}
[2026-08-16T14:36:03.831Z] {"timestamp":1786890961922,"level":"INFO","args":["%cDownload the React DevTools for a better development experience: https://react.dev/link/react-devtools","font-weight:bold"],"stack":null}
[2026-08-16T14:36:40.540Z] {"timestamp":1786890998538,"level":"DEBUG","args":["[Manus] Debug collector initialized (no rrweb, UI events only)"],"stack":null}
[2026-08-16T14:36:40.540Z] {"timestamp":1786890998543,"level":"DEBUG","args":["[vite] connected."],"stack":null}
[2026-08-16T14:36:40.540Z] {"timestamp":1786890998615,"level":"INFO","args":["%cDownload the React DevTools for a better development experience: https://react.dev/link/react-devtools","font-weight:bold"],"stack":null}
[2026-08-16T14:36:57.478Z] {"timestamp":1786891015475,"level":"DEBUG","args":["[Manus] Debug collector initialized (no rrweb, UI events only)"],"stack":null}
[2026-08-16T14:36:57.478Z] {"timestamp":1786891015484,"level":"DEBUG","args":["[vite] connected."],"stack":null}
[2026-08-16T14:36:57.478Z] {"timestamp":1786891015575,"level":"INFO","args":["%cDownload the React DevTools for a better development experience: https://react.dev/link/react-devtools","font-weight:bold"],"stack":null}
[2026-08-16T14:38:25.449Z] {"timestamp":1786891103446,"level":"DEBUG","args":["[Manus] Debug collector initialized (no rrweb, UI events only)"],"stack":null}
[2026-08-16T14:38:25.449Z] {"timestamp":1786891103453,"level":"DEBUG","args":["[vite] connected."],"stack":null}
[2026-08-16T14:38:25.449Z] {"timestamp":1786891103540,"level":"INFO","args":["%cDownload the React DevTools for a better development experience: https://react.dev/link/react-devtools","font-weight:bold"],"stack":null}
[2026-08-16T14:39:00.552Z] {"timestamp":1786891138550,"level":"DEBUG","args":["[Manus] Debug collector initialized (no rrweb, UI events only)"],"stack":null}
[2026-08-16T14:39:00.552Z] {"timestamp":1786891138557,"level":"DEBUG","args":["[vite] connected."],"stack":null}
[2026-08-16T14:39:00.552Z] {"timestamp":1786891138646,"level":"INFO","args":["%cDownload the React DevTools for a better development experience: https://react.dev/link/react-devtools","font-weight:bold"],"stack":null}
[2026-08-16T14:40:02.880Z] {"timestamp":1786891200877,"level":"DEBUG","args":["[Manus] Debug collector initialized (no rrweb, UI events only)"],"stack":null}
[2026-08-16T14:40:02.880Z] {"timestamp":1786891200882,"level":"DEBUG","args":["[vite] connected."],"stack":null}
[2026-08-16T14:40:02.880Z] {"timestamp":1786891200958,"level":"INFO","args":["%cDownload the React DevTools for a better development experience: https://react.dev/link/react-devtools","font-weight:bold"],"stack":null}
[2026-08-16T14:41:54.440Z] {"timestamp":1786891312437,"level":"DEBUG","args":["[Manus] Debug collector initialized (no rrweb, UI events only)"],"stack":null}
[2026-08-16T14:41:54.440Z] {"timestamp":1786891312445,"level":"DEBUG","args":["[vite] connected."],"stack":null}
[2026-08-16T14:41:54.440Z] {"timestamp":1786891312530,"level":"INFO","args":["%cDownload the React DevTools for a better development experience: https://react.dev/link/react-devtools","font-weight:bold"],"stack":null}
[2026-08-16T14:42:36.547Z] {"timestamp":1786891354544,"level":"DEBUG","args":["[Manus] Debug collector initialized (no rrweb, UI events only)"],"stack":null}
[2026-08-16T14:42:36.547Z] {"timestamp":1786891354554,"level":"DEBUG","args":["[vite] connected."],"stack":null}
[2026-08-16T14:42:36.547Z] {"timestamp":1786891354654,"level":"INFO","args":["%cDownload the React DevTools for a better development experience: https://react.dev/link/react-devtools","font-weight:bold"],"stack":null}
[2026-08-16T14:43:38.067Z] {"timestamp":1786891416065,"level":"DEBUG","args":["[Manus] Debug collector initialized (no rrweb, UI events only)"],"stack":null}
[2026-08-16T14:43:38.067Z] {"timestamp":1786891416072,"level":"DEBUG","args":["[vite] connected."],"stack":null}
[2026-08-16T14:43:38.067Z] {"timestamp":1786891416164,"level":"INFO","args":["%cDownload the React DevTools for a better development experience: https://react.dev/link/react-devtools","font-weight:bold"],"stack":null}
[2026-08-16T14:44:50.589Z] {"timestamp":1786891488587,"level":"DEBUG","args":["[Manus] Debug collector initialized (no rrweb, UI events only)"],"stack":null}
[2026-08-16T14:44:50.589Z] {"timestamp":1786891488601,"level":"DEBUG","args":["[vite] connected."],"stack":null}
[2026-08-16T14:44:50.589Z] {"timestamp":1786891488676,"level":"INFO","args":["%cDownload the React DevTools for a better development experience: https://react.dev/link/react-devtools","font-weight:bold"],"stack":null}
[2026-08-16T14:45:54.621Z] {"timestamp":1786891552618,"level":"DEBUG","args":["[Manus] Debug collector initialized (no rrweb, UI events only)"],"stack":null}
[2026-08-16T14:45:54.621Z] {"timestamp":1786891552626,"level":"DEBUG","args":["[vite] connected."],"stack":null}
[2026-08-16T14:45:54.621Z] {"timestamp":1786891552708,"level":"INFO","args":["%cDownload the React DevTools for a better development experience: https://react.dev/link/react-devtools","font-weight:bold"],"stack":null}
[2026-08-16T14:46:07.587Z] {"timestamp":1786891565585,"level":"DEBUG","args":["[Manus] Debug collector initialized (no rrweb, UI events only)"],"stack":null}
[2026-08-16T14:46:07.587Z] {"timestamp":1786891565592,"level":"DEBUG","args":["[vite] connected."],"stack":null}
[2026-08-16T14:46:07.587Z] {"timestamp":1786891565667,"level":"INFO","args":["%cDownload the React DevTools for a better development experience: https://react.dev/link/react-devtools","font-weight:bold"],"stack":null}
[2026-08-16T14:47:22.869Z] {"timestamp":1786891641841,"level":"DEBUG","args":["[Manus] Debug collector initialized (no rrweb, UI events only)"],"stack":null}
[2026-08-16T14:47:22.869Z] {"timestamp":1786891642191,"level":"DEBUG","args":["[vite] connected."],"stack":null}
[2026-08-16T14:47:33.105Z] {"timestamp":1786891650901,"level":"DEBUG","args":["[Manus] Debug collector initialized (no rrweb, UI events only)"],"stack":null}
[2026-08-16T14:47:40.801Z] {"timestamp":1786891658798,"level":"DEBUG","args":["[Manus] Debug collector initialized (no rrweb, UI events only)"],"stack":null}
[2026-08-16T14:47:40.801Z] {"timestamp":1786891658807,"level":"DEBUG","args":["[vite] connected."],"stack":null}
[2026-08-16T14:47:40.801Z] {"timestamp":1786891658885,"level":"INFO","args":["%cDownload the React DevTools for a better development experience: https://react.dev/link/react-devtools","font-weight:bold"],"stack":null}
[2026-08-16T14:47:54.597Z] {"timestamp":1786891672595,"level":"DEBUG","args":["[Manus] Debug collector initialized (no rrweb, UI events only)"],"stack":null}
[2026-08-16T14:47:54.597Z] {"timestamp":1786891672605,"level":"DEBUG","args":["[vite] connected."],"stack":null}
[2026-08-16T14:47:54.597Z] {"timestamp":1786891672687,"level":"INFO","args":["%cDownload the React DevTools for a better development experience: https://react.dev/link/react-devtools","font-weight:bold"],"stack":null}
[2026-08-16T14:48:09.302Z] {"timestamp":1786891687299,"level":"DEBUG","args":["[Manus] Debug collector initialized (no rrweb, UI events only)"],"stack":null}
[2026-08-16T14:48:09.302Z] {"timestamp":1786891687306,"level":"DEBUG","args":["[vite] connected."],"stack":null}
[2026-08-16T14:48:09.302Z] {"timestamp":1786891687397,"level":"INFO","args":["%cDownload the React DevTools for a better development experience: https://react.dev/link/react-devtools","font-weight:bold"],"stack":null}
[2026-08-16T14:49:00.912Z] {"timestamp":1786891738909,"level":"DEBUG","args":["[Manus] Debug collector initialized (no rrweb, UI events only)"],"stack":null}
[2026-08-16T14:49:00.912Z] {"timestamp":1786891738916,"level":"DEBUG","args":["[vite] connected."],"stack":null}
[2026-08-16T14:49:00.912Z] {"timestamp":1786891739007,"level":"INFO","args":["%cDownload the React DevTools for a better development experience: https://react.dev/link/react-devtools","font-weight:bold"],"stack":null}
[2026-08-16T14:49:15.179Z] {"timestamp":1786891753176,"level":"DEBUG","args":["[Manus] Debug collector initialized (no rrweb, UI events only)"],"stack":null}
[2026-08-16T14:49:15.179Z] {"timestamp":1786891753185,"level":"DEBUG","args":["[vite] connected."],"stack":null}
[2026-08-16T14:49:15.179Z] {"timestamp":1786891753283,"level":"INFO","args":["%cDownload the React DevTools for a better development experience: https://react.dev/link/react-devtools","font-weight:bold"],"stack":null}
[2026-08-16T14:49:30.309Z] {"timestamp":1786891768307,"level":"DEBUG","args":["[Manus] Debug collector initialized (no rrweb, UI events only)"],"stack":null}
[2026-08-16T14:49:30.309Z] {"timestamp":1786891768315,"level":"DEBUG","args":["[vite] connected."],"stack":null}
[2026-08-16T14:49:30.309Z] {"timestamp":1786891768400,"level":"INFO","args":["%cDownload the React DevTools for a better development experience: https://react.dev/link/react-devtools","font-weight:bold"],"stack":null}
[2026-08-16T14:49:45.618Z] {"timestamp":1786891783616,"level":"DEBUG","args":["[Manus] Debug collector initialized (no rrweb, UI events only)"],"stack":null}
[2026-08-16T14:49:45.618Z] {"timestamp":1786891783621,"level":"DEBUG","args":["[vite] connected."],"stack":null}
[2026-08-16T14:49:45.618Z] {"timestamp":1786891783696,"level":"INFO","args":["%cDownload the React DevTools for a better development experience: https://react.dev/link/react-devtools","font-weight:bold"],"stack":null}
[2026-08-16T14:49:59.526Z] {"timestamp":1786891797523,"level":"DEBUG","args":["[Manus] Debug collector initialized (no rrweb, UI events only)"],"stack":null}
[2026-08-16T14:49:59.526Z] {"timestamp":1786891797532,"level":"DEBUG","args":["[vite] connected."],"stack":null}
[2026-08-16T14:49:59.526Z] {"timestamp":1786891797607,"level":"INFO","args":["%cDownload the React DevTools for a better development experience: https://react.dev/link/react-devtools","font-weight:bold"],"stack":null}
[2026-08-16T14:50:15.298Z] {"timestamp":1786891813296,"level":"DEBUG","args":["[Manus] Debug collector initialized (no rrweb, UI events only)"],"stack":null}
[2026-08-16T14:50:15.298Z] {"timestamp":1786891813305,"level":"DEBUG","args":["[vite] connected."],"stack":null}
[2026-08-16T14:50:15.298Z] {"timestamp":1786891813387,"level":"INFO","args":["%cDownload the React DevTools for a better development experience: https://react.dev/link/react-devtools","font-weight:bold"],"stack":null}
[2026-08-16T14:50:31.090Z] {"timestamp":1786891829088,"level":"DEBUG","args":["[Manus] Debug collector initialized (no rrweb, UI events only)"],"stack":null}
[2026-08-16T14:50:31.090Z] {"timestamp":1786891829101,"level":"DEBUG","args":["[vite] connected."],"stack":null}
[2026-08-16T14:50:31.090Z] {"timestamp":1786891829177,"level":"INFO","args":["%cDownload the React DevTools for a better development experience: https://react.dev/link/react-devtools","font-weight:bold"],"stack":null}
[2026-08-16T14:51:20.867Z] {"timestamp":1786891879676,"level":"DEBUG","args":["[Manus] Debug collector initialized (no rrweb, UI events only)"],"stack":null}
[2026-08-16T14:51:20.867Z] {"timestamp":1786891880214,"level":"DEBUG","args":["[vite] connected."],"stack":null}
[2026-08-16T14:51:24.863Z] {"timestamp":1786891884134,"level":"DEBUG","args":["[Manus] Debug collector initialized (no rrweb, UI events only)"],"stack":null}
[2026-08-16T14:51:24.863Z] {"timestamp":1786891886090,"level":"DEBUG","args":["[vite] connected."],"stack":null}
[2026-08-16T14:52:06.861Z] {"timestamp":1786891925931,"level":"DEBUG","args":["[Manus] Debug collector initialized (no rrweb, UI events only)"],"stack":null}
[2026-08-16T14:52:36.251Z] {"timestamp":1786891954249,"level":"DEBUG","args":["[Manus] Debug collector initialized (no rrweb, UI events only)"],"stack":null}
[2026-08-16T14:52:36.251Z] {"timestamp":1786891954254,"level":"DEBUG","args":["[vite] connected."],"stack":null}
[2026-08-16T14:52:36.251Z] {"timestamp":1786891954334,"level":"INFO","args":["%cDownload the React DevTools for a better development experience: https://react.dev/link/react-devtools","font-weight:bold"],"stack":null}
[2026-08-16T14:52:49.593Z] {"timestamp":1786891967590,"level":"DEBUG","args":["[Manus] Debug collector initialized (no rrweb, UI events only)"],"stack":null}
[2026-08-16T14:52:49.593Z] {"timestamp":1786891967597,"level":"DEBUG","args":["[vite] connected."],"stack":null}
[2026-08-16T14:52:49.593Z] {"timestamp":1786891967681,"level":"INFO","args":["%cDownload the React DevTools for a better development experience: https://react.dev/link/react-devtools","font-weight:bold"],"stack":null}
[2026-08-16T14:53:02.322Z] {"timestamp":1786891980320,"level":"DEBUG","args":["[Manus] Debug collector initialized (no rrweb, UI events only)"],"stack":null}
[2026-08-16T14:53:02.322Z] {"timestamp":1786891980326,"level":"DEBUG","args":["[vite] connected."],"stack":null}
[2026-08-16T14:53:02.322Z] {"timestamp":1786891980403,"level":"INFO","args":["%cDownload the React DevTools for a better development experience: https://react.dev/link/react-devtools","font-weight:bold"],"stack":null}
[2026-08-16T14:55:02.860Z] {"timestamp":1786892104209,"level":"DEBUG","args":["[vite]","hot updated: /src/index.css"],"stack":null}
[2026-08-16T14:55:02.860Z] {"timestamp":1786892104210,"level":"DEBUG","args":["[vite]","hot updated: /src/styles/amelie-rebuild.css"],"stack":null}
[2026-08-16T14:55:10.861Z] {"timestamp":1786892110299,"level":"DEBUG","args":["[Manus] Debug collector initialized (no rrweb, UI events only)"],"stack":null}
[2026-08-16T14:55:15.862Z] {"timestamp":1786892115299,"level":"DEBUG","args":["[Manus] Debug collector initialized (no rrweb, UI events only)"],"stack":null}
[2026-08-16T14:55:24.782Z] {"timestamp":1786892122779,"level":"DEBUG","args":["[Manus] Debug collector initialized (no rrweb, UI events only)"],"stack":null}
[2026-08-16T14:55:24.782Z] {"timestamp":1786892122787,"level":"DEBUG","args":["[vite] connected."],"stack":null}
[2026-08-16T14:55:24.782Z] {"timestamp":1786892122878,"level":"INFO","args":["%cDownload the React DevTools for a better development experience: https://react.dev/link/react-devtools","font-weight:bold"],"stack":null}
[2026-08-16T14:55:37.003Z] {"timestamp":1786892135001,"level":"DEBUG","args":["[Manus] Debug collector initialized (no rrweb, UI events only)"],"stack":null}
[2026-08-16T14:55:37.003Z] {"timestamp":1786892135009,"level":"DEBUG","args":["[vite] connected."],"stack":null}
[2026-08-16T14:55:37.003Z] {"timestamp":1786892135095,"level":"INFO","args":["%cDownload the React DevTools for a better development experience: https://react.dev/link/react-devtools","font-weight:bold"],"stack":null}
[2026-08-16T14:55:52.229Z] {"timestamp":1786892150227,"level":"DEBUG","args":["[Manus] Debug collector initialized (no rrweb, UI events only)"],"stack":null}
[2026-08-16T14:55:52.229Z] {"timestamp":1786892150231,"level":"DEBUG","args":["[vite] connected."],"stack":null}
[2026-08-16T14:55:52.229Z] {"timestamp":1786892150305,"level":"INFO","args":["%cDownload the React DevTools for a better development experience: https://react.dev/link/react-devtools","font-weight:bold"],"stack":null}
[2026-08-16T14:58:00.869Z] {"timestamp":1786892280280,"level":"DEBUG","args":["[Manus] Debug collector initialized (no rrweb, UI events only)"],"stack":null}
[2026-08-16T14:58:00.869Z] {"timestamp":1786892280837,"level":"DEBUG","args":["[vite] connected."],"stack":null}
[2026-08-16T14:58:05.873Z] {"timestamp":1786892284857,"level":"DEBUG","args":["[Manus] Debug collector initialized (no rrweb, UI events only)"],"stack":null}
[2026-08-16T14:58:05.873Z] {"timestamp":1786892285387,"level":"DEBUG","args":["[vite] connected."],"stack":null}
[2026-08-16T14:58:14.787Z] {"timestamp":1786892292785,"level":"DEBUG","args":["[Manus] Debug collector initialized (no rrweb, UI events only)"],"stack":null}
[2026-08-16T14:58:14.787Z] {"timestamp":1786892292791,"level":"DEBUG","args":["[vite] connected."],"stack":null}
[2026-08-16T14:58:14.787Z] {"timestamp":1786892292871,"level":"INFO","args":["%cDownload the React DevTools for a better development experience: https://react.dev/link/react-devtools","font-weight:bold"],"stack":null}
[2026-08-16T14:58:27.696Z] {"timestamp":1786892305693,"level":"DEBUG","args":["[Manus] Debug collector initialized (no rrweb, UI events only)"],"stack":null}
[2026-08-16T14:58:27.696Z] {"timestamp":1786892305699,"level":"DEBUG","args":["[vite] connected."],"stack":null}
[2026-08-16T14:58:27.696Z] {"timestamp":1786892305772,"level":"INFO","args":["%cDownload the React DevTools for a better development experience: https://react.dev/link/react-devtools","font-weight:bold"],"stack":null}
[2026-08-16T14:58:40.174Z] {"timestamp":1786892318171,"level":"DEBUG","args":["[Manus] Debug collector initialized (no rrweb, UI events only)"],"stack":null}
[2026-08-16T14:58:40.174Z] {"timestamp":1786892318178,"level":"DEBUG","args":["[vite] connected."],"stack":null}
[2026-08-16T14:58:40.174Z] {"timestamp":1786892318254,"level":"INFO","args":["%cDownload the React DevTools for a better development experience: https://react.dev/link/react-devtools","font-weight:bold"],"stack":null}
[2026-08-16T15:00:35.879Z] {"timestamp":1786892434721,"level":"DEBUG","args":["[Manus] Debug collector initialized (no rrweb, UI events only)"],"stack":null}
[2026-08-16T15:00:35.879Z] {"timestamp":1786892435285,"level":"DEBUG","args":["[vite] connected."],"stack":null}
[2026-08-16T15:00:45.949Z] {"timestamp":1786892443412,"level":"DEBUG","args":["[Manus] Debug collector initialized (no rrweb, UI events only)"],"stack":null}
[2026-08-16T15:00:52.566Z] {"timestamp":1786892450564,"level":"DEBUG","args":["[Manus] Debug collector initialized (no rrweb, UI events only)"],"stack":null}
[2026-08-16T15:00:52.566Z] {"timestamp":1786892450570,"level":"DEBUG","args":["[vite] connected."],"stack":null}
[2026-08-16T15:00:52.566Z] {"timestamp":1786892450650,"level":"INFO","args":["%cDownload the React DevTools for a better development experience: https://react.dev/link/react-devtools","font-weight:bold"],"stack":null}
[2026-08-16T15:01:05.970Z] {"timestamp":1786892463967,"level":"DEBUG","args":["[Manus] Debug collector initialized (no rrweb, UI events only)"],"stack":null}
[2026-08-16T15:01:05.970Z] {"timestamp":1786892463985,"level":"DEBUG","args":["[vite] connected."],"stack":null}
[2026-08-16T15:01:05.970Z] {"timestamp":1786892464067,"level":"INFO","args":["%cDownload the React DevTools for a better development experience: https://react.dev/link/react-devtools","font-weight:bold"],"stack":null}
[2026-08-16T15:01:18.375Z] {"timestamp":1786892476372,"level":"DEBUG","args":["[Manus] Debug collector initialized (no rrweb, UI events only)"],"stack":null}
[2026-08-16T15:01:18.375Z] {"timestamp":1786892476378,"level":"DEBUG","args":["[vite] connected."],"stack":null}
[2026-08-16T15:01:18.375Z] {"timestamp":1786892476464,"level":"INFO","args":["%cDownload the React DevTools for a better development experience: https://react.dev/link/react-devtools","font-weight:bold"],"stack":null}
[2026-08-16T15:01:59.861Z] {"timestamp":1786892519022,"level":"DEBUG","args":["[Manus] Debug collector initialized (no rrweb, UI events only)"],"stack":null}
[2026-08-16T15:01:59.861Z] {"timestamp":1786892519658,"level":"DEBUG","args":["[vite] connected."],"stack":null}
[2026-08-16T15:02:07.873Z] {"timestamp":1786892526781,"level":"DEBUG","args":["[Manus] Debug collector initialized (no rrweb, UI events only)"],"stack":null}
[2026-08-16T15:02:13.806Z] {"timestamp":1786892531803,"level":"DEBUG","args":["[Manus] Debug collector initialized (no rrweb, UI events only)"],"stack":null}
[2026-08-16T15:02:13.806Z] {"timestamp":1786892531808,"level":"DEBUG","args":["[vite] connected."],"stack":null}
[2026-08-16T15:02:13.806Z] {"timestamp":1786892531888,"level":"INFO","args":["%cDownload the React DevTools for a better development experience: https://react.dev/link/react-devtools","font-weight:bold"],"stack":null}
[2026-08-16T15:02:26.074Z] {"timestamp":1786892544071,"level":"DEBUG","args":["[Manus] Debug collector initialized (no rrweb, UI events only)"],"stack":null}
[2026-08-16T15:02:26.074Z] {"timestamp":1786892544077,"level":"DEBUG","args":["[vite] connected."],"stack":null}
[2026-08-16T15:02:26.074Z] {"timestamp":1786892544168,"level":"INFO","args":["%cDownload the React DevTools for a better development experience: https://react.dev/link/react-devtools","font-weight:bold"],"stack":null}
[2026-08-16T15:02:38.550Z] {"timestamp":1786892556548,"level":"DEBUG","args":["[Manus] Debug collector initialized (no rrweb, UI events only)"],"stack":null}
[2026-08-16T15:02:38.550Z] {"timestamp":1786892556561,"level":"DEBUG","args":["[vite] connected."],"stack":null}
[2026-08-16T15:02:38.550Z] {"timestamp":1786892556630,"level":"INFO","args":["%cDownload the React DevTools for a better development experience: https://react.dev/link/react-devtools","font-weight:bold"],"stack":null}
[2026-08-16T15:03:26.906Z] {"timestamp":1786892605400,"level":"DEBUG","args":["[Manus] Debug collector initialized (no rrweb, UI events only)"],"stack":null}
[2026-08-16T15:03:26.906Z] {"timestamp":1786892605774,"level":"DEBUG","args":["[vite] connected."],"stack":null}
[2026-08-16T15:03:36.864Z] {"timestamp":1786892615579,"level":"DEBUG","args":["[Manus] Debug collector initialized (no rrweb, UI events only)"],"stack":null}
[2026-08-16T15:03:36.864Z] {"timestamp":1786892616182,"level":"DEBUG","args":["[vite] connected."],"stack":null}
[2026-08-16T15:03:41.904Z] {"timestamp":1786892619902,"level":"DEBUG","args":["[Manus] Debug collector initialized (no rrweb, UI events only)"],"stack":null}
[2026-08-16T15:03:41.904Z] {"timestamp":1786892619909,"level":"DEBUG","args":["[vite] connected."],"stack":null}
[2026-08-16T15:03:41.904Z] {"timestamp":1786892619978,"level":"INFO","args":["%cDownload the React DevTools for a better development experience: https://react.dev/link/react-devtools","font-weight:bold"],"stack":null}
[2026-08-16T15:03:55.070Z] {"timestamp":1786892633067,"level":"DEBUG","args":["[Manus] Debug collector initialized (no rrweb, UI events only)"],"stack":null}
[2026-08-16T15:03:55.070Z] {"timestamp":1786892633074,"level":"DEBUG","args":["[vite] connected."],"stack":null}
[2026-08-16T15:03:55.070Z] {"timestamp":1786892633151,"level":"INFO","args":["%cDownload the React DevTools for a better development experience: https://react.dev/link/react-devtools","font-weight:bold"],"stack":null}
[2026-08-16T15:04:08.856Z] {"timestamp":1786892646854,"level":"DEBUG","args":["[Manus] Debug collector initialized (no rrweb, UI events only)"],"stack":null}
[2026-08-16T15:04:08.856Z] {"timestamp":1786892646860,"level":"DEBUG","args":["[vite] connected."],"stack":null}
[2026-08-16T15:04:08.856Z] {"timestamp":1786892646942,"level":"INFO","args":["%cDownload the React DevTools for a better development experience: https://react.dev/link/react-devtools","font-weight:bold"],"stack":null}
[2026-08-16T15:04:29.672Z] {"timestamp":1786892667670,"level":"DEBUG","args":["[Manus] Debug collector initialized (no rrweb, UI events only)"],"stack":null}
[2026-08-16T15:04:29.672Z] {"timestamp":1786892667676,"level":"DEBUG","args":["[vite] connected."],"stack":null}
[2026-08-16T15:04:29.672Z] {"timestamp":1786892667747,"level":"INFO","args":["%cDownload the React DevTools for a better development experience: https://react.dev/link/react-devtools","font-weight:bold"],"stack":null}
[2026-08-16T15:04:45.852Z] {"timestamp":1786892683849,"level":"DEBUG","args":["[Manus] Debug collector initialized (no rrweb, UI events only)"],"stack":null}
[2026-08-16T15:04:45.852Z] {"timestamp":1786892683854,"level":"DEBUG","args":["[vite] connected."],"stack":null}
[2026-08-16T15:04:45.852Z] {"timestamp":1786892683929,"level":"INFO","args":["%cDownload the React DevTools for a better development experience: https://react.dev/link/react-devtools","font-weight:bold"],"stack":null}
[2026-08-16T15:05:37.862Z] {"timestamp":1786892736766,"level":"DEBUG","args":["[Manus] Debug collector initialized (no rrweb, UI events only)"],"stack":null}
[2026-08-16T15:06:00.865Z] {"timestamp":1786892759510,"level":"DEBUG","args":["[Manus] Debug collector initialized (no rrweb, UI events only)"],"stack":null}
[2026-08-16T15:06:05.927Z] {"timestamp":1786892763925,"level":"DEBUG","args":["[Manus] Debug collector initialized (no rrweb, UI events only)"],"stack":null}
[2026-08-16T15:06:05.927Z] {"timestamp":1786892763931,"level":"DEBUG","args":["[vite] connected."],"stack":null}
[2026-08-16T15:06:05.927Z] {"timestamp":1786892764022,"level":"INFO","args":["%cDownload the React DevTools for a better development experience: https://react.dev/link/react-devtools","font-weight:bold"],"stack":null}
[2026-08-16T15:06:18.682Z] {"timestamp":1786892776680,"level":"DEBUG","args":["[Manus] Debug collector initialized (no rrweb, UI events only)"],"stack":null}
[2026-08-16T15:06:18.682Z] {"timestamp":1786892776687,"level":"DEBUG","args":["[vite] connected."],"stack":null}
[2026-08-16T15:06:18.682Z] {"timestamp":1786892776755,"level":"INFO","args":["%cDownload the React DevTools for a better development experience: https://react.dev/link/react-devtools","font-weight:bold"],"stack":null}
[2026-08-16T15:06:29.595Z] {"timestamp":1786892787593,"level":"DEBUG","args":["[Manus] Debug collector initialized (no rrweb, UI events only)"],"stack":null}
[2026-08-16T15:06:29.595Z] {"timestamp":1786892787603,"level":"DEBUG","args":["[vite] connected."],"stack":null}
[2026-08-16T15:06:29.595Z] {"timestamp":1786892787667,"level":"INFO","args":["%cDownload the React DevTools for a better development experience: https://react.dev/link/react-devtools","font-weight:bold"],"stack":null}
[2026-08-16T15:07:03.260Z] {"timestamp":1786892821257,"level":"DEBUG","args":["[Manus] Debug collector initialized (no rrweb, UI events only)"],"stack":null}
[2026-08-16T15:07:03.260Z] {"timestamp":1786892821269,"level":"DEBUG","args":["[vite] connected."],"stack":null}
[2026-08-16T15:07:03.260Z] {"timestamp":1786892821345,"level":"INFO","args":["%cDownload the React DevTools for a better development experience: https://react.dev/link/react-devtools","font-weight:bold"],"stack":null}
[2026-08-16T15:07:29.866Z] {"timestamp":1786892849088,"level":"DEBUG","args":["[Manus] Debug collector initialized (no rrweb, UI events only)"],"stack":null}
[2026-08-16T15:07:29.866Z] {"timestamp":1786892849572,"level":"DEBUG","args":["[vite] connected."],"stack":null}
[2026-08-16T15:07:34.865Z] {"timestamp":1786892853991,"level":"DEBUG","args":["[Manus] Debug collector initialized (no rrweb, UI events only)"],"stack":null}
[2026-08-16T15:07:34.865Z] {"timestamp":1786892854519,"level":"DEBUG","args":["[vite] connected."],"stack":null}
[2026-08-16T15:07:52.717Z] {"timestamp":1786892870714,"level":"DEBUG","args":["[Manus] Debug collector initialized (no rrweb, UI events only)"],"stack":null}
[2026-08-16T15:07:52.717Z] {"timestamp":1786892870721,"level":"DEBUG","args":["[vite] connected."],"stack":null}
[2026-08-16T15:07:52.717Z] {"timestamp":1786892870782,"level":"INFO","args":["%cDownload the React DevTools for a better development experience: https://react.dev/link/react-devtools","font-weight:bold"],"stack":null}
[2026-08-16T15:08:31.858Z] {"timestamp":1786892910832,"level":"DEBUG","args":["[Manus] Debug collector initialized (no rrweb, UI events only)"],"stack":null}
[2026-08-16T15:08:54.864Z] {"timestamp":1786892933396,"level":"DEBUG","args":["[Manus] Debug collector initialized (no rrweb, UI events only)"],"stack":null}
[2026-08-16T15:09:00.886Z] {"timestamp":1786892940235,"level":"DEBUG","args":["[Manus] Debug collector initialized (no rrweb, UI events only)"],"stack":null}
[2026-08-16T15:09:00.886Z] {"timestamp":1786892940815,"level":"DEBUG","args":["[vite] connected."],"stack":null}
[2026-08-16T15:09:14.899Z] {"timestamp":1786892953819,"level":"DEBUG","args":["[Manus] Debug collector initialized (no rrweb, UI events only)"],"stack":null}
[2026-08-16T15:09:24.426Z] {"timestamp":1786892962425,"level":"DEBUG","args":["[Manus] Debug collector initialized (no rrweb, UI events only)"],"stack":null}
[2026-08-16T15:09:24.426Z] {"timestamp":1786892962431,"level":"DEBUG","args":["[vite] connected."],"stack":null}
[2026-08-16T15:09:24.426Z] {"timestamp":1786892962498,"level":"INFO","args":["%cDownload the React DevTools for a better development experience: https://react.dev/link/react-devtools","font-weight:bold"],"stack":null}
[2026-08-16T15:09:38.553Z] {"timestamp":1786892976551,"level":"DEBUG","args":["[Manus] Debug collector initialized (no rrweb, UI events only)"],"stack":null}
[2026-08-16T15:09:38.553Z] {"timestamp":1786892976558,"level":"DEBUG","args":["[vite] connected."],"stack":null}
[2026-08-16T15:09:38.553Z] {"timestamp":1786892976631,"level":"INFO","args":["%cDownload the React DevTools for a better development experience: https://react.dev/link/react-devtools","font-weight:bold"],"stack":null}
[2026-08-16T15:09:53.696Z] {"timestamp":1786892991693,"level":"DEBUG","args":["[Manus] Debug collector initialized (no rrweb, UI events only)"],"stack":null}
[2026-08-16T15:09:53.696Z] {"timestamp":1786892991698,"level":"DEBUG","args":["[vite] connected."],"stack":null}
[2026-08-16T15:09:53.696Z] {"timestamp":1786892991777,"level":"INFO","args":["%cDownload the React DevTools for a better development experience: https://react.dev/link/react-devtools","font-weight:bold"],"stack":null}
[2026-08-16T15:10:15.529Z] {"timestamp":1786893013527,"level":"DEBUG","args":["[Manus] Debug collector initialized (no rrweb, UI events only)"],"stack":null}
[2026-08-16T15:10:15.529Z] {"timestamp":1786893013534,"level":"DEBUG","args":["[vite] connected."],"stack":null}
[2026-08-16T15:10:15.529Z] {"timestamp":1786893013605,"level":"INFO","args":["%cDownload the React DevTools for a better development experience: https://react.dev/link/react-devtools","font-weight:bold"],"stack":null}
[2026-08-16T15:10:29.073Z] {"timestamp":1786893027071,"level":"DEBUG","args":["[Manus] Debug collector initialized (no rrweb, UI events only)"],"stack":null}
[2026-08-16T15:10:29.073Z] {"timestamp":1786893027077,"level":"DEBUG","args":["[vite] connected."],"stack":null}
[2026-08-16T15:10:29.073Z] {"timestamp":1786893027151,"level":"INFO","args":["%cDownload the React DevTools for a better development experience: https://react.dev/link/react-devtools","font-weight:bold"],"stack":null}
[2026-08-16T15:10:44.684Z] {"timestamp":1786893042682,"level":"DEBUG","args":["[Manus] Debug collector initialized (no rrweb, UI events only)"],"stack":null}
[2026-08-16T15:10:44.684Z] {"timestamp":1786893042689,"level":"DEBUG","args":["[vite] connected."],"stack":null}
[2026-08-16T15:10:44.684Z] {"timestamp":1786893042760,"level":"INFO","args":["%cDownload the React DevTools for a better development experience: https://react.dev/link/react-devtools","font-weight:bold"],"stack":null}
[2026-08-16T15:10:59.492Z] {"timestamp":1786893057490,"level":"DEBUG","args":["[Manus] Debug collector initialized (no rrweb, UI events only)"],"stack":null}
[2026-08-16T15:10:59.492Z] {"timestamp":1786893057500,"level":"DEBUG","args":["[vite] connected."],"stack":null}
[2026-08-16T15:10:59.492Z] {"timestamp":1786893057573,"level":"INFO","args":["%cDownload the React DevTools for a better development experience: https://react.dev/link/react-devtools","font-weight:bold"],"stack":null}
[2026-08-16T15:11:22.321Z] {"timestamp":1786893080319,"level":"DEBUG","args":["[Manus] Debug collector initialized (no rrweb, UI events only)"],"stack":null}
[2026-08-16T15:11:22.321Z] {"timestamp":1786893080325,"level":"DEBUG","args":["[vite] connected."],"stack":null}
[2026-08-16T15:11:22.321Z] {"timestamp":1786893080401,"level":"INFO","args":["%cDownload the React DevTools for a better development experience: https://react.dev/link/react-devtools","font-weight:bold"],"stack":null}
[2026-08-16T15:11:36.449Z] {"timestamp":1786893094446,"level":"DEBUG","args":["[Manus] Debug collector initialized (no rrweb, UI events only)"],"stack":null}
[2026-08-16T15:11:36.449Z] {"timestamp":1786893094452,"level":"DEBUG","args":["[vite] connected."],"stack":null}
[2026-08-16T15:11:36.449Z] {"timestamp":1786893094522,"level":"INFO","args":["%cDownload the React DevTools for a better development experience: https://react.dev/link/react-devtools","font-weight:bold"],"stack":null}
[2026-08-16T15:11:51.810Z] {"timestamp":1786893109808,"level":"DEBUG","args":["[Manus] Debug collector initialized (no rrweb, UI events only)"],"stack":null}
[2026-08-16T15:11:51.810Z] {"timestamp":1786893109826,"level":"DEBUG","args":["[vite] connected."],"stack":null}
[2026-08-16T15:11:51.810Z] {"timestamp":1786893109901,"level":"INFO","args":["%cDownload the React DevTools for a better development experience: https://react.dev/link/react-devtools","font-weight:bold"],"stack":null}
[2026-08-16T15:12:46.623Z] {"timestamp":1786893164621,"level":"DEBUG","args":["[Manus] Debug collector initialized (no rrweb, UI events only)"],"stack":null}
[2026-08-16T15:12:46.623Z] {"timestamp":1786893164627,"level":"DEBUG","args":["[vite] connected."],"stack":null}
[2026-08-16T15:12:46.623Z] {"timestamp":1786893164717,"level":"INFO","args":["%cDownload the React DevTools for a better development experience: https://react.dev/link/react-devtools","font-weight:bold"],"stack":null}
[2026-08-16T15:12:58.531Z] {"timestamp":1786893176529,"level":"DEBUG","args":["[Manus] Debug collector initialized (no rrweb, UI events only)"],"stack":null}
[2026-08-16T15:12:58.531Z] {"timestamp":1786893176540,"level":"DEBUG","args":["[vite] connected."],"stack":null}
[2026-08-16T15:12:58.531Z] {"timestamp":1786893176628,"level":"INFO","args":["%cDownload the React DevTools for a better development experience: https://react.dev/link/react-devtools","font-weight:bold"],"stack":null}
[2026-08-16T15:13:11.666Z] {"timestamp":1786893189664,"level":"DEBUG","args":["[Manus] Debug collector initialized (no rrweb, UI events only)"],"stack":null}
[2026-08-16T15:13:11.666Z] {"timestamp":1786893189669,"level":"DEBUG","args":["[vite] connected."],"stack":null}
[2026-08-16T15:13:11.666Z] {"timestamp":1786893189737,"level":"INFO","args":["%cDownload the React DevTools for a better development experience: https://react.dev/link/react-devtools","font-weight:bold"],"stack":null}
[2026-08-16T15:13:24.251Z] {"timestamp":1786893202249,"level":"DEBUG","args":["[Manus] Debug collector initialized (no rrweb, UI events only)"],"stack":null}
[2026-08-16T15:13:24.251Z] {"timestamp":1786893202254,"level":"DEBUG","args":["[vite] connected."],"stack":null}
[2026-08-16T15:13:24.251Z] {"timestamp":1786893202325,"level":"INFO","args":["%cDownload the React DevTools for a better development experience: https://react.dev/link/react-devtools","font-weight:bold"],"stack":null}
[2026-08-16T15:14:35.869Z] {"timestamp":1786893275326,"level":"DEBUG","args":["[Manus] Debug collector initialized (no rrweb, UI events only)"],"stack":null}
[2026-08-16T15:14:35.869Z] {"timestamp":1786893275896,"level":"DEBUG","args":["[vite] connected."],"stack":null}
[2026-08-16T15:14:43.886Z] {"timestamp":1786893282931,"level":"DEBUG","args":["[Manus] Debug collector initialized (no rrweb, UI events only)"],"stack":null}
[2026-08-16T15:14:57.664Z] {"timestamp":1786893295662,"level":"DEBUG","args":["[Manus] Debug collector initialized (no rrweb, UI events only)"],"stack":null}
[2026-08-16T15:14:57.664Z] {"timestamp":1786893295668,"level":"DEBUG","args":["[vite] connected."],"stack":null}
[2026-08-16T15:14:57.664Z] {"timestamp":1786893295737,"level":"INFO","args":["%cDownload the React DevTools for a better development experience: https://react.dev/link/react-devtools","font-weight:bold"],"stack":null}
[2026-08-16T15:15:10.490Z] {"timestamp":1786893308487,"level":"DEBUG","args":["[Manus] Debug collector initialized (no rrweb, UI events only)"],"stack":null}
[2026-08-16T15:15:10.490Z] {"timestamp":1786893308493,"level":"DEBUG","args":["[vite] connected."],"stack":null}
[2026-08-16T15:15:10.490Z] {"timestamp":1786893308570,"level":"INFO","args":["%cDownload the React DevTools for a better development experience: https://react.dev/link/react-devtools","font-weight:bold"],"stack":null}
[2026-08-16T15:15:24.093Z] {"timestamp":1786893322091,"level":"DEBUG","args":["[Manus] Debug collector initialized (no rrweb, UI events only)"],"stack":null}
[2026-08-16T15:15:24.093Z] {"timestamp":1786893322097,"level":"DEBUG","args":["[vite] connected."],"stack":null}
[2026-08-16T15:15:24.093Z] {"timestamp":1786893322172,"level":"INFO","args":["%cDownload the React DevTools for a better development experience: https://react.dev/link/react-devtools","font-weight:bold"],"stack":null}
[2026-08-16T15:15:40.376Z] {"timestamp":1786893338373,"level":"DEBUG","args":["[Manus] Debug collector initialized (no rrweb, UI events only)"],"stack":null}
[2026-08-16T15:15:40.376Z] {"timestamp":1786893338382,"level":"DEBUG","args":["[vite] connected."],"stack":null}
[2026-08-16T15:15:40.376Z] {"timestamp":1786893338454,"level":"INFO","args":["%cDownload the React DevTools for a better development experience: https://react.dev/link/react-devtools","font-weight:bold"],"stack":null}
[2026-08-16T15:16:44.206Z] {"timestamp":1786893403013,"level":"DEBUG","args":["[vite]","hot updated: /src/index.css"],"stack":null}
[2026-08-16T15:16:44.206Z] {"timestamp":1786893403013,"level":"DEBUG","args":["[vite]","hot updated: /src/styles/amelie-rebuild.css"],"stack":null}
[2026-08-16T15:16:50.086Z] {"timestamp":1786893409423,"level":"DEBUG","args":["[Manus] Debug collector initialized (no rrweb, UI events only)"],"stack":null}
[2026-08-16T15:16:50.086Z] {"timestamp":1786893409955,"level":"DEBUG","args":["[vite] connected."],"stack":null}
[2026-08-16T15:17:03.784Z] {"timestamp":1786893421782,"level":"DEBUG","args":["[Manus] Debug collector initialized (no rrweb, UI events only)"],"stack":null}
[2026-08-16T15:17:03.784Z] {"timestamp":1786893421786,"level":"DEBUG","args":["[vite] connected."],"stack":null}
[2026-08-16T15:17:03.784Z] {"timestamp":1786893421857,"level":"INFO","args":["%cDownload the React DevTools for a better development experience: https://react.dev/link/react-devtools","font-weight:bold"],"stack":null}
[2026-08-16T15:17:17.471Z] {"timestamp":1786893435469,"level":"DEBUG","args":["[Manus] Debug collector initialized (no rrweb, UI events only)"],"stack":null}
[2026-08-16T15:17:17.471Z] {"timestamp":1786893435477,"level":"DEBUG","args":["[vite] connected."],"stack":null}
[2026-08-16T15:17:17.471Z] {"timestamp":1786893435556,"level":"INFO","args":["%cDownload the React DevTools for a better development experience: https://react.dev/link/react-devtools","font-weight:bold"],"stack":null}
[2026-08-16T15:17:33.167Z] {"timestamp":1786893451165,"level":"DEBUG","args":["[Manus] Debug collector initialized (no rrweb, UI events only)"],"stack":null}
[2026-08-16T15:17:33.167Z] {"timestamp":1786893451181,"level":"DEBUG","args":["[vite] connected."],"stack":null}
[2026-08-16T15:17:33.167Z] {"timestamp":1786893451239,"level":"INFO","args":["%cDownload the React DevTools for a better development experience: https://react.dev/link/react-devtools","font-weight:bold"],"stack":null}
[2026-08-16T15:17:47.296Z] {"timestamp":1786893465293,"level":"DEBUG","args":["[Manus] Debug collector initialized (no rrweb, UI events only)"],"stack":null}
[2026-08-16T15:17:47.296Z] {"timestamp":1786893465299,"level":"DEBUG","args":["[vite] connected."],"stack":null}
[2026-08-16T15:17:47.296Z] {"timestamp":1786893465378,"level":"INFO","args":["%cDownload the React DevTools for a better development experience: https://react.dev/link/react-devtools","font-weight:bold"],"stack":null}
[2026-08-16T15:21:47.275Z] {"timestamp":1786893706742,"level":"DEBUG","args":["[Manus] Debug collector initialized (no rrweb, UI events only)"],"stack":null}
[2026-08-16T15:21:47.275Z] {"timestamp":1786893707266,"level":"DEBUG","args":["[vite] connected."],"stack":null}
[2026-08-16T15:22:23.278Z] {"timestamp":1786893744210,"level":"DEBUG","args":["[vite]","hot updated: /src/index.css"],"stack":null}
[2026-08-16T15:22:23.278Z] {"timestamp":1786893744210,"level":"DEBUG","args":["[vite]","hot updated: /src/styles/amelie-rebuild.css"],"stack":null}
[2026-08-16T15:22:30.770Z] {"timestamp":1786893750040,"level":"DEBUG","args":["[Manus] Debug collector initialized (no rrweb, UI events only)"],"stack":null}
[2026-08-16T15:22:30.770Z] {"timestamp":1786893750571,"level":"DEBUG","args":["[vite] connected."],"stack":null}
[2026-08-16T15:22:45.495Z] {"timestamp":1786893763492,"level":"DEBUG","args":["[Manus] Debug collector initialized (no rrweb, UI events only)"],"stack":null}
[2026-08-16T15:22:45.495Z] {"timestamp":1786893763498,"level":"DEBUG","args":["[vite] connected."],"stack":null}
[2026-08-16T15:22:45.495Z] {"timestamp":1786893763572,"level":"INFO","args":["%cDownload the React DevTools for a better development experience: https://react.dev/link/react-devtools","font-weight:bold"],"stack":null}
[2026-08-16T15:22:57.988Z] {"timestamp":1786893775985,"level":"DEBUG","args":["[Manus] Debug collector initialized (no rrweb, UI events only)"],"stack":null}
[2026-08-16T15:22:57.988Z] {"timestamp":1786893775993,"level":"DEBUG","args":["[vite] connected."],"stack":null}
[2026-08-16T15:22:57.988Z] {"timestamp":1786893776061,"level":"INFO","args":["%cDownload the React DevTools for a better development experience: https://react.dev/link/react-devtools","font-weight:bold"],"stack":null}
[2026-08-16T15:23:10.746Z] {"timestamp":1786893788744,"level":"DEBUG","args":["[Manus] Debug collector initialized (no rrweb, UI events only)"],"stack":null}
[2026-08-16T15:23:10.746Z] {"timestamp":1786893788750,"level":"DEBUG","args":["[vite] connected."],"stack":null}
[2026-08-16T15:23:10.746Z] {"timestamp":1786893788828,"level":"INFO","args":["%cDownload the React DevTools for a better development experience: https://react.dev/link/react-devtools","font-weight:bold"],"stack":null}
[2026-08-16T15:23:23.388Z] {"timestamp":1786893801385,"level":"DEBUG","args":["[Manus] Debug collector initialized (no rrweb, UI events only)"],"stack":null}
[2026-08-16T15:23:23.388Z] {"timestamp":1786893801391,"level":"DEBUG","args":["[vite] connected."],"stack":null}
[2026-08-16T15:23:23.388Z] {"timestamp":1786893801459,"level":"INFO","args":["%cDownload the React DevTools for a better development experience: https://react.dev/link/react-devtools","font-weight:bold"],"stack":null}
[2026-08-16T15:24:38.874Z] {"timestamp":1786893878008,"level":"DEBUG","args":["[Manus] Debug collector initialized (no rrweb, UI events only)"],"stack":null}
[2026-08-16T15:24:53.879Z] {"timestamp":1786893893141,"level":"DEBUG","args":["[Manus] Debug collector initialized (no rrweb, UI events only)"],"stack":null}
[2026-08-16T15:24:53.879Z] {"timestamp":1786893893494,"level":"DEBUG","args":["[vite] connected."],"stack":null}
[2026-08-16T15:25:02.863Z] {"timestamp":1786893901937,"level":"DEBUG","args":["[Manus] Debug collector initialized (no rrweb, UI events only)"],"stack":null}
[2026-08-16T15:25:02.863Z] {"timestamp":1786893902490,"level":"DEBUG","args":["[vite] connected."],"stack":null}
[2026-08-16T15:25:17.871Z] {"timestamp":1786893916478,"level":"DEBUG","args":["[Manus] Debug collector initialized (no rrweb, UI events only)"],"stack":null}
[2026-08-16T15:25:17.871Z] {"timestamp":1786893917041,"level":"DEBUG","args":["[vite] connected."],"stack":null}
[2026-08-16T15:25:27.435Z] {"timestamp":1786893925432,"level":"DEBUG","args":["[Manus] Debug collector initialized (no rrweb, UI events only)"],"stack":null}
[2026-08-16T15:25:27.435Z] {"timestamp":1786893925439,"level":"DEBUG","args":["[vite] connected."],"stack":null}
[2026-08-16T15:25:27.435Z] {"timestamp":1786893925511,"level":"INFO","args":["%cDownload the React DevTools for a better development experience: https://react.dev/link/react-devtools","font-weight:bold"],"stack":null}
[2026-08-16T15:25:27.860Z] {"timestamp":1786893926491,"level":"DEBUG","args":["[Manus] Debug collector initialized (no rrweb, UI events only)"],"stack":null}
[2026-08-16T15:25:39.875Z] {"timestamp":1786893937872,"level":"DEBUG","args":["[Manus] Debug collector initialized (no rrweb, UI events only)"],"stack":null}
[2026-08-16T15:25:39.875Z] {"timestamp":1786893937880,"level":"DEBUG","args":["[vite] connected."],"stack":null}
[2026-08-16T15:25:39.875Z] {"timestamp":1786893937951,"level":"INFO","args":["%cDownload the React DevTools for a better development experience: https://react.dev/link/react-devtools","font-weight:bold"],"stack":null}
[2026-08-16T15:25:52.262Z] {"timestamp":1786893950260,"level":"DEBUG","args":["[Manus] Debug collector initialized (no rrweb, UI events only)"],"stack":null}
[2026-08-16T15:25:52.262Z] {"timestamp":1786893950266,"level":"DEBUG","args":["[vite] connected."],"stack":null}
[2026-08-16T15:25:52.262Z] {"timestamp":1786893950336,"level":"INFO","args":["%cDownload the React DevTools for a better development experience: https://react.dev/link/react-devtools","font-weight:bold"],"stack":null}
[2026-08-16T15:26:03.436Z] {"timestamp":1786893961434,"level":"DEBUG","args":["[Manus] Debug collector initialized (no rrweb, UI events only)"],"stack":null}
[2026-08-16T15:26:03.436Z] {"timestamp":1786893961439,"level":"DEBUG","args":["[vite] connected."],"stack":null}
[2026-08-16T15:26:03.436Z] {"timestamp":1786893961511,"level":"INFO","args":["%cDownload the React DevTools for a better development experience: https://react.dev/link/react-devtools","font-weight:bold"],"stack":null}
[2026-08-16T15:26:41.860Z] {"timestamp":1786894000374,"level":"DEBUG","args":["[Manus] Debug collector initialized (no rrweb, UI events only)"],"stack":null}
[2026-08-16T15:26:41.860Z] {"timestamp":1786894000897,"level":"DEBUG","args":["[vite] connected."],"stack":null}
[2026-08-16T15:26:43.189Z] {"timestamp":1786894001187,"level":"DEBUG","args":["[Manus] Debug collector initialized (no rrweb, UI events only)"],"stack":null}
[2026-08-16T15:26:43.189Z] {"timestamp":1786894001192,"level":"DEBUG","args":["[vite] connected."],"stack":null}
[2026-08-16T15:26:43.189Z] {"timestamp":1786894001262,"level":"INFO","args":["%cDownload the React DevTools for a better development experience: https://react.dev/link/react-devtools","font-weight:bold"],"stack":null}
[2026-08-16T15:26:54.845Z] {"timestamp":1786894012843,"level":"DEBUG","args":["[Manus] Debug collector initialized (no rrweb, UI events only)"],"stack":null}
[2026-08-16T15:26:54.845Z] {"timestamp":1786894012850,"level":"DEBUG","args":["[vite] connected."],"stack":null}
[2026-08-16T15:26:54.845Z] {"timestamp":1786894012920,"level":"INFO","args":["%cDownload the React DevTools for a better development experience: https://react.dev/link/react-devtools","font-weight:bold"],"stack":null}
[2026-08-16T15:27:06.342Z] {"timestamp":1786894024340,"level":"DEBUG","args":["[Manus] Debug collector initialized (no rrweb, UI events only)"],"stack":null}
[2026-08-16T15:27:06.342Z] {"timestamp":1786894024347,"level":"DEBUG","args":["[vite] connected."],"stack":null}
[2026-08-16T15:27:06.342Z] {"timestamp":1786894024412,"level":"INFO","args":["%cDownload the React DevTools for a better development experience: https://react.dev/link/react-devtools","font-weight:bold"],"stack":null}
[2026-08-16T15:27:17.841Z] {"timestamp":1786894035839,"level":"DEBUG","args":["[Manus] Debug collector initialized (no rrweb, UI events only)"],"stack":null}
[2026-08-16T15:27:17.841Z] {"timestamp":1786894035845,"level":"DEBUG","args":["[vite] connected."],"stack":null}
[2026-08-16T15:27:17.841Z] {"timestamp":1786894035930,"level":"INFO","args":["%cDownload the React DevTools for a better development experience: https://react.dev/link/react-devtools","font-weight:bold"],"stack":null}
[2026-08-16T15:28:25.381Z] {"timestamp":1786894103378,"level":"DEBUG","args":["[Manus] Debug collector initialized (no rrweb, UI events only)"],"stack":null}
[2026-08-16T15:28:25.381Z] {"timestamp":1786894103384,"level":"DEBUG","args":["[vite] connected."],"stack":null}
[2026-08-16T15:28:25.381Z] {"timestamp":1786894103455,"level":"INFO","args":["%cDownload the React DevTools for a better development experience: https://react.dev/link/react-devtools","font-weight:bold"],"stack":null}
[2026-08-16T15:28:31.867Z] {"timestamp":1786894111278,"level":"DEBUG","args":["[Manus] Debug collector initialized (no rrweb, UI events only)"],"stack":null}
[2026-08-16T15:28:38.250Z] {"timestamp":1786894116248,"level":"DEBUG","args":["[Manus] Debug collector initialized (no rrweb, UI events only)"],"stack":null}
[2026-08-16T15:28:38.250Z] {"timestamp":1786894116252,"level":"DEBUG","args":["[vite] connected."],"stack":null}
[2026-08-16T15:28:38.250Z] {"timestamp":1786894116321,"level":"INFO","args":["%cDownload the React DevTools for a better development experience: https://react.dev/link/react-devtools","font-weight:bold"],"stack":null}
[2026-08-16T15:28:51.117Z] {"timestamp":1786894129114,"level":"DEBUG","args":["[Manus] Debug collector initialized (no rrweb, UI events only)"],"stack":null}
[2026-08-16T15:28:51.117Z] {"timestamp":1786894129119,"level":"DEBUG","args":["[vite] connected."],"stack":null}
[2026-08-16T15:28:51.117Z] {"timestamp":1786894129191,"level":"INFO","args":["%cDownload the React DevTools for a better development experience: https://react.dev/link/react-devtools","font-weight:bold"],"stack":null}
[2026-08-16T15:29:03.549Z] {"timestamp":1786894141547,"level":"DEBUG","args":["[Manus] Debug collector initialized (no rrweb, UI events only)"],"stack":null}
[2026-08-16T15:29:03.549Z] {"timestamp":1786894141552,"level":"DEBUG","args":["[vite] connected."],"stack":null}
[2026-08-16T15:29:03.549Z] {"timestamp":1786894141624,"level":"INFO","args":["%cDownload the React DevTools for a better development experience: https://react.dev/link/react-devtools","font-weight:bold"],"stack":null}
[2026-08-16T15:30:17.961Z] {"timestamp":1786894216846,"level":"DEBUG","args":["[Manus] Debug collector initialized (no rrweb, UI events only)"],"stack":null}
[2026-08-16T15:30:17.961Z] {"timestamp":1786894217367,"level":"DEBUG","args":["[vite] connected."],"stack":null}
[2026-08-16T15:30:22.877Z] {"timestamp":1786894221389,"level":"DEBUG","args":["[Manus] Debug collector initialized (no rrweb, UI events only)"],"stack":null}
[2026-08-16T15:30:22.877Z] {"timestamp":1786894222040,"level":"DEBUG","args":["[vite] connected."],"stack":null}
[2026-08-16T15:32:36.137Z] {"timestamp":1786894354135,"level":"DEBUG","args":["[Manus] Debug collector initialized (no rrweb, UI events only)"],"stack":null}
[2026-08-16T15:32:36.137Z] {"timestamp":1786894354142,"level":"DEBUG","args":["[vite] connected."],"stack":null}
[2026-08-16T15:32:36.137Z] {"timestamp":1786894354214,"level":"INFO","args":["%cDownload the React DevTools for a better development experience: https://react.dev/link/react-devtools","font-weight:bold"],"stack":null}
[2026-08-16T15:32:50.092Z] {"timestamp":1786894368089,"level":"DEBUG","args":["[Manus] Debug collector initialized (no rrweb, UI events only)"],"stack":null}
[2026-08-16T15:32:50.092Z] {"timestamp":1786894368094,"level":"DEBUG","args":["[vite] connected."],"stack":null}
[2026-08-16T15:32:50.092Z] {"timestamp":1786894368166,"level":"INFO","args":["%cDownload the React DevTools for a better development experience: https://react.dev/link/react-devtools","font-weight:bold"],"stack":null}
[2026-08-16T15:33:03.846Z] {"timestamp":1786894381844,"level":"DEBUG","args":["[Manus] Debug collector initialized (no rrweb, UI events only)"],"stack":null}
[2026-08-16T15:33:03.847Z] {"timestamp":1786894381848,"level":"DEBUG","args":["[vite] connected."],"stack":null}
[2026-08-16T15:33:03.847Z] {"timestamp":1786894381920,"level":"INFO","args":["%cDownload the React DevTools for a better development experience: https://react.dev/link/react-devtools","font-weight:bold"],"stack":null}
[2026-08-16T15:33:18.529Z] {"timestamp":1786894396527,"level":"DEBUG","args":["[Manus] Debug collector initialized (no rrweb, UI events only)"],"stack":null}
[2026-08-16T15:33:18.529Z] {"timestamp":1786894396533,"level":"DEBUG","args":["[vite] connected."],"stack":null}
[2026-08-16T15:33:18.529Z] {"timestamp":1786894396613,"level":"INFO","args":["%cDownload the React DevTools for a better development experience: https://react.dev/link/react-devtools","font-weight:bold"],"stack":null}
[2026-08-16T15:33:56.406Z] {"timestamp":1786894434403,"level":"DEBUG","args":["[Manus] Debug collector initialized (no rrweb, UI events only)"],"stack":null}
[2026-08-16T15:33:56.406Z] {"timestamp":1786894434411,"level":"DEBUG","args":["[vite] connected."],"stack":null}
[2026-08-16T15:33:56.406Z] {"timestamp":1786894434498,"level":"INFO","args":["%cDownload the React DevTools for a better development experience: https://react.dev/link/react-devtools","font-weight:bold"],"stack":null}
[2026-08-16T15:34:10.849Z] {"timestamp":1786894448847,"level":"DEBUG","args":["[Manus] Debug collector initialized (no rrweb, UI events only)"],"stack":null}
[2026-08-16T15:34:10.849Z] {"timestamp":1786894448853,"level":"DEBUG","args":["[vite] connected."],"stack":null}
[2026-08-16T15:34:10.849Z] {"timestamp":1786894448938,"level":"INFO","args":["%cDownload the React DevTools for a better development experience: https://react.dev/link/react-devtools","font-weight:bold"],"stack":null}
[2026-08-16T15:34:24.518Z] {"timestamp":1786894462516,"level":"DEBUG","args":["[Manus] Debug collector initialized (no rrweb, UI events only)"],"stack":null}
[2026-08-16T15:34:24.518Z] {"timestamp":1786894462522,"level":"DEBUG","args":["[vite] connected."],"stack":null}
[2026-08-16T15:34:24.518Z] {"timestamp":1786894462600,"level":"INFO","args":["%cDownload the React DevTools for a better development experience: https://react.dev/link/react-devtools","font-weight:bold"],"stack":null}
[2026-08-16T15:34:38.718Z] {"timestamp":1786894476716,"level":"DEBUG","args":["[Manus] Debug collector initialized (no rrweb, UI events only)"],"stack":null}
[2026-08-16T15:34:38.718Z] {"timestamp":1786894476723,"level":"DEBUG","args":["[vite] connected."],"stack":null}
[2026-08-16T15:34:38.718Z] {"timestamp":1786894476812,"level":"INFO","args":["%cDownload the React DevTools for a better development experience: https://react.dev/link/react-devtools","font-weight:bold"],"stack":null}
[2026-08-16T15:34:52.627Z] {"timestamp":1786894490624,"level":"DEBUG","args":["[Manus] Debug collector initialized (no rrweb, UI events only)"],"stack":null}
[2026-08-16T15:34:52.627Z] {"timestamp":1786894490629,"level":"DEBUG","args":["[vite] connected."],"stack":null}
[2026-08-16T15:34:52.627Z] {"timestamp":1786894490704,"level":"INFO","args":["%cDownload the React DevTools for a better development experience: https://react.dev/link/react-devtools","font-weight:bold"],"stack":null}
[2026-08-16T15:35:33.746Z] {"timestamp":1786894531744,"level":"DEBUG","args":["[Manus] Debug collector initialized (no rrweb, UI events only)"],"stack":null}
[2026-08-16T15:35:33.746Z] {"timestamp":1786894531749,"level":"DEBUG","args":["[vite] connected."],"stack":null}
[2026-08-16T15:35:33.746Z] {"timestamp":1786894531820,"level":"INFO","args":["%cDownload the React DevTools for a better development experience: https://react.dev/link/react-devtools","font-weight:bold"],"stack":null}
[2026-08-16T15:36:36.573Z] {"timestamp":1786894594562,"level":"DEBUG","args":["[Manus] Debug collector initialized (no rrweb, UI events only)"],"stack":null}
[2026-08-16T15:36:36.573Z] {"timestamp":1786894594571,"level":"DEBUG","args":["[vite] connected."],"stack":null}
[2026-08-16T15:36:36.573Z] {"timestamp":1786894594642,"level":"INFO","args":["%cDownload the React DevTools for a better development experience: https://react.dev/link/react-devtools","font-weight:bold"],"stack":null}
[2026-08-16T15:37:01.634Z] {"timestamp":1786894619632,"level":"DEBUG","args":["[Manus] Debug collector initialized (no rrweb, UI events only)"],"stack":null}
[2026-08-16T15:37:01.634Z] {"timestamp":1786894619639,"level":"DEBUG","args":["[vite] connected."],"stack":null}
[2026-08-16T15:37:01.634Z] {"timestamp":1786894619707,"level":"INFO","args":["%cDownload the React DevTools for a better development experience: https://react.dev/link/react-devtools","font-weight:bold"],"stack":null}
[2026-08-16T15:37:16.022Z] {"timestamp":1786894634020,"level":"DEBUG","args":["[Manus] Debug collector initialized (no rrweb, UI events only)"],"stack":null}
[2026-08-16T15:37:16.022Z] {"timestamp":1786894634025,"level":"DEBUG","args":["[vite] connected."],"stack":null}
[2026-08-16T15:37:16.022Z] {"timestamp":1786894634104,"level":"INFO","args":["%cDownload the React DevTools for a better development experience: https://react.dev/link/react-devtools","font-weight:bold"],"stack":null}
[2026-08-16T15:37:31.835Z] {"timestamp":1786894649833,"level":"DEBUG","args":["[Manus] Debug collector initialized (no rrweb, UI events only)"],"stack":null}
[2026-08-16T15:37:31.835Z] {"timestamp":1786894649839,"level":"DEBUG","args":["[vite] connected."],"stack":null}
[2026-08-16T15:37:31.835Z] {"timestamp":1786894649914,"level":"INFO","args":["%cDownload the React DevTools for a better development experience: https://react.dev/link/react-devtools","font-weight:bold"],"stack":null}
[2026-08-16T15:37:47.957Z] {"timestamp":1786894665954,"level":"DEBUG","args":["[Manus] Debug collector initialized (no rrweb, UI events only)"],"stack":null}
[2026-08-16T15:37:47.957Z] {"timestamp":1786894665961,"level":"DEBUG","args":["[vite] connected."],"stack":null}
[2026-08-16T15:37:47.957Z] {"timestamp":1786894666032,"level":"INFO","args":["%cDownload the React DevTools for a better development experience: https://react.dev/link/react-devtools","font-weight:bold"],"stack":null}
[2026-08-16T15:38:03.493Z] {"timestamp":1786894681490,"level":"DEBUG","args":["[Manus] Debug collector initialized (no rrweb, UI events only)"],"stack":null}
[2026-08-16T15:38:03.493Z] {"timestamp":1786894681497,"level":"DEBUG","args":["[vite] connected."],"stack":null}
[2026-08-16T15:38:03.493Z] {"timestamp":1786894681584,"level":"INFO","args":["%cDownload the React DevTools for a better development experience: https://react.dev/link/react-devtools","font-weight:bold"],"stack":null}
[2026-08-16T15:38:19.294Z] {"timestamp":1786894697292,"level":"DEBUG","args":["[Manus] Debug collector initialized (no rrweb, UI events only)"],"stack":null}
[2026-08-16T15:38:19.294Z] {"timestamp":1786894697306,"level":"DEBUG","args":["[vite] connected."],"stack":null}
[2026-08-16T15:38:19.294Z] {"timestamp":1786894697369,"level":"INFO","args":["%cDownload the React DevTools for a better development experience: https://react.dev/link/react-devtools","font-weight:bold"],"stack":null}
[2026-08-16T15:38:36.001Z] {"timestamp":1786894713999,"level":"DEBUG","args":["[Manus] Debug collector initialized (no rrweb, UI events only)"],"stack":null}
[2026-08-16T15:38:36.001Z] {"timestamp":1786894714005,"level":"DEBUG","args":["[vite] connected."],"stack":null}
[2026-08-16T15:38:36.001Z] {"timestamp":1786894714085,"level":"INFO","args":["%cDownload the React DevTools for a better development experience: https://react.dev/link/react-devtools","font-weight:bold"],"stack":null}
[2026-08-16T15:38:58.458Z] {"timestamp":1786894736455,"level":"DEBUG","args":["[Manus] Debug collector initialized (no rrweb, UI events only)"],"stack":null}
[2026-08-16T15:38:58.458Z] {"timestamp":1786894736462,"level":"DEBUG","args":["[vite] connected."],"stack":null}
[2026-08-16T15:38:58.458Z] {"timestamp":1786894736540,"level":"INFO","args":["%cDownload the React DevTools for a better development experience: https://react.dev/link/react-devtools","font-weight:bold"],"stack":null}
[2026-08-16T15:39:10.998Z] {"timestamp":1786894748996,"level":"DEBUG","args":["[Manus] Debug collector initialized (no rrweb, UI events only)"],"stack":null}
[2026-08-16T15:39:10.998Z] {"timestamp":1786894749005,"level":"DEBUG","args":["[vite] connected."],"stack":null}
[2026-08-16T15:39:10.998Z] {"timestamp":1786894749104,"level":"INFO","args":["%cDownload the React DevTools for a better development experience: https://react.dev/link/react-devtools","font-weight:bold"],"stack":null}
[2026-08-16T15:39:22.471Z] {"timestamp":1786894760469,"level":"DEBUG","args":["[Manus] Debug collector initialized (no rrweb, UI events only)"],"stack":null}
[2026-08-16T15:39:22.471Z] {"timestamp":1786894760474,"level":"DEBUG","args":["[vite] connected."],"stack":null}
[2026-08-16T15:39:22.471Z] {"timestamp":1786894760551,"level":"INFO","args":["%cDownload the React DevTools for a better development experience: https://react.dev/link/react-devtools","font-weight:bold"],"stack":null}
[2026-08-16T15:39:34.173Z] {"timestamp":1786894772171,"level":"DEBUG","args":["[Manus] Debug collector initialized (no rrweb, UI events only)"],"stack":null}
[2026-08-16T15:39:34.173Z] {"timestamp":1786894772178,"level":"DEBUG","args":["[vite] connected."],"stack":null}
[2026-08-16T15:39:34.173Z] {"timestamp":1786894772257,"level":"INFO","args":["%cDownload the React DevTools for a better development experience: https://react.dev/link/react-devtools","font-weight:bold"],"stack":null}
[2026-08-16T15:44:17.873Z] {"timestamp":1786895056615,"level":"DEBUG","args":["[Manus] Debug collector initialized (no rrweb, UI events only)"],"stack":null}
[2026-08-16T15:44:27.302Z] {"timestamp":1786895065300,"level":"DEBUG","args":["[Manus] Debug collector initialized (no rrweb, UI events only)"],"stack":null}
[2026-08-16T15:44:27.303Z] {"timestamp":1786895065307,"level":"DEBUG","args":["[vite] connected."],"stack":null}
[2026-08-16T15:44:27.303Z] {"timestamp":1786895065382,"level":"INFO","args":["%cDownload the React DevTools for a better development experience: https://react.dev/link/react-devtools","font-weight:bold"],"stack":null}
[2026-08-16T15:44:43.620Z] {"timestamp":1786895081618,"level":"DEBUG","args":["[Manus] Debug collector initialized (no rrweb, UI events only)"],"stack":null}
[2026-08-16T15:44:43.620Z] {"timestamp":1786895081626,"level":"DEBUG","args":["[vite] connected."],"stack":null}
[2026-08-16T15:44:43.620Z] {"timestamp":1786895081704,"level":"INFO","args":["%cDownload the React DevTools for a better development experience: https://react.dev/link/react-devtools","font-weight:bold"],"stack":null}
[2026-08-16T15:45:30.030Z] {"timestamp":1786895128028,"level":"DEBUG","args":["[Manus] Debug collector initialized (no rrweb, UI events only)"],"stack":null}
[2026-08-16T15:45:30.030Z] {"timestamp":1786895128033,"level":"DEBUG","args":["[vite] connected."],"stack":null}
[2026-08-16T15:45:30.030Z] {"timestamp":1786895128110,"level":"INFO","args":["%cDownload the React DevTools for a better development experience: https://react.dev/link/react-devtools","font-weight:bold"],"stack":null}
[2026-08-16T15:45:47.229Z] {"timestamp":1786895145226,"level":"DEBUG","args":["[Manus] Debug collector initialized (no rrweb, UI events only)"],"stack":null}
[2026-08-16T15:45:47.229Z] {"timestamp":1786895145236,"level":"DEBUG","args":["[vite] connected."],"stack":null}
[2026-08-16T15:45:47.229Z] {"timestamp":1786895145304,"level":"INFO","args":["%cDownload the React DevTools for a better development experience: https://react.dev/link/react-devtools","font-weight:bold"],"stack":null}
[2026-08-16T15:46:03.315Z] {"timestamp":1786895161313,"level":"DEBUG","args":["[Manus] Debug collector initialized (no rrweb, UI events only)"],"stack":null}
[2026-08-16T15:46:03.315Z] {"timestamp":1786895161318,"level":"DEBUG","args":["[vite] connected."],"stack":null}
[2026-08-16T15:46:03.315Z] {"timestamp":1786895161391,"level":"INFO","args":["%cDownload the React DevTools for a better development experience: https://react.dev/link/react-devtools","font-weight:bold"],"stack":null}
[2026-08-16T15:46:20.735Z] {"timestamp":1786895178732,"level":"DEBUG","args":["[Manus] Debug collector initialized (no rrweb, UI events only)"],"stack":null}
[2026-08-16T15:46:20.735Z] {"timestamp":1786895178738,"level":"DEBUG","args":["[vite] connected."],"stack":null}
[2026-08-16T15:46:20.735Z] {"timestamp":1786895178823,"level":"INFO","args":["%cDownload the React DevTools for a better development experience: https://react.dev/link/react-devtools","font-weight:bold"],"stack":null}
[2026-08-16T15:46:38.429Z] {"timestamp":1786895196426,"level":"DEBUG","args":["[Manus] Debug collector initialized (no rrweb, UI events only)"],"stack":null}
[2026-08-16T15:46:38.429Z] {"timestamp":1786895196434,"level":"DEBUG","args":["[vite] connected."],"stack":null}
[2026-08-16T15:46:38.429Z] {"timestamp":1786895196507,"level":"INFO","args":["%cDownload the React DevTools for a better development experience: https://react.dev/link/react-devtools","font-weight:bold"],"stack":null}
[2026-08-16T15:46:54.474Z] {"timestamp":1786895212471,"level":"DEBUG","args":["[Manus] Debug collector initialized (no rrweb, UI events only)"],"stack":null}
[2026-08-16T15:46:54.474Z] {"timestamp":1786895212477,"level":"DEBUG","args":["[vite] connected."],"stack":null}
[2026-08-16T15:46:54.474Z] {"timestamp":1786895212558,"level":"INFO","args":["%cDownload the React DevTools for a better development experience: https://react.dev/link/react-devtools","font-weight:bold"],"stack":null}
[2026-08-16T15:47:14.159Z] {"timestamp":1786895232157,"level":"DEBUG","args":["[Manus] Debug collector initialized (no rrweb, UI events only)"],"stack":null}
[2026-08-16T15:47:14.159Z] {"timestamp":1786895232164,"level":"DEBUG","args":["[vite] connected."],"stack":null}
[2026-08-16T15:47:14.159Z] {"timestamp":1786895232246,"level":"INFO","args":["%cDownload the React DevTools for a better development experience: https://react.dev/link/react-devtools","font-weight:bold"],"stack":null}
[2026-08-16T15:47:36.758Z] {"timestamp":1786895254755,"level":"DEBUG","args":["[Manus] Debug collector initialized (no rrweb, UI events only)"],"stack":null}
[2026-08-16T15:47:36.758Z] {"timestamp":1786895254762,"level":"DEBUG","args":["[vite] connected."],"stack":null}
[2026-08-16T15:47:36.758Z] {"timestamp":1786895254850,"level":"INFO","args":["%cDownload the React DevTools for a better development experience: https://react.dev/link/react-devtools","font-weight:bold"],"stack":null}
[2026-08-16T15:47:50.124Z] {"timestamp":1786895268122,"level":"DEBUG","args":["[Manus] Debug collector initialized (no rrweb, UI events only)"],"stack":null}
[2026-08-16T15:47:50.124Z] {"timestamp":1786895268129,"level":"DEBUG","args":["[vite] connected."],"stack":null}
[2026-08-16T15:47:50.124Z] {"timestamp":1786895268209,"level":"INFO","args":["%cDownload the React DevTools for a better development experience: https://react.dev/link/react-devtools","font-weight:bold"],"stack":null}
[2026-08-16T15:48:03.461Z] {"timestamp":1786895281459,"level":"DEBUG","args":["[Manus] Debug collector initialized (no rrweb, UI events only)"],"stack":null}
[2026-08-16T15:48:03.461Z] {"timestamp":1786895281465,"level":"DEBUG","args":["[vite] connected."],"stack":null}
[2026-08-16T15:48:03.461Z] {"timestamp":1786895281546,"level":"INFO","args":["%cDownload the React DevTools for a better development experience: https://react.dev/link/react-devtools","font-weight:bold"],"stack":null}
[2026-08-16T15:48:17.249Z] {"timestamp":1786895295247,"level":"DEBUG","args":["[Manus] Debug collector initialized (no rrweb, UI events only)"],"stack":null}
[2026-08-16T15:48:17.249Z] {"timestamp":1786895295253,"level":"DEBUG","args":["[vite] connected."],"stack":null}
[2026-08-16T15:48:17.249Z] {"timestamp":1786895295324,"level":"INFO","args":["%cDownload the React DevTools for a better development experience: https://react.dev/link/react-devtools","font-weight:bold"],"stack":null}
[2026-08-16T15:49:42.788Z] {"timestamp":1786895380786,"level":"DEBUG","args":["[Manus] Debug collector initialized (no rrweb, UI events only)"],"stack":null}
[2026-08-16T15:49:42.788Z] {"timestamp":1786895380793,"level":"DEBUG","args":["[vite] connected."],"stack":null}
[2026-08-16T15:49:42.788Z] {"timestamp":1786895380889,"level":"INFO","args":["%cDownload the React DevTools for a better development experience: https://react.dev/link/react-devtools","font-weight:bold"],"stack":null}
[2026-08-16T15:49:57.704Z] {"timestamp":1786895395701,"level":"DEBUG","args":["[Manus] Debug collector initialized (no rrweb, UI events only)"],"stack":null}
[2026-08-16T15:49:57.704Z] {"timestamp":1786895395711,"level":"DEBUG","args":["[vite] connected."],"stack":null}
[2026-08-16T15:49:57.704Z] {"timestamp":1786895395789,"level":"INFO","args":["%cDownload the React DevTools for a better development experience: https://react.dev/link/react-devtools","font-weight:bold"],"stack":null}
[2026-08-16T15:50:13.703Z] {"timestamp":1786895411700,"level":"DEBUG","args":["[Manus] Debug collector initialized (no rrweb, UI events only)"],"stack":null}
[2026-08-16T15:50:13.703Z] {"timestamp":1786895411707,"level":"DEBUG","args":["[vite] connected."],"stack":null}
[2026-08-16T15:50:13.703Z] {"timestamp":1786895411787,"level":"INFO","args":["%cDownload the React DevTools for a better development experience: https://react.dev/link/react-devtools","font-weight:bold"],"stack":null}
[2026-08-16T15:50:27.800Z] {"timestamp":1786895425797,"level":"DEBUG","args":["[Manus] Debug collector initialized (no rrweb, UI events only)"],"stack":null}
[2026-08-16T15:50:27.800Z] {"timestamp":1786895425804,"level":"DEBUG","args":["[vite] connected."],"stack":null}
[2026-08-16T15:50:27.800Z] {"timestamp":1786895425904,"level":"INFO","args":["%cDownload the React DevTools for a better development experience: https://react.dev/link/react-devtools","font-weight:bold"],"stack":null}
[2026-08-16T15:51:39.959Z] {"timestamp":1786895497956,"level":"DEBUG","args":["[Manus] Debug collector initialized (no rrweb, UI events only)"],"stack":null}
[2026-08-16T15:51:39.959Z] {"timestamp":1786895497969,"level":"DEBUG","args":["[vite] connected."],"stack":null}
[2026-08-16T15:51:39.959Z] {"timestamp":1786895498044,"level":"INFO","args":["%cDownload the React DevTools for a better development experience: https://react.dev/link/react-devtools","font-weight:bold"],"stack":null}
[2026-08-16T15:52:24.871Z] {"timestamp":1786895543395,"level":"DEBUG","args":["[Manus] Debug collector initialized (no rrweb, UI events only)"],"stack":null}
[2026-08-16T15:52:24.871Z] {"timestamp":1786895543944,"level":"DEBUG","args":["[vite] connected."],"stack":null}
[2026-08-16T15:52:28.866Z] {"timestamp":1786895547395,"level":"DEBUG","args":["[Manus] Debug collector initialized (no rrweb, UI events only)"],"stack":null}
[2026-08-16T15:52:28.866Z] {"timestamp":1786895547943,"level":"DEBUG","args":["[vite] connected."],"stack":null}
[2026-08-16T15:53:44.981Z] {"timestamp":1786895624378,"level":"DEBUG","args":["[Manus] Debug collector initialized (no rrweb, UI events only)"],"stack":null}
[2026-08-16T15:53:44.981Z] {"timestamp":1786895624746,"level":"DEBUG","args":["[vite] connected."],"stack":null}
[2026-08-16T15:53:51.866Z] {"timestamp":1786895630919,"level":"DEBUG","args":["[Manus] Debug collector initialized (no rrweb, UI events only)"],"stack":null}
[2026-08-16T16:29:24.869Z] {"timestamp":1786897764023,"level":"DEBUG","args":["[Manus] Debug collector initialized (no rrweb, UI events only)"],"stack":null}
[2026-08-16T16:29:24.869Z] {"timestamp":1786897764619,"level":"DEBUG","args":["[vite] connected."],"stack":null}
[2026-08-16T16:29:29.873Z] {"timestamp":1786897769207,"level":"DEBUG","args":["[Manus] Debug collector initialized (no rrweb, UI events only)"],"stack":null}
[2026-08-16T16:29:29.873Z] {"timestamp":1786897769737,"level":"DEBUG","args":["[vite] connected."],"stack":null}
[2026-08-16T16:31:25.873Z] {"timestamp":1786897886612,"level":"DEBUG","args":["[vite]","hot updated: /src/index.css"],"stack":null}
[2026-08-16T16:31:25.873Z] {"timestamp":1786897886612,"level":"DEBUG","args":["[vite]","hot updated: /src/styles/amelie-rebuild.css"],"stack":null}
[2026-08-16T16:31:30.785Z] {"timestamp":1786897890245,"level":"DEBUG","args":["[Manus] Debug collector initialized (no rrweb, UI events only)"],"stack":null}
[2026-08-16T16:31:30.785Z] {"timestamp":1786897890785,"level":"DEBUG","args":["[vite] connected."],"stack":null}
[2026-08-16T16:31:33.997Z] {"timestamp":1786897893288,"level":"DEBUG","args":["[Manus] Debug collector initialized (no rrweb, UI events only)"],"stack":null}
[2026-08-16T16:31:33.997Z] {"timestamp":1786897893831,"level":"DEBUG","args":["[vite] connected."],"stack":null}
[2026-08-16T16:31:38.839Z] {"timestamp":1786897896837,"level":"DEBUG","args":["[Manus] Debug collector initialized (no rrweb, UI events only)"],"stack":null}
[2026-08-16T16:31:38.839Z] {"timestamp":1786897896842,"level":"DEBUG","args":["[vite] connected."],"stack":null}
[2026-08-16T16:31:38.839Z] {"timestamp":1786897896911,"level":"INFO","args":["%cDownload the React DevTools for a better development experience: https://react.dev/link/react-devtools","font-weight:bold"],"stack":null}
[2026-08-16T16:31:52.955Z] {"timestamp":1786897910953,"level":"DEBUG","args":["[Manus] Debug collector initialized (no rrweb, UI events only)"],"stack":null}
[2026-08-16T16:31:52.955Z] {"timestamp":1786897910965,"level":"DEBUG","args":["[vite] connected."],"stack":null}
[2026-08-16T16:31:52.955Z] {"timestamp":1786897911031,"level":"INFO","args":["%cDownload the React DevTools for a better development experience: https://react.dev/link/react-devtools","font-weight:bold"],"stack":null}
[2026-08-16T16:32:02.345Z] {"timestamp":1786897922723,"level":"LOG","args":["[vite] server connection lost. Polling for restart..."],"stack":null}
[2026-08-16T16:32:05.772Z] {"timestamp":1786897925231,"level":"DEBUG","args":["[Manus] Debug collector initialized (no rrweb, UI events only)"],"stack":null}
[2026-08-16T16:32:05.772Z] {"timestamp":1786897925856,"level":"DEBUG","args":["[vite] connected."],"stack":null}
[2026-08-16T16:32:05.772Z] {"timestamp":1786897926167,"level":"INFO","args":["%cDownload the React DevTools for a better development experience: https://react.dev/link/react-devtools","font-weight:bold"],"stack":null}
[2026-08-16T16:32:16.117Z] {"timestamp":1786897934115,"level":"DEBUG","args":["[Manus] Debug collector initialized (no rrweb, UI events only)"],"stack":null}
[2026-08-16T16:32:16.117Z] {"timestamp":1786897934129,"level":"DEBUG","args":["[vite] connected."],"stack":null}
[2026-08-16T16:32:16.117Z] {"timestamp":1786897934205,"level":"INFO","args":["%cDownload the React DevTools for a better development experience: https://react.dev/link/react-devtools","font-weight:bold"],"stack":null}
[2026-08-16T16:33:00.870Z] {"timestamp":1786897979841,"level":"DEBUG","args":["[Manus] Debug collector initialized (no rrweb, UI events only)"],"stack":null}
[2026-08-16T16:33:39.872Z] {"timestamp":1786898018669,"level":"DEBUG","args":["[Manus] Debug collector initialized (no rrweb, UI events only)"],"stack":null}
[2026-08-16T16:33:39.872Z] {"timestamp":1786898019374,"level":"DEBUG","args":["[vite] connected."],"stack":null}
[2026-08-16T16:33:46.869Z] {"timestamp":1786898025620,"level":"DEBUG","args":["[Manus] Debug collector initialized (no rrweb, UI events only)"],"stack":null}
[2026-08-16T16:35:19.862Z] {"timestamp":1786898119167,"level":"DEBUG","args":["[Manus] Debug collector initialized (no rrweb, UI events only)"],"stack":null}
[2026-08-16T16:35:26.863Z] {"timestamp":1786898126167,"level":"DEBUG","args":["[Manus] Debug collector initialized (no rrweb, UI events only)"],"stack":null}
[2026-08-16T16:35:40.870Z] {"timestamp":1786898141213,"level":"DEBUG","args":["[vite]","hot updated: /src/index.css"],"stack":null}
[2026-08-16T16:35:40.870Z] {"timestamp":1786898141213,"level":"DEBUG","args":["[vite]","hot updated: /src/styles/amelie-rebuild.css"],"stack":null}
[2026-08-16T16:36:08.876Z] {"timestamp":1786898167982,"level":"DEBUG","args":["[Manus] Debug collector initialized (no rrweb, UI events only)"],"stack":null}
[2026-08-16T16:36:08.876Z] {"timestamp":1786898168508,"level":"DEBUG","args":["[vite] connected."],"stack":null}
[2026-08-16T16:36:14.867Z] {"timestamp":1786898173931,"level":"DEBUG","args":["[Manus] Debug collector initialized (no rrweb, UI events only)"],"stack":null}
[2026-08-16T16:36:32.260Z] {"timestamp":1786898190257,"level":"DEBUG","args":["[Manus] Debug collector initialized (no rrweb, UI events only)"],"stack":null}
[2026-08-16T16:36:32.260Z] {"timestamp":1786898190265,"level":"DEBUG","args":["[vite] connected."],"stack":null}
[2026-08-16T16:36:32.260Z] {"timestamp":1786898190319,"level":"INFO","args":["%cDownload the React DevTools for a better development experience: https://react.dev/link/react-devtools","font-weight:bold"],"stack":null}
[2026-08-16T16:36:48.486Z] {"timestamp":1786898206484,"level":"DEBUG","args":["[Manus] Debug collector initialized (no rrweb, UI events only)"],"stack":null}
[2026-08-16T16:36:48.486Z] {"timestamp":1786898206489,"level":"DEBUG","args":["[vite] connected."],"stack":null}
[2026-08-16T16:36:48.486Z] {"timestamp":1786898206557,"level":"INFO","args":["%cDownload the React DevTools for a better development experience: https://react.dev/link/react-devtools","font-weight:bold"],"stack":null}
[2026-08-16T16:37:30.157Z] {"timestamp":1786898249617,"level":"DEBUG","args":["[Manus] Debug collector initialized (no rrweb, UI events only)"],"stack":null}
[2026-08-16T16:37:30.157Z] {"timestamp":1786898250172,"level":"DEBUG","args":["[vite] connected."],"stack":null}
[2026-08-16T16:37:54.873Z] {"timestamp":1786898273835,"level":"DEBUG","args":["[Manus] Debug collector initialized (no rrweb, UI events only)"],"stack":null}
[2026-08-16T16:37:54.873Z] {"timestamp":1786898274370,"level":"DEBUG","args":["[vite] connected."],"stack":null}
[2026-08-16T16:37:55.449Z] {"timestamp":1786898273446,"level":"DEBUG","args":["[Manus] Debug collector initialized (no rrweb, UI events only)"],"stack":null}
[2026-08-16T16:37:55.449Z] {"timestamp":1786898273450,"level":"DEBUG","args":["[vite] connected."],"stack":null}
[2026-08-16T16:37:55.449Z] {"timestamp":1786898273532,"level":"INFO","args":["%cDownload the React DevTools for a better development experience: https://react.dev/link/react-devtools","font-weight:bold"],"stack":null}
[2026-08-16T16:40:03.430Z] {"timestamp":1786898402900,"level":"DEBUG","args":["[Manus] Debug collector initialized (no rrweb, UI events only)"],"stack":null}
[2026-08-16T16:40:03.430Z] {"timestamp":1786898403474,"level":"DEBUG","args":["[vite] connected."],"stack":null}
[2026-08-16T16:41:14.863Z] {"timestamp":1786898473659,"level":"DEBUG","args":["[Manus] Debug collector initialized (no rrweb, UI events only)"],"stack":null}
[2026-08-16T16:41:14.863Z] {"timestamp":1786898474215,"level":"DEBUG","args":["[vite] connected."],"stack":null}
[2026-08-16T16:41:14.863Z] {"timestamp":1786898474963,"level":"INFO","args":["%cDownload the React DevTools for a better development experience: https://react.dev/link/react-devtools","font-weight:bold"],"stack":null}
[2026-08-16T16:41:46.627Z] {"timestamp":1786898506096,"level":"DEBUG","args":["[Manus] Debug collector initialized (no rrweb, UI events only)"],"stack":null}
[2026-08-16T16:41:46.627Z] {"timestamp":1786898506679,"level":"DEBUG","args":["[vite] connected."],"stack":null}
[2026-08-16T16:41:53.910Z] {"timestamp":1786898513224,"level":"DEBUG","args":["[Manus] Debug collector initialized (no rrweb, UI events only)"],"stack":null}
[2026-08-16T16:41:53.910Z] {"timestamp":1786898513834,"level":"DEBUG","args":["[vite] connected."],"stack":null}
[2026-08-16T16:42:49.772Z] {"timestamp":1786898570422,"level":"DEBUG","args":["[vite]","hot updated: /src/index.css"],"stack":null}
[2026-08-16T16:42:56.410Z] {"timestamp":1786898575802,"level":"DEBUG","args":["[Manus] Debug collector initialized (no rrweb, UI events only)"],"stack":null}
[2026-08-16T16:42:56.410Z] {"timestamp":1786898576338,"level":"DEBUG","args":["[vite] connected."],"stack":null}
[2026-08-16T16:43:08.334Z] {"timestamp":1786898588162,"level":"DEBUG","args":["[vite]","hot updated: /src/index.css"],"stack":null}
[2026-08-16T16:43:14.132Z] {"timestamp":1786898593476,"level":"DEBUG","args":["[Manus] Debug collector initialized (no rrweb, UI events only)"],"stack":null}
[2026-08-16T16:43:14.132Z] {"timestamp":1786898594023,"level":"DEBUG","args":["[vite] connected."],"stack":null}
[2026-08-16T16:43:20.179Z] {"timestamp":1786898601191,"level":"DEBUG","args":["[vite]","hot updated: /src/index.css"],"stack":null}
[2026-08-16T16:43:25.839Z] {"timestamp":1786898605282,"level":"DEBUG","args":["[Manus] Debug collector initialized (no rrweb, UI events only)"],"stack":null}
[2026-08-16T16:43:25.839Z] {"timestamp":1786898605815,"level":"DEBUG","args":["[vite] connected."],"stack":null}
[2026-08-16T16:44:05.264Z] {"timestamp":1786898643261,"level":"DEBUG","args":["[Manus] Debug collector initialized (no rrweb, UI events only)"],"stack":null}
[2026-08-16T16:44:05.264Z] {"timestamp":1786898643269,"level":"DEBUG","args":["[vite] connected."],"stack":null}
[2026-08-16T16:44:05.264Z] {"timestamp":1786898643428,"level":"INFO","args":["%cDownload the React DevTools for a better development experience: https://react.dev/link/react-devtools","font-weight:bold"],"stack":null}
[2026-08-16T16:44:05.264Z] {"timestamp":1786898643263,"level":"DEBUG","args":["[Manus] Debug collector initialized (no rrweb, UI events only)"],"stack":null}
[2026-08-16T16:44:05.264Z] {"timestamp":1786898643284,"level":"DEBUG","args":["[vite] connected."],"stack":null}
[2026-08-16T16:44:05.264Z] {"timestamp":1786898643439,"level":"INFO","args":["%cDownload the React DevTools for a better development experience: https://react.dev/link/react-devtools","font-weight:bold"],"stack":null}
[2026-08-16T16:44:05.266Z] {"timestamp":1786898643263,"level":"DEBUG","args":["[Manus] Debug collector initialized (no rrweb, UI events only)"],"stack":null}
[2026-08-16T16:44:05.266Z] {"timestamp":1786898643303,"level":"DEBUG","args":["[vite] connected."],"stack":null}
[2026-08-16T16:44:05.266Z] {"timestamp":1786898643377,"level":"INFO","args":["%cDownload the React DevTools for a better development experience: https://react.dev/link/react-devtools","font-weight:bold"],"stack":null}
[2026-08-16T16:44:29.234Z] {"timestamp":1786898667232,"level":"DEBUG","args":["[Manus] Debug collector initialized (no rrweb, UI events only)"],"stack":null}
[2026-08-16T16:44:29.234Z] {"timestamp":1786898667235,"level":"DEBUG","args":["[vite] connected."],"stack":null}
[2026-08-16T16:44:29.234Z] {"timestamp":1786898667357,"level":"INFO","args":["%cDownload the React DevTools for a better development experience: https://react.dev/link/react-devtools","font-weight:bold"],"stack":null}
[2026-08-16T16:44:29.271Z] {"timestamp":1786898667269,"level":"DEBUG","args":["[Manus] Debug collector initialized (no rrweb, UI events only)"],"stack":null}
[2026-08-16T16:44:29.271Z] {"timestamp":1786898667282,"level":"DEBUG","args":["[vite] connected."],"stack":null}
[2026-08-16T16:44:29.271Z] {"timestamp":1786898667371,"level":"INFO","args":["%cDownload the React DevTools for a better development experience: https://react.dev/link/react-devtools","font-weight:bold"],"stack":null}
[2026-08-16T16:44:53.487Z] {"timestamp":1786898691485,"level":"DEBUG","args":["[Manus] Debug collector initialized (no rrweb, UI events only)"],"stack":null}
[2026-08-16T16:44:53.487Z] {"timestamp":1786898691486,"level":"DEBUG","args":["[vite] connected."],"stack":null}
[2026-08-16T16:44:53.487Z] {"timestamp":1786898691611,"level":"INFO","args":["%cDownload the React DevTools for a better development experience: https://react.dev/link/react-devtools","font-weight:bold"],"stack":null}
[2026-08-16T16:44:53.504Z] {"timestamp":1786898691502,"level":"DEBUG","args":["[Manus] Debug collector initialized (no rrweb, UI events only)"],"stack":null}
[2026-08-16T16:44:53.504Z] {"timestamp":1786898691523,"level":"DEBUG","args":["[vite] connected."],"stack":null}
[2026-08-16T16:44:53.504Z] {"timestamp":1786898691596,"level":"INFO","args":["%cDownload the React DevTools for a better development experience: https://react.dev/link/react-devtools","font-weight:bold"],"stack":null}
[2026-08-16T16:45:16.713Z] {"timestamp":1786898714711,"level":"DEBUG","args":["[Manus] Debug collector initialized (no rrweb, UI events only)"],"stack":null}
[2026-08-16T16:45:16.713Z] {"timestamp":1786898714713,"level":"DEBUG","args":["[vite] connected."],"stack":null}
[2026-08-16T16:45:16.713Z] {"timestamp":1786898714833,"level":"INFO","args":["%cDownload the React DevTools for a better development experience: https://react.dev/link/react-devtools","font-weight:bold"],"stack":null}
[2026-08-16T16:45:16.735Z] {"timestamp":1786898714733,"level":"DEBUG","args":["[Manus] Debug collector initialized (no rrweb, UI events only)"],"stack":null}
[2026-08-16T16:45:16.735Z] {"timestamp":1786898714746,"level":"DEBUG","args":["[vite] connected."],"stack":null}
[2026-08-16T16:45:16.735Z] {"timestamp":1786898714826,"level":"INFO","args":["%cDownload the React DevTools for a better development experience: https://react.dev/link/react-devtools","font-weight:bold"],"stack":null}
[2026-08-16T16:46:06.751Z] {"timestamp":1786898764749,"level":"DEBUG","args":["[Manus] Debug collector initialized (no rrweb, UI events only)"],"stack":null}
[2026-08-16T16:46:06.751Z] {"timestamp":1786898764755,"level":"DEBUG","args":["[vite] connected."],"stack":null}
[2026-08-16T16:46:06.751Z] {"timestamp":1786898764829,"level":"INFO","args":["%cDownload the React DevTools for a better development experience: https://react.dev/link/react-devtools","font-weight:bold"],"stack":null}
[2026-08-16T16:46:16.886Z] {"timestamp":1786898774883,"level":"DEBUG","args":["[Manus] Debug collector initialized (no rrweb, UI events only)"],"stack":null}
[2026-08-16T16:46:16.886Z] {"timestamp":1786898774892,"level":"DEBUG","args":["[vite] connected."],"stack":null}
[2026-08-16T16:46:16.886Z] {"timestamp":1786898774963,"level":"INFO","args":["%cDownload the React DevTools for a better development experience: https://react.dev/link/react-devtools","font-weight:bold"],"stack":null}
[2026-08-16T16:47:04.980Z] {"timestamp":1786898824225,"level":"DEBUG","args":["[Manus] Debug collector initialized (no rrweb, UI events only)"],"stack":null}
[2026-08-16T16:47:04.980Z] {"timestamp":1786898824786,"level":"DEBUG","args":["[vite] connected."],"stack":null}
[2026-08-16T16:47:47.867Z] {"timestamp":1786898866861,"level":"DEBUG","args":["[Manus] Debug collector initialized (no rrweb, UI events only)"],"stack":null}
[2026-08-16T16:47:59.807Z] {"timestamp":1786898877804,"level":"DEBUG","args":["[Manus] Debug collector initialized (no rrweb, UI events only)"],"stack":null}
[2026-08-16T16:47:59.807Z] {"timestamp":1786898877815,"level":"DEBUG","args":["[vite] connected."],"stack":null}
[2026-08-16T16:47:59.807Z] {"timestamp":1786898877970,"level":"INFO","args":["%cDownload the React DevTools for a better development experience: https://react.dev/link/react-devtools","font-weight:bold"],"stack":null}
[2026-08-16T16:47:59.818Z] {"timestamp":1786898877816,"level":"DEBUG","args":["[Manus] Debug collector initialized (no rrweb, UI events only)"],"stack":null}
[2026-08-16T16:47:59.818Z] {"timestamp":1786898877827,"level":"DEBUG","args":["[vite] connected."],"stack":null}
[2026-08-16T16:47:59.818Z] {"timestamp":1786898877983,"level":"INFO","args":["%cDownload the React DevTools for a better development experience: https://react.dev/link/react-devtools","font-weight:bold"],"stack":null}
[2026-08-16T16:47:59.834Z] {"timestamp":1786898877832,"level":"DEBUG","args":["[Manus] Debug collector initialized (no rrweb, UI events only)"],"stack":null}
[2026-08-16T16:47:59.834Z] {"timestamp":1786898877836,"level":"DEBUG","args":["[vite] connected."],"stack":null}
[2026-08-16T16:47:59.834Z] {"timestamp":1786898877947,"level":"INFO","args":["%cDownload the React DevTools for a better development experience: https://react.dev/link/react-devtools","font-weight:bold"],"stack":null}
[2026-08-16T16:48:27.945Z] {"timestamp":1786898905943,"level":"DEBUG","args":["[Manus] Debug collector initialized (no rrweb, UI events only)"],"stack":null}
[2026-08-16T16:48:27.945Z] {"timestamp":1786898905945,"level":"DEBUG","args":["[vite] connected."],"stack":null}
[2026-08-16T16:48:27.945Z] {"timestamp":1786898906089,"level":"INFO","args":["%cDownload the React DevTools for a better development experience: https://react.dev/link/react-devtools","font-weight:bold"],"stack":null}
[2026-08-16T16:48:27.959Z] {"timestamp":1786898905957,"level":"DEBUG","args":["[Manus] Debug collector initialized (no rrweb, UI events only)"],"stack":null}
[2026-08-16T16:48:27.959Z] {"timestamp":1786898905964,"level":"DEBUG","args":["[vite] connected."],"stack":null}
[2026-08-16T16:48:27.959Z] {"timestamp":1786898906118,"level":"INFO","args":["%cDownload the React DevTools for a better development experience: https://react.dev/link/react-devtools","font-weight:bold"],"stack":null}
[2026-08-16T16:48:27.972Z] {"timestamp":1786898905969,"level":"DEBUG","args":["[Manus] Debug collector initialized (no rrweb, UI events only)"],"stack":null}
[2026-08-16T16:48:27.972Z] {"timestamp":1786898905993,"level":"DEBUG","args":["[vite] connected."],"stack":null}
[2026-08-16T16:48:27.972Z] {"timestamp":1786898906081,"level":"INFO","args":["%cDownload the React DevTools for a better development experience: https://react.dev/link/react-devtools","font-weight:bold"],"stack":null}
[2026-08-16T16:48:58.038Z] {"timestamp":1786898936035,"level":"DEBUG","args":["[Manus] Debug collector initialized (no rrweb, UI events only)"],"stack":null}
[2026-08-16T16:48:58.038Z] {"timestamp":1786898936038,"level":"DEBUG","args":["[vite] connected."],"stack":null}
[2026-08-16T16:48:58.038Z] {"timestamp":1786898936188,"level":"INFO","args":["%cDownload the React DevTools for a better development experience: https://react.dev/link/react-devtools","font-weight:bold"],"stack":null}
[2026-08-16T16:48:58.044Z] {"timestamp":1786898936042,"level":"DEBUG","args":["[Manus] Debug collector initialized (no rrweb, UI events only)"],"stack":null}
[2026-08-16T16:48:58.044Z] {"timestamp":1786898936055,"level":"DEBUG","args":["[vite] connected."],"stack":null}
[2026-08-16T16:48:58.044Z] {"timestamp":1786898936198,"level":"INFO","args":["%cDownload the React DevTools for a better development experience: https://react.dev/link/react-devtools","font-weight:bold"],"stack":null}
[2026-08-16T16:48:58.054Z] {"timestamp":1786898936052,"level":"DEBUG","args":["[Manus] Debug collector initialized (no rrweb, UI events only)"],"stack":null}
[2026-08-16T16:48:58.054Z] {"timestamp":1786898936069,"level":"DEBUG","args":["[vite] connected."],"stack":null}
[2026-08-16T16:48:58.054Z] {"timestamp":1786898936147,"level":"INFO","args":["%cDownload the React DevTools for a better development experience: https://react.dev/link/react-devtools","font-weight:bold"],"stack":null}
[2026-08-16T16:49:21.800Z] {"timestamp":1786898959798,"level":"DEBUG","args":["[Manus] Debug collector initialized (no rrweb, UI events only)"],"stack":null}
[2026-08-16T16:49:21.800Z] {"timestamp":1786898959809,"level":"DEBUG","args":["[vite] connected."],"stack":null}
[2026-08-16T16:49:21.800Z] {"timestamp":1786898959966,"level":"INFO","args":["%cDownload the React DevTools for a better development experience: https://react.dev/link/react-devtools","font-weight:bold"],"stack":null}
[2026-08-16T16:49:21.804Z] {"timestamp":1786898959803,"level":"DEBUG","args":["[Manus] Debug collector initialized (no rrweb, UI events only)"],"stack":null}
[2026-08-16T16:49:21.804Z] {"timestamp":1786898959818,"level":"DEBUG","args":["[vite] connected."],"stack":null}
[2026-08-16T16:49:21.804Z] {"timestamp":1786898959970,"level":"INFO","args":["%cDownload the React DevTools for a better development experience: https://react.dev/link/react-devtools","font-weight:bold"],"stack":null}
[2026-08-16T16:49:21.820Z] {"timestamp":1786898959819,"level":"DEBUG","args":["[Manus] Debug collector initialized (no rrweb, UI events only)"],"stack":null}
[2026-08-16T16:49:21.820Z] {"timestamp":1786898959838,"level":"DEBUG","args":["[vite] connected."],"stack":null}
[2026-08-16T16:49:21.820Z] {"timestamp":1786898959933,"level":"INFO","args":["%cDownload the React DevTools for a better development experience: https://react.dev/link/react-devtools","font-weight:bold"],"stack":null}
[2026-08-16T16:50:07.874Z] {"timestamp":1786899007130,"level":"DEBUG","args":["[Manus] Debug collector initialized (no rrweb, UI events only)"],"stack":null}
[2026-08-16T16:50:07.874Z] {"timestamp":1786899007680,"level":"DEBUG","args":["[vite] connected."],"stack":null}
[2026-08-16T16:50:11.868Z] {"timestamp":1786899011248,"level":"DEBUG","args":["[Manus] Debug collector initialized (no rrweb, UI events only)"],"stack":null}
[2026-08-16T16:50:11.868Z] {"timestamp":1786899011793,"level":"DEBUG","args":["[vite] connected."],"stack":null}
[2026-08-16T16:50:38.901Z] {"timestamp":1786899038158,"level":"DEBUG","args":["[Manus] Debug collector initialized (no rrweb, UI events only)"],"stack":null}
[2026-08-16T16:50:38.901Z] {"timestamp":1786899038688,"level":"DEBUG","args":["[vite] connected."],"stack":null}
[2026-08-16T16:51:13.875Z] {"timestamp":1786899072743,"level":"DEBUG","args":["[Manus] Debug collector initialized (no rrweb, UI events only)"],"stack":null}
[2026-08-16T16:51:20.916Z] {"timestamp":1786899079656,"level":"DEBUG","args":["[Manus] Debug collector initialized (no rrweb, UI events only)"],"stack":null}
[2026-08-16T16:51:55.871Z] {"timestamp":1786899115158,"level":"DEBUG","args":["[Manus] Debug collector initialized (no rrweb, UI events only)"],"stack":null}
[2026-08-16T16:51:55.871Z] {"timestamp":1786899115718,"level":"DEBUG","args":["[vite] connected."],"stack":null}
[2026-08-16T16:53:50.918Z] {"timestamp":1786899229843,"level":"DEBUG","args":["[Manus] Debug collector initialized (no rrweb, UI events only)"],"stack":null}
[2026-08-16T16:53:50.918Z] {"timestamp":1786899230386,"level":"DEBUG","args":["[vite] connected."],"stack":null}
[2026-08-16T16:57:11.881Z] {"timestamp":1786899430575,"level":"DEBUG","args":["[Manus] Debug collector initialized (no rrweb, UI events only)"],"stack":null}
[2026-08-16T16:57:11.881Z] {"timestamp":1786899431008,"level":"DEBUG","args":["[vite] connected."],"stack":null}
[2026-08-16T16:57:14.860Z] {"timestamp":1786899434200,"level":"DEBUG","args":["[Manus] Debug collector initialized (no rrweb, UI events only)"],"stack":null}
[2026-08-16T16:57:14.860Z] {"timestamp":1786899434739,"level":"DEBUG","args":["[vite] connected."],"stack":null}
[2026-08-16T16:58:02.872Z] {"timestamp":1786899482543,"level":"DEBUG","args":["[vite]","hot updated: /src/pages/Home.tsx"],"stack":null}
[2026-08-16T16:58:02.872Z] {"timestamp":1786899482543,"level":"DEBUG","args":["[vite]","hot updated: /src/index.css"],"stack":null}
[2026-08-16T16:58:06.870Z] {"timestamp":1786899486125,"level":"DEBUG","args":["[Manus] Debug collector initialized (no rrweb, UI events only)"],"stack":null}
[2026-08-16T16:58:06.870Z] {"timestamp":1786899486735,"level":"DEBUG","args":["[vite] connected."],"stack":null}
[2026-08-16T16:58:14.893Z] {"timestamp":1786899493358,"level":"DEBUG","args":["[Manus] Debug collector initialized (no rrweb, UI events only)"],"stack":null}
[2026-08-16T16:58:28.683Z] {"timestamp":1786899506680,"level":"DEBUG","args":["[Manus] Debug collector initialized (no rrweb, UI events only)"],"stack":null}
[2026-08-16T16:58:28.683Z] {"timestamp":1786899506687,"level":"DEBUG","args":["[vite] connected."],"stack":null}
[2026-08-16T16:58:28.683Z] {"timestamp":1786899506751,"level":"INFO","args":["%cDownload the React DevTools for a better development experience: https://react.dev/link/react-devtools","font-weight:bold"],"stack":null}
[2026-08-16T16:58:43.554Z] {"timestamp":1786899521551,"level":"DEBUG","args":["[Manus] Debug collector initialized (no rrweb, UI events only)"],"stack":null}
[2026-08-16T16:58:43.554Z] {"timestamp":1786899521555,"level":"DEBUG","args":["[vite] connected."],"stack":null}
[2026-08-16T16:58:43.554Z] {"timestamp":1786899521619,"level":"INFO","args":["%cDownload the React DevTools for a better development experience: https://react.dev/link/react-devtools","font-weight:bold"],"stack":null}
[2026-08-16T16:59:32.879Z] {"timestamp":1786899572232,"level":"DEBUG","args":["[Manus] Debug collector initialized (no rrweb, UI events only)"],"stack":null}
[2026-08-16T16:59:32.879Z] {"timestamp":1786899572769,"level":"DEBUG","args":["[vite] connected."],"stack":null}
[2026-08-16T16:59:35.610Z] {"timestamp":1786899573607,"level":"DEBUG","args":["[Manus] Debug collector initialized (no rrweb, UI events only)"],"stack":null}
[2026-08-16T16:59:35.610Z] {"timestamp":1786899573619,"level":"DEBUG","args":["[vite] connected."],"stack":null}
[2026-08-16T16:59:35.610Z] {"timestamp":1786899573678,"level":"INFO","args":["%cDownload the React DevTools for a better development experience: https://react.dev/link/react-devtools","font-weight:bold"],"stack":null}
[2026-08-16T16:59:36.875Z] {"timestamp":1786899576156,"level":"DEBUG","args":["[Manus] Debug collector initialized (no rrweb, UI events only)"],"stack":null}
[2026-08-16T16:59:36.875Z] {"timestamp":1786899576691,"level":"DEBUG","args":["[vite] connected."],"stack":null}
[2026-08-16T18:05:18.895Z] {"timestamp":1786903518044,"level":"DEBUG","args":["[Manus] Debug collector initialized (no rrweb, UI events only)"],"stack":null}
[2026-08-16T18:05:18.895Z] {"timestamp":1786903518779,"level":"DEBUG","args":["[vite] connected."],"stack":null}
[2026-08-16T18:14:23.910Z] {"timestamp":1786904062481,"level":"DEBUG","args":["[Manus] Debug collector initialized (no rrweb, UI events only)"],"stack":null}
[2026-08-16T18:14:23.911Z] {"timestamp":1786904063019,"level":"DEBUG","args":["[vite] connected."],"stack":null}
[2026-08-16T18:16:22.927Z] {"timestamp":1786904182062,"level":"DEBUG","args":["[Manus] Debug collector initialized (no rrweb, UI events only)"],"stack":null}
[2026-08-16T18:16:22.927Z] {"timestamp":1786904182694,"level":"DEBUG","args":["[vite] connected."],"stack":null}
[2026-08-16T18:16:35.863Z] {"timestamp":1786904194388,"level":"DEBUG","args":["[Manus] Debug collector initialized (no rrweb, UI events only)"],"stack":null}
[2026-08-16T18:16:35.863Z] {"timestamp":1786904196911,"level":"DEBUG","args":["[vite] connected."],"stack":null}
[2026-08-16T18:16:37.150Z] {"timestamp":1786904195147,"level":"DEBUG","args":["[Manus] Debug collector initialized (no rrweb, UI events only)"],"stack":null}
[2026-08-16T18:16:37.150Z] {"timestamp":1786904195156,"level":"DEBUG","args":["[vite] connected."],"stack":null}
[2026-08-16T18:16:37.150Z] {"timestamp":1786904195293,"level":"INFO","args":["%cDownload the React DevTools for a better development experience: https://react.dev/link/react-devtools","font-weight:bold"],"stack":null}
[2026-08-16T18:16:37.150Z] {"timestamp":1786904195149,"level":"DEBUG","args":["[Manus] Debug collector initialized (no rrweb, UI events only)"],"stack":null}
[2026-08-16T18:16:37.150Z] {"timestamp":1786904195175,"level":"DEBUG","args":["[vite] connected."],"stack":null}
[2026-08-16T18:16:37.150Z] {"timestamp":1786904195260,"level":"INFO","args":["%cDownload the React DevTools for a better development experience: https://react.dev/link/react-devtools","font-weight:bold"],"stack":null}
[2026-08-16T18:16:37.152Z] {"timestamp":1786904195151,"level":"DEBUG","args":["[Manus] Debug collector initialized (no rrweb, UI events only)"],"stack":null}
[2026-08-16T18:16:37.153Z] {"timestamp":1786904195180,"level":"DEBUG","args":["[vite] connected."],"stack":null}
[2026-08-16T18:16:37.153Z] {"timestamp":1786904195291,"level":"INFO","args":["%cDownload the React DevTools for a better development experience: https://react.dev/link/react-devtools","font-weight:bold"],"stack":null}
[2026-08-16T18:16:40.877Z] {"timestamp":1786904199437,"level":"DEBUG","args":["[Manus] Debug collector initialized (no rrweb, UI events only)"],"stack":null}
[2026-08-16T18:16:40.877Z] {"timestamp":1786904200000,"level":"DEBUG","args":["[vite] connected."],"stack":null}
[2026-08-16T18:16:58.625Z] {"timestamp":1786904216622,"level":"DEBUG","args":["[Manus] Debug collector initialized (no rrweb, UI events only)"],"stack":null}
[2026-08-16T18:16:58.625Z] {"timestamp":1786904216624,"level":"DEBUG","args":["[vite] connected."],"stack":null}
[2026-08-16T18:16:58.625Z] {"timestamp":1786904216781,"level":"INFO","args":["%cDownload the React DevTools for a better development experience: https://react.dev/link/react-devtools","font-weight:bold"],"stack":null}
[2026-08-16T18:16:58.641Z] {"timestamp":1786904216639,"level":"DEBUG","args":["[Manus] Debug collector initialized (no rrweb, UI events only)"],"stack":null}
[2026-08-16T18:16:58.641Z] {"timestamp":1786904216643,"level":"DEBUG","args":["[vite] connected."],"stack":null}
[2026-08-16T18:16:58.641Z] {"timestamp":1786904216787,"level":"INFO","args":["%cDownload the React DevTools for a better development experience: https://react.dev/link/react-devtools","font-weight:bold"],"stack":null}
[2026-08-16T18:16:58.650Z] {"timestamp":1786904216647,"level":"DEBUG","args":["[Manus] Debug collector initialized (no rrweb, UI events only)"],"stack":null}
[2026-08-16T18:16:58.650Z] {"timestamp":1786904216670,"level":"DEBUG","args":["[vite] connected."],"stack":null}
[2026-08-16T18:16:58.650Z] {"timestamp":1786904216749,"level":"INFO","args":["%cDownload the React DevTools for a better development experience: https://react.dev/link/react-devtools","font-weight:bold"],"stack":null}
[2026-08-16T18:18:06.913Z] {"timestamp":1786904285521,"level":"DEBUG","args":["[Manus] Debug collector initialized (no rrweb, UI events only)"],"stack":null}
[2026-08-16T18:18:06.913Z] {"timestamp":1786904286070,"level":"DEBUG","args":["[vite] connected."],"stack":null}
[2026-08-16T18:18:17.085Z] {"timestamp":1786904296069,"level":"DEBUG","args":["[Manus] Debug collector initialized (no rrweb, UI events only)"],"stack":null}
[2026-08-16T18:18:17.085Z] {"timestamp":1786904296597,"level":"DEBUG","args":["[vite] connected."],"stack":null}
[2026-08-16T18:19:39.490Z] {"timestamp":1786904377426,"level":"DEBUG","args":["[Manus] Debug collector initialized (no rrweb, UI events only)"],"stack":null}
[2026-08-16T18:19:39.490Z] {"timestamp":1786904378043,"level":"DEBUG","args":["[vite] connected."],"stack":null}
[2026-08-16T18:19:46.882Z] {"timestamp":1786904384879,"level":"DEBUG","args":["[Manus] Debug collector initialized (no rrweb, UI events only)"],"stack":null}
[2026-08-16T18:19:46.882Z] {"timestamp":1786904384895,"level":"DEBUG","args":["[vite] connected."],"stack":null}
[2026-08-16T18:19:46.882Z] {"timestamp":1786904384952,"level":"INFO","args":["%cDownload the React DevTools for a better development experience: https://react.dev/link/react-devtools","font-weight:bold"],"stack":null}
[2026-08-16T18:31:46.329Z] {"timestamp":1786905104326,"level":"DEBUG","args":["[Manus] Debug collector initialized (no rrweb, UI events only)"],"stack":null}
[2026-08-16T18:31:46.329Z] {"timestamp":1786905104331,"level":"DEBUG","args":["[vite] connected."],"stack":null}
[2026-08-16T18:31:46.329Z] {"timestamp":1786905104405,"level":"INFO","args":["%cDownload the React DevTools for a better development experience: https://react.dev/link/react-devtools","font-weight:bold"],"stack":null}
[2026-08-16T18:32:58.266Z] {"timestamp":1786905176263,"level":"DEBUG","args":["[Manus] Debug collector initialized (no rrweb, UI events only)"],"stack":null}
[2026-08-16T18:32:58.266Z] {"timestamp":1786905176266,"level":"DEBUG","args":["[vite] connected."],"stack":null}
[2026-08-16T18:32:58.266Z] {"timestamp":1786905176325,"level":"INFO","args":["%cDownload the React DevTools for a better development experience: https://react.dev/link/react-devtools","font-weight:bold"],"stack":null}
[2026-08-16T18:33:27.236Z] {"timestamp":1786905205234,"level":"DEBUG","args":["[Manus] Debug collector initialized (no rrweb, UI events only)"],"stack":null}
[2026-08-16T18:33:27.236Z] {"timestamp":1786905205239,"level":"DEBUG","args":["[vite] connected."],"stack":null}
[2026-08-16T18:33:27.236Z] {"timestamp":1786905205302,"level":"INFO","args":["%cDownload the React DevTools for a better development experience: https://react.dev/link/react-devtools","font-weight:bold"],"stack":null}
[2026-08-16T18:33:52.118Z] {"timestamp":1786905230116,"level":"DEBUG","args":["[Manus] Debug collector initialized (no rrweb, UI events only)"],"stack":null}
[2026-08-16T18:33:52.118Z] {"timestamp":1786905230132,"level":"DEBUG","args":["[vite] connected."],"stack":null}
[2026-08-16T18:33:52.118Z] {"timestamp":1786905230196,"level":"INFO","args":["%cDownload the React DevTools for a better development experience: https://react.dev/link/react-devtools","font-weight:bold"],"stack":null}
[2026-08-17T18:26:42.515Z] {"timestamp":1786991200596,"level":"DEBUG","args":["[Manus] Debug collector initialized (no rrweb, UI events only)"],"stack":null}
[2026-08-17T18:26:42.515Z] {"timestamp":1786991201420,"level":"DEBUG","args":["[vite] connected."],"stack":null}
[2026-08-17T18:26:49.606Z] {"timestamp":1786991207319,"level":"DEBUG","args":["[Manus] Debug collector initialized (no rrweb, UI events only)"],"stack":null}
[2026-08-17T18:26:49.606Z] {"timestamp":1786991208595,"level":"DEBUG","args":["[vite] connected."],"stack":null}
[2026-08-17T19:44:34.708Z] {"timestamp":1786995873502,"level":"DEBUG","args":["[Manus] Debug collector initialized (no rrweb, UI events only)"],"stack":null}
[2026-08-17T19:44:34.708Z] {"timestamp":1786995874067,"level":"DEBUG","args":["[vite] connected."],"stack":null}
[2026-08-17T19:44:41.430Z] {"timestamp":1786995880031,"level":"DEBUG","args":["[Manus] Debug collector initialized (no rrweb, UI events only)"],"stack":null}
[2026-08-17T19:44:41.430Z] {"timestamp":1786995880625,"level":"DEBUG","args":["[vite] connected."],"stack":null}
[2026-08-17T19:49:40.411Z] {"timestamp":1786996178383,"level":"DEBUG","args":["[Manus] Debug collector initialized (no rrweb, UI events only)"],"stack":null}
[2026-08-17T19:49:40.411Z] {"timestamp":1786996179071,"level":"DEBUG","args":["[vite] connected."],"stack":null}
[2026-08-17T19:51:38.607Z] {"timestamp":1786996296604,"level":"DEBUG","args":["[Manus] Debug collector initialized (no rrweb, UI events only)"],"stack":null}
[2026-08-17T19:51:38.607Z] {"timestamp":1786996296612,"level":"DEBUG","args":["[vite] connected."],"stack":null}
[2026-08-17T19:51:38.607Z] {"timestamp":1786996296678,"level":"INFO","args":["%cDownload the React DevTools for a better development experience: https://react.dev/link/react-devtools","font-weight:bold"],"stack":null}
[2026-08-17T19:55:58.245Z] {"timestamp":1786996556243,"level":"DEBUG","args":["[Manus] Debug collector initialized (no rrweb, UI events only)"],"stack":null}
[2026-08-17T19:55:58.245Z] {"timestamp":1786996556246,"level":"DEBUG","args":["[vite] connected."],"stack":null}
[2026-08-17T19:55:58.245Z] {"timestamp":1786996556304,"level":"INFO","args":["%cDownload the React DevTools for a better development experience: https://react.dev/link/react-devtools","font-weight:bold"],"stack":null}
[2026-08-17T19:57:08.934Z] {"timestamp":1786996626931,"level":"DEBUG","args":["[Manus] Debug collector initialized (no rrweb, UI events only)"],"stack":null}
[2026-08-17T19:57:08.934Z] {"timestamp":1786996626937,"level":"DEBUG","args":["[vite] connected."],"stack":null}
[2026-08-17T19:57:08.934Z] {"timestamp":1786996626999,"level":"INFO","args":["%cDownload the React DevTools for a better development experience: https://react.dev/link/react-devtools","font-weight:bold"],"stack":null}
[2026-08-17T19:57:34.057Z] {"timestamp":1786996652033,"level":"DEBUG","args":["[Manus] Debug collector initialized (no rrweb, UI events only)"],"stack":null}
[2026-08-17T19:57:34.057Z] {"timestamp":1786996652131,"level":"INFO","args":["%cDownload the React DevTools for a better development experience: https://react.dev/link/react-devtools","font-weight:bold"],"stack":null}
[2026-08-17T19:57:34.057Z] {"timestamp":1786996652199,"level":"DEBUG","args":["[vite] connected."],"stack":null}
[2026-08-17T19:58:11.489Z] {"timestamp":1786996689358,"level":"DEBUG","args":["[Manus] Debug collector initialized (no rrweb, UI events only)"],"stack":null}
[2026-08-17T19:58:11.489Z] {"timestamp":1786996689398,"level":"DEBUG","args":["[vite] connected."],"stack":null}
[2026-08-17T19:58:11.489Z] {"timestamp":1786996689470,"level":"INFO","args":["%cDownload the React DevTools for a better development experience: https://react.dev/link/react-devtools","font-weight:bold"],"stack":null}
[2026-08-17T19:59:03.326Z] {"timestamp":1786996741307,"level":"DEBUG","args":["[Manus] Debug collector initialized (no rrweb, UI events only)"],"stack":null}
[2026-08-17T19:59:03.326Z] {"timestamp":1786996741344,"level":"DEBUG","args":["[vite] connected."],"stack":null}
[2026-08-17T19:59:03.326Z] {"timestamp":1786996741510,"level":"INFO","args":["%cDownload the React DevTools for a better development experience: https://react.dev/link/react-devtools","font-weight:bold"],"stack":null}
[2026-08-17T19:59:23.538Z] {"timestamp":1786996761536,"level":"DEBUG","args":["[Manus] Debug collector initialized (no rrweb, UI events only)"],"stack":null}
[2026-08-17T19:59:23.538Z] {"timestamp":1786996761546,"level":"DEBUG","args":["[vite] connected."],"stack":null}
[2026-08-17T19:59:23.538Z] {"timestamp":1786996761611,"level":"INFO","args":["%cDownload the React DevTools for a better development experience: https://react.dev/link/react-devtools","font-weight:bold"],"stack":null}
[2026-08-17T19:59:47.810Z] {"timestamp":1786996785796,"level":"DEBUG","args":["[Manus] Debug collector initialized (no rrweb, UI events only)"],"stack":null}
[2026-08-17T19:59:47.810Z] {"timestamp":1786996785850,"level":"DEBUG","args":["[vite] connected."],"stack":null}
[2026-08-17T19:59:47.810Z] {"timestamp":1786996785919,"level":"INFO","args":["%cDownload the React DevTools for a better development experience: https://react.dev/link/react-devtools","font-weight:bold"],"stack":null}
[2026-08-17T20:01:27.320Z] {"timestamp":1786996885317,"level":"DEBUG","args":["[Manus] Debug collector initialized (no rrweb, UI events only)"],"stack":null}
[2026-08-17T20:01:27.320Z] {"timestamp":1786996885331,"level":"DEBUG","args":["[vite] connected."],"stack":null}
[2026-08-17T20:01:27.320Z] {"timestamp":1786996885392,"level":"INFO","args":["%cDownload the React DevTools for a better development experience: https://react.dev/link/react-devtools","font-weight:bold"],"stack":null}
[2026-08-17T20:01:38.774Z] {"timestamp":1786996896756,"level":"DEBUG","args":["[Manus] Debug collector initialized (no rrweb, UI events only)"],"stack":null}
[2026-08-17T20:01:38.774Z] {"timestamp":1786996896796,"level":"DEBUG","args":["[vite] connected."],"stack":null}
[2026-08-17T20:01:38.774Z] {"timestamp":1786996896928,"level":"INFO","args":["%cDownload the React DevTools for a better development experience: https://react.dev/link/react-devtools","font-weight:bold"],"stack":null}
[2026-08-17T20:02:44.916Z] {"timestamp":1786996962881,"level":"DEBUG","args":["[Manus] Debug collector initialized (no rrweb, UI events only)"],"stack":null}
[2026-08-17T20:02:44.916Z] {"timestamp":1786996962982,"level":"INFO","args":["%cDownload the React DevTools for a better development experience: https://react.dev/link/react-devtools","font-weight:bold"],"stack":null}
[2026-08-17T20:02:44.916Z] {"timestamp":1786996963169,"level":"DEBUG","args":["[vite] connected."],"stack":null}
[2026-08-17T21:09:27.908Z] {"timestamp":1787000966690,"level":"DEBUG","args":["[Manus] Debug collector initialized (no rrweb, UI events only)"],"stack":null}
[2026-08-17T21:09:27.908Z] {"timestamp":1787000967249,"level":"DEBUG","args":["[vite] connected."],"stack":null}
[2026-08-17T22:02:57.415Z] {"timestamp":1787004175450,"level":"DEBUG","args":["[Manus] Debug collector initialized (no rrweb, UI events only)"],"stack":null}
[2026-08-17T22:02:57.415Z] {"timestamp":1787004176052,"level":"DEBUG","args":["[vite] connected."],"stack":null}
[2026-08-17T22:03:01.413Z] {"timestamp":1787004180014,"level":"DEBUG","args":["[Manus] Debug collector initialized (no rrweb, UI events only)"],"stack":null}
[2026-08-17T22:03:01.413Z] {"timestamp":1787004180584,"level":"DEBUG","args":["[vite] connected."],"stack":null}
[2026-08-17T22:04:39.410Z] {"timestamp":1787004277821,"level":"DEBUG","args":["[Manus] Debug collector initialized (no rrweb, UI events only)"],"stack":null}
[2026-08-17T22:44:29.511Z] {"timestamp":1787006667422,"level":"DEBUG","args":["[Manus] Debug collector initialized (no rrweb, UI events only)"],"stack":null}
[2026-08-17T22:44:29.511Z] {"timestamp":1787006667972,"level":"DEBUG","args":["[vite] connected."],"stack":null}
[2026-08-17T22:48:02.780Z] {"timestamp":1787006880778,"level":"DEBUG","args":["[Manus] Debug collector initialized (no rrweb, UI events only)"],"stack":null}
[2026-08-17T22:48:02.780Z] {"timestamp":1787006880783,"level":"DEBUG","args":["[vite] connected."],"stack":null}
[2026-08-17T22:48:02.780Z] {"timestamp":1787006880839,"level":"INFO","args":["%cDownload the React DevTools for a better development experience: https://react.dev/link/react-devtools","font-weight:bold"],"stack":null}
[2026-08-17T22:48:14.537Z] {"timestamp":1787006892535,"level":"DEBUG","args":["[Manus] Debug collector initialized (no rrweb, UI events only)"],"stack":null}
[2026-08-17T22:48:14.537Z] {"timestamp":1787006892544,"level":"DEBUG","args":["[vite] connected."],"stack":null}
[2026-08-17T22:48:14.537Z] {"timestamp":1787006892610,"level":"INFO","args":["%cDownload the React DevTools for a better development experience: https://react.dev/link/react-devtools","font-weight:bold"],"stack":null}
[2026-08-17T22:48:25.041Z] {"timestamp":1787006903038,"level":"DEBUG","args":["[Manus] Debug collector initialized (no rrweb, UI events only)"],"stack":null}
[2026-08-17T22:48:25.041Z] {"timestamp":1787006903058,"level":"DEBUG","args":["[vite] connected."],"stack":null}
[2026-08-17T22:48:25.041Z] {"timestamp":1787006903116,"level":"INFO","args":["%cDownload the React DevTools for a better development experience: https://react.dev/link/react-devtools","font-weight:bold"],"stack":null}
[2026-08-17T22:48:38.377Z] {"timestamp":1787006916298,"level":"DEBUG","args":["[Manus] Debug collector initialized (no rrweb, UI events only)"],"stack":null}
[2026-08-17T22:48:38.377Z] {"timestamp":1787006916341,"level":"DEBUG","args":["[vite] connected."],"stack":null}
[2026-08-17T22:48:38.377Z] {"timestamp":1787006916417,"level":"INFO","args":["%cDownload the React DevTools for a better development experience: https://react.dev/link/react-devtools","font-weight:bold"],"stack":null}
[2026-08-17T22:49:08.217Z] {"timestamp":1787006946195,"level":"DEBUG","args":["[Manus] Debug collector initialized (no rrweb, UI events only)"],"stack":null}
[2026-08-17T22:49:08.217Z] {"timestamp":1787006946238,"level":"DEBUG","args":["[vite] connected."],"stack":null}
[2026-08-17T22:49:08.217Z] {"timestamp":1787006946306,"level":"INFO","args":["%cDownload the React DevTools for a better development experience: https://react.dev/link/react-devtools","font-weight:bold"],"stack":null}
[2026-08-17T22:49:35.633Z] {"timestamp":1787006973614,"level":"DEBUG","args":["[Manus] Debug collector initialized (no rrweb, UI events only)"],"stack":null}
[2026-08-17T22:49:35.633Z] {"timestamp":1787006973659,"level":"DEBUG","args":["[vite] connected."],"stack":null}
[2026-08-17T22:49:35.633Z] {"timestamp":1787006973707,"level":"INFO","args":["%cDownload the React DevTools for a better development experience: https://react.dev/link/react-devtools","font-weight:bold"],"stack":null}
[2026-08-17T22:49:57.446Z] {"timestamp":1787006995423,"level":"DEBUG","args":["[Manus] Debug collector initialized (no rrweb, UI events only)"],"stack":null}
[2026-08-17T22:49:57.446Z] {"timestamp":1787006995494,"level":"DEBUG","args":["[vite] connected."],"stack":null}
[2026-08-17T22:49:57.446Z] {"timestamp":1787006995548,"level":"INFO","args":["%cDownload the React DevTools for a better development experience: https://react.dev/link/react-devtools","font-weight:bold"],"stack":null}
[2026-08-17T22:50:00.829Z] {"timestamp":1787006998808,"level":"DEBUG","args":["[Manus] Debug collector initialized (no rrweb, UI events only)"],"stack":null}
[2026-08-17T22:50:00.829Z] {"timestamp":1787006998835,"level":"DEBUG","args":["[vite] connected."],"stack":null}
[2026-08-17T22:50:00.829Z] {"timestamp":1787006998915,"level":"INFO","args":["%cDownload the React DevTools for a better development experience: https://react.dev/link/react-devtools","font-weight:bold"],"stack":null}
[2026-08-17T23:20:09.468Z] {"timestamp":1787008808206,"level":"DEBUG","args":["[Manus] Debug collector initialized (no rrweb, UI events only)"],"stack":null}
[2026-08-17T23:20:09.468Z] {"timestamp":1787008808778,"level":"DEBUG","args":["[vite] connected."],"stack":null}
[2026-08-17T23:21:34.519Z] {"timestamp":1787008892658,"level":"DEBUG","args":["[Manus] Debug collector initialized (no rrweb, UI events only)"],"stack":null}
[2026-08-17T23:21:34.519Z] {"timestamp":1787008893214,"level":"DEBUG","args":["[vite] connected."],"stack":null}
[2026-08-17T23:22:24.608Z] {"timestamp":1787008942890,"level":"DEBUG","args":["[Manus] Debug collector initialized (no rrweb, UI events only)"],"stack":null}
[2026-08-17T23:22:24.608Z] {"timestamp":1787008943429,"level":"DEBUG","args":["[vite] connected."],"stack":null}
[2026-08-17T23:22:38.610Z] {"timestamp":1787008957183,"level":"DEBUG","args":["[Manus] Debug collector initialized (no rrweb, UI events only)"],"stack":null}
[2026-08-17T23:22:38.610Z] {"timestamp":1787008957755,"level":"DEBUG","args":["[vite] connected."],"stack":null}
[2026-08-17T23:25:09.484Z] {"timestamp":1787009107252,"level":"DEBUG","args":["[Manus] Debug collector initialized (no rrweb, UI events only)"],"stack":null}
[2026-08-17T23:25:09.484Z] {"timestamp":1787009107811,"level":"DEBUG","args":["[vite] connected."],"stack":null}
[2026-08-17T23:29:32.087Z] {"timestamp":1787009369857,"level":"DEBUG","args":["[Manus] Debug collector initialized (no rrweb, UI events only)"],"stack":null}
[2026-08-17T23:29:32.087Z] {"timestamp":1787009370457,"level":"DEBUG","args":["[vite] connected."],"stack":null}
[2026-08-17T23:29:59.441Z] {"timestamp":1787009398014,"level":"DEBUG","args":["[Manus] Debug collector initialized (no rrweb, UI events only)"],"stack":null}
[2026-08-17T23:29:59.441Z] {"timestamp":1787009398557,"level":"DEBUG","args":["[vite] connected."],"stack":null}
[2026-08-17T23:31:43.622Z] {"timestamp":1787009501341,"level":"DEBUG","args":["[Manus] Debug collector initialized (no rrweb, UI events only)"],"stack":null}
[2026-08-17T23:31:43.622Z] {"timestamp":1787009501893,"level":"DEBUG","args":["[vite] connected."],"stack":null}
[2026-08-17T23:32:20.074Z] {"timestamp":1787009538071,"level":"DEBUG","args":["[Manus] Debug collector initialized (no rrweb, UI events only)"],"stack":null}
[2026-08-17T23:32:20.074Z] {"timestamp":1787009538073,"level":"DEBUG","args":["[vite] connected."],"stack":null}
[2026-08-17T23:32:20.074Z] {"timestamp":1787009538211,"level":"INFO","args":["%cDownload the React DevTools for a better development experience: https://react.dev/link/react-devtools","font-weight:bold"],"stack":null}
[2026-08-17T23:32:20.101Z] {"timestamp":1787009538099,"level":"DEBUG","args":["[Manus] Debug collector initialized (no rrweb, UI events only)"],"stack":null}
[2026-08-17T23:32:20.102Z] {"timestamp":1787009538142,"level":"DEBUG","args":["[vite] connected."],"stack":null}
[2026-08-17T23:32:20.102Z] {"timestamp":1787009538214,"level":"INFO","args":["%cDownload the React DevTools for a better development experience: https://react.dev/link/react-devtools","font-weight:bold"],"stack":null}
[2026-08-17T23:32:20.103Z] {"timestamp":1787009538102,"level":"DEBUG","args":["[Manus] Debug collector initialized (no rrweb, UI events only)"],"stack":null}
[2026-08-17T23:32:20.103Z] {"timestamp":1787009538108,"level":"DEBUG","args":["[vite] connected."],"stack":null}
[2026-08-17T23:32:20.103Z] {"timestamp":1787009538233,"level":"INFO","args":["%cDownload the React DevTools for a better development experience: https://react.dev/link/react-devtools","font-weight:bold"],"stack":null}
[2026-08-17T23:33:05.548Z] {"timestamp":1787009583910,"level":"DEBUG","args":["[Manus] Debug collector initialized (no rrweb, UI events only)"],"stack":null}
[2026-08-17T23:33:05.548Z] {"timestamp":1787009584539,"level":"DEBUG","args":["[vite] connected."],"stack":null}
[2026-08-17T23:33:13.691Z] {"timestamp":1787009591688,"level":"DEBUG","args":["[Manus] Debug collector initialized (no rrweb, UI events only)"],"stack":null}
[2026-08-17T23:33:13.691Z] {"timestamp":1787009591691,"level":"DEBUG","args":["[vite] connected."],"stack":null}
[2026-08-17T23:33:13.691Z] {"timestamp":1787009591839,"level":"INFO","args":["%cDownload the React DevTools for a better development experience: https://react.dev/link/react-devtools","font-weight:bold"],"stack":null}
[2026-08-17T23:33:13.700Z] {"timestamp":1787009591698,"level":"DEBUG","args":["[Manus] Debug collector initialized (no rrweb, UI events only)"],"stack":null}
[2026-08-17T23:33:13.700Z] {"timestamp":1787009591703,"level":"DEBUG","args":["[vite] connected."],"stack":null}
[2026-08-17T23:33:13.700Z] {"timestamp":1787009591847,"level":"INFO","args":["%cDownload the React DevTools for a better development experience: https://react.dev/link/react-devtools","font-weight:bold"],"stack":null}
[2026-08-17T23:33:13.715Z] {"timestamp":1787009591713,"level":"DEBUG","args":["[Manus] Debug collector initialized (no rrweb, UI events only)"],"stack":null}
[2026-08-17T23:33:13.715Z] {"timestamp":1787009591728,"level":"DEBUG","args":["[vite] connected."],"stack":null}
[2026-08-17T23:33:13.715Z] {"timestamp":1787009591826,"level":"INFO","args":["%cDownload the React DevTools for a better development experience: https://react.dev/link/react-devtools","font-weight:bold"],"stack":null}
[2026-08-17T23:33:51.404Z] {"timestamp":1787009631749,"level":"DEBUG","args":["[vite]","hot updated: /src/styles/zip-reference-system.css"],"stack":null}
[2026-08-17T23:33:51.404Z] {"timestamp":1787009631749,"level":"DEBUG","args":["[vite]","hot updated: /src/index.css"],"stack":null}
[2026-08-17T23:33:58.229Z] {"timestamp":1787009636226,"level":"DEBUG","args":["[Manus] Debug collector initialized (no rrweb, UI events only)"],"stack":null}
[2026-08-17T23:33:58.229Z] {"timestamp":1787009636236,"level":"DEBUG","args":["[vite] connected."],"stack":null}
[2026-08-17T23:33:58.229Z] {"timestamp":1787009636386,"level":"INFO","args":["%cDownload the React DevTools for a better development experience: https://react.dev/link/react-devtools","font-weight:bold"],"stack":null}
[2026-08-17T23:33:58.243Z] {"timestamp":1787009636241,"level":"DEBUG","args":["[Manus] Debug collector initialized (no rrweb, UI events only)"],"stack":null}
[2026-08-17T23:33:58.243Z] {"timestamp":1787009636252,"level":"DEBUG","args":["[vite] connected."],"stack":null}
[2026-08-17T23:33:58.243Z] {"timestamp":1787009636395,"level":"INFO","args":["%cDownload the React DevTools for a better development experience: https://react.dev/link/react-devtools","font-weight:bold"],"stack":null}
[2026-08-17T23:33:58.247Z] {"timestamp":1787009636245,"level":"DEBUG","args":["[Manus] Debug collector initialized (no rrweb, UI events only)"],"stack":null}
[2026-08-17T23:33:58.247Z] {"timestamp":1787009636270,"level":"DEBUG","args":["[vite] connected."],"stack":null}
[2026-08-17T23:33:58.247Z] {"timestamp":1787009636350,"level":"INFO","args":["%cDownload the React DevTools for a better development experience: https://react.dev/link/react-devtools","font-weight:bold"],"stack":null}
[2026-08-17T23:33:58.683Z] {"timestamp":1787009636895,"level":"DEBUG","args":["[Manus] Debug collector initialized (no rrweb, UI events only)"],"stack":null}
[2026-08-17T23:33:58.683Z] {"timestamp":1787009637435,"level":"DEBUG","args":["[vite] connected."],"stack":null}
[2026-08-17T23:34:42.609Z] {"timestamp":1787009680606,"level":"DEBUG","args":["[Manus] Debug collector initialized (no rrweb, UI events only)"],"stack":null}
[2026-08-17T23:34:42.609Z] {"timestamp":1787009680613,"level":"DEBUG","args":["[vite] connected."],"stack":null}
[2026-08-17T23:34:42.609Z] {"timestamp":1787009680763,"level":"INFO","args":["%cDownload the React DevTools for a better development experience: https://react.dev/link/react-devtools","font-weight:bold"],"stack":null}
[2026-08-17T23:34:42.641Z] {"timestamp":1787009680639,"level":"DEBUG","args":["[Manus] Debug collector initialized (no rrweb, UI events only)"],"stack":null}
[2026-08-17T23:34:42.641Z] {"timestamp":1787009680654,"level":"DEBUG","args":["[vite] connected."],"stack":null}
[2026-08-17T23:34:42.641Z] {"timestamp":1787009680789,"level":"INFO","args":["%cDownload the React DevTools for a better development experience: https://react.dev/link/react-devtools","font-weight:bold"],"stack":null}
[2026-08-17T23:34:42.642Z] {"timestamp":1787009680640,"level":"DEBUG","args":["[Manus] Debug collector initialized (no rrweb, UI events only)"],"stack":null}
[2026-08-17T23:34:42.642Z] {"timestamp":1787009680666,"level":"DEBUG","args":["[vite] connected."],"stack":null}
[2026-08-17T23:34:42.642Z] {"timestamp":1787009680745,"level":"INFO","args":["%cDownload the React DevTools for a better development experience: https://react.dev/link/react-devtools","font-weight:bold"],"stack":null}
[2026-08-17T23:35:38.403Z] {"timestamp":1787009736366,"level":"DEBUG","args":["[Manus] Debug collector initialized (no rrweb, UI events only)"],"stack":null}
[2026-08-17T23:35:38.403Z] {"timestamp":1787009736918,"level":"DEBUG","args":["[vite] connected."],"stack":null}
[2026-08-17T23:37:15.426Z] {"timestamp":1787009834148,"level":"DEBUG","args":["[Manus] Debug collector initialized (no rrweb, UI events only)"],"stack":null}
[2026-08-17T23:37:15.426Z] {"timestamp":1787009834717,"level":"DEBUG","args":["[vite] connected."],"stack":null}
[2026-08-17T23:37:29.029Z] {"timestamp":1787009847027,"level":"DEBUG","args":["[Manus] Debug collector initialized (no rrweb, UI events only)"],"stack":null}
[2026-08-17T23:37:29.029Z] {"timestamp":1787009847038,"level":"DEBUG","args":["[vite] connected."],"stack":null}
[2026-08-17T23:37:29.029Z] {"timestamp":1787009847093,"level":"INFO","args":["%cDownload the React DevTools for a better development experience: https://react.dev/link/react-devtools","font-weight:bold"],"stack":null}
[2026-08-17T23:37:41.562Z] {"timestamp":1787009859560,"level":"DEBUG","args":["[Manus] Debug collector initialized (no rrweb, UI events only)"],"stack":null}
[2026-08-17T23:37:41.562Z] {"timestamp":1787009859568,"level":"DEBUG","args":["[vite] connected."],"stack":null}
[2026-08-17T23:37:41.562Z] {"timestamp":1787009859642,"level":"INFO","args":["%cDownload the React DevTools for a better development experience: https://react.dev/link/react-devtools","font-weight:bold"],"stack":null}
[2026-08-17T23:38:31.410Z] {"timestamp":1787009911321,"level":"DEBUG","args":["[vite]","hot updated: /src/index.css"],"stack":null}
[2026-08-17T23:38:31.410Z] {"timestamp":1787009911321,"level":"DEBUG","args":["[vite]","hot updated: /src/styles/zip-home-catalog.css"],"stack":null}
[2026-08-17T23:38:31.410Z] {"timestamp":1787009911736,"level":"DEBUG","args":["[vite]","hot updated: /src/index.css"],"stack":null}
[2026-08-17T23:38:37.971Z] {"timestamp":1787009915473,"level":"DEBUG","args":["[Manus] Debug collector initialized (no rrweb, UI events only)"],"stack":null}
[2026-08-17T23:38:37.971Z] {"timestamp":1787009916020,"level":"DEBUG","args":["[vite] connected."],"stack":null}
[2026-08-17T23:38:50.907Z] {"timestamp":1787009928904,"level":"DEBUG","args":["[Manus] Debug collector initialized (no rrweb, UI events only)"],"stack":null}
[2026-08-17T23:38:50.907Z] {"timestamp":1787009928911,"level":"DEBUG","args":["[vite] connected."],"stack":null}
[2026-08-17T23:38:50.907Z] {"timestamp":1787009928974,"level":"INFO","args":["%cDownload the React DevTools for a better development experience: https://react.dev/link/react-devtools","font-weight:bold"],"stack":null}
[2026-08-17T23:39:18.430Z] {"timestamp":1787009957026,"level":"DEBUG","args":["[Manus] Debug collector initialized (no rrweb, UI events only)"],"stack":null}
[2026-08-17T23:39:18.430Z] {"timestamp":1787009957588,"level":"DEBUG","args":["[vite] connected."],"stack":null}
[2026-08-17T23:39:29.324Z] {"timestamp":1787009967321,"level":"DEBUG","args":["[Manus] Debug collector initialized (no rrweb, UI events only)"],"stack":null}
[2026-08-17T23:39:29.324Z] {"timestamp":1787009967329,"level":"DEBUG","args":["[vite] connected."],"stack":null}
[2026-08-17T23:39:29.324Z] {"timestamp":1787009967391,"level":"INFO","args":["%cDownload the React DevTools for a better development experience: https://react.dev/link/react-devtools","font-weight:bold"],"stack":null}
[2026-08-17T23:40:48.405Z] {"timestamp":1787010047483,"level":"DEBUG","args":["[vite]","hot updated: /src/index.css"],"stack":null}
[2026-08-17T23:40:48.405Z] {"timestamp":1787010047920,"level":"DEBUG","args":["[vite]","hot updated: /src/index.css"],"stack":null}
[2026-08-17T23:40:48.405Z] {"timestamp":1787010047920,"level":"DEBUG","args":["[vite]","hot updated: /src/styles/zip-home-catalog.css"],"stack":null}
[2026-08-17T23:40:55.081Z] {"timestamp":1787010052835,"level":"DEBUG","args":["[Manus] Debug collector initialized (no rrweb, UI events only)"],"stack":null}
[2026-08-17T23:40:55.081Z] {"timestamp":1787010053388,"level":"DEBUG","args":["[vite] connected."],"stack":null}
[2026-08-17T23:41:16.558Z] {"timestamp":1787010074555,"level":"DEBUG","args":["[Manus] Debug collector initialized (no rrweb, UI events only)"],"stack":null}
[2026-08-17T23:41:16.558Z] {"timestamp":1787010074565,"level":"DEBUG","args":["[vite] connected."],"stack":null}
[2026-08-17T23:41:16.558Z] {"timestamp":1787010074626,"level":"INFO","args":["%cDownload the React DevTools for a better development experience: https://react.dev/link/react-devtools","font-weight:bold"],"stack":null}
[2026-08-17T23:43:12.415Z] {"timestamp":1787010191653,"level":"DEBUG","args":["[vite]","hot updated: /src/index.css"],"stack":null}
[2026-08-17T23:43:12.415Z] {"timestamp":1787010192051,"level":"DEBUG","args":["[vite]","hot updated: /src/index.css"],"stack":null}
[2026-08-17T23:43:12.415Z] {"timestamp":1787010192051,"level":"DEBUG","args":["[vite]","hot updated: /src/styles/zip-home-catalog.css"],"stack":null}
[2026-08-17T23:43:12.415Z] {"timestamp":1787010192356,"level":"DEBUG","args":["[vite]","hot updated: /src/index.css"],"stack":null}
[2026-08-17T23:43:21.452Z] {"timestamp":1787010199221,"level":"DEBUG","args":["[Manus] Debug collector initialized (no rrweb, UI events only)"],"stack":null}
[2026-08-17T23:43:21.452Z] {"timestamp":1787010199913,"level":"DEBUG","args":["[vite] connected."],"stack":null}
[2026-08-17T23:44:17.416Z] {"timestamp":1787010257239,"level":"DEBUG","args":["[vite]","hot updated: /src/index.css"],"stack":null}
[2026-08-17T23:44:17.416Z] {"timestamp":1787010257239,"level":"DEBUG","args":["[vite]","hot updated: /src/styles/zip-home-catalog.css"],"stack":null}
[2026-08-17T23:44:23.916Z] {"timestamp":1787010262690,"level":"DEBUG","args":["[Manus] Debug collector initialized (no rrweb, UI events only)"],"stack":null}
[2026-08-17T23:44:23.916Z] {"timestamp":1787010263230,"level":"DEBUG","args":["[vite] connected."],"stack":null}
[2026-08-17T23:44:41.425Z] {"timestamp":1787010279422,"level":"DEBUG","args":["[Manus] Debug collector initialized (no rrweb, UI events only)"],"stack":null}
[2026-08-17T23:44:41.425Z] {"timestamp":1787010279428,"level":"DEBUG","args":["[vite] connected."],"stack":null}
[2026-08-17T23:44:41.425Z] {"timestamp":1787010279576,"level":"INFO","args":["%cDownload the React DevTools for a better development experience: https://react.dev/link/react-devtools","font-weight:bold"],"stack":null}
[2026-08-17T23:44:41.437Z] {"timestamp":1787010279436,"level":"DEBUG","args":["[Manus] Debug collector initialized (no rrweb, UI events only)"],"stack":null}
[2026-08-17T23:44:41.437Z] {"timestamp":1787010279457,"level":"DEBUG","args":["[vite] connected."],"stack":null}
[2026-08-17T23:44:41.437Z] {"timestamp":1787010279542,"level":"INFO","args":["%cDownload the React DevTools for a better development experience: https://react.dev/link/react-devtools","font-weight:bold"],"stack":null}
[2026-08-17T23:44:41.442Z] {"timestamp":1787010279440,"level":"DEBUG","args":["[Manus] Debug collector initialized (no rrweb, UI events only)"],"stack":null}
[2026-08-17T23:44:41.442Z] {"timestamp":1787010279459,"level":"DEBUG","args":["[vite] connected."],"stack":null}
[2026-08-17T23:44:41.442Z] {"timestamp":1787010279576,"level":"INFO","args":["%cDownload the React DevTools for a better development experience: https://react.dev/link/react-devtools","font-weight:bold"],"stack":null}
[2026-08-17T23:45:06.946Z] {"timestamp":1787010304944,"level":"DEBUG","args":["[Manus] Debug collector initialized (no rrweb, UI events only)"],"stack":null}
[2026-08-17T23:45:06.946Z] {"timestamp":1787010304953,"level":"DEBUG","args":["[vite] connected."],"stack":null}
[2026-08-17T23:45:06.946Z] {"timestamp":1787010305007,"level":"INFO","args":["%cDownload the React DevTools for a better development experience: https://react.dev/link/react-devtools","font-weight:bold"],"stack":null}
[2026-08-17T23:45:24.799Z] {"timestamp":1787010323546,"level":"DEBUG","args":["[Manus] Debug collector initialized (no rrweb, UI events only)"],"stack":null}
[2026-08-17T23:45:24.799Z] {"timestamp":1787010324084,"level":"DEBUG","args":["[vite] connected."],"stack":null}
[2026-08-17T23:45:36.741Z] {"timestamp":1787010334739,"level":"DEBUG","args":["[Manus] Debug collector initialized (no rrweb, UI events only)"],"stack":null}
[2026-08-17T23:45:36.741Z] {"timestamp":1787010334744,"level":"DEBUG","args":["[vite] connected."],"stack":null}
[2026-08-17T23:45:36.741Z] {"timestamp":1787010334824,"level":"INFO","args":["%cDownload the React DevTools for a better development experience: https://react.dev/link/react-devtools","font-weight:bold"],"stack":null}
[2026-08-17T23:45:46.825Z] {"timestamp":1787010344823,"level":"DEBUG","args":["[Manus] Debug collector initialized (no rrweb, UI events only)"],"stack":null}
[2026-08-17T23:45:46.825Z] {"timestamp":1787010344830,"level":"DEBUG","args":["[vite] connected."],"stack":null}
[2026-08-17T23:45:46.825Z] {"timestamp":1787010344905,"level":"INFO","args":["%cDownload the React DevTools for a better development experience: https://react.dev/link/react-devtools","font-weight:bold"],"stack":null}
[2026-08-17T23:46:07.463Z] {"timestamp":1787010366197,"level":"DEBUG","args":["[Manus] Debug collector initialized (no rrweb, UI events only)"],"stack":null}
[2026-08-17T23:46:07.463Z] {"timestamp":1787010366840,"level":"DEBUG","args":["[vite] connected."],"stack":null}
[2026-08-17T23:46:56.627Z] {"timestamp":1787010415405,"level":"DEBUG","args":["[Manus] Debug collector initialized (no rrweb, UI events only)"],"stack":null}
[2026-08-17T23:46:56.627Z] {"timestamp":1787010415951,"level":"DEBUG","args":["[vite] connected."],"stack":null}
[2026-08-17T23:47:27.161Z] {"timestamp":1787010445159,"level":"DEBUG","args":["[Manus] Debug collector initialized (no rrweb, UI events only)"],"stack":null}
[2026-08-17T23:47:27.161Z] {"timestamp":1787010445174,"level":"DEBUG","args":["[vite] connected."],"stack":null}
[2026-08-17T23:47:27.161Z] {"timestamp":1787010445461,"level":"INFO","args":["%cDownload the React DevTools for a better development experience: https://react.dev/link/react-devtools","font-weight:bold"],"stack":null}
[2026-08-17T23:47:27.175Z] {"timestamp":1787010445172,"level":"DEBUG","args":["[Manus] Debug collector initialized (no rrweb, UI events only)"],"stack":null}
[2026-08-17T23:47:27.175Z] {"timestamp":1787010445198,"level":"DEBUG","args":["[vite] connected."],"stack":null}
[2026-08-17T23:47:27.175Z] {"timestamp":1787010445452,"level":"INFO","args":["%cDownload the React DevTools for a better development experience: https://react.dev/link/react-devtools","font-weight:bold"],"stack":null}
[2026-08-17T23:47:27.182Z] {"timestamp":1787010445179,"level":"DEBUG","args":["[Manus] Debug collector initialized (no rrweb, UI events only)"],"stack":null}
[2026-08-17T23:47:27.182Z] {"timestamp":1787010445212,"level":"DEBUG","args":["[vite] connected."],"stack":null}
[2026-08-17T23:47:27.182Z] {"timestamp":1787010445462,"level":"INFO","args":["%cDownload the React DevTools for a better development experience: https://react.dev/link/react-devtools","font-weight:bold"],"stack":null}
[2026-08-17T23:47:27.191Z] {"timestamp":1787010445189,"level":"DEBUG","args":["[Manus] Debug collector initialized (no rrweb, UI events only)"],"stack":null}
[2026-08-17T23:47:27.191Z] {"timestamp":1787010445243,"level":"DEBUG","args":["[vite] connected."],"stack":null}
[2026-08-17T23:47:27.191Z] {"timestamp":1787010445316,"level":"INFO","args":["%cDownload the React DevTools for a better development experience: https://react.dev/link/react-devtools","font-weight:bold"],"stack":null}
[2026-08-17T23:47:27.199Z] {"timestamp":1787010445198,"level":"DEBUG","args":["[Manus] Debug collector initialized (no rrweb, UI events only)"],"stack":null}
[2026-08-17T23:47:27.199Z] {"timestamp":1787010445226,"level":"DEBUG","args":["[vite] connected."],"stack":null}
[2026-08-17T23:47:27.199Z] {"timestamp":1787010445461,"level":"INFO","args":["%cDownload the React DevTools for a better development experience: https://react.dev/link/react-devtools","font-weight:bold"],"stack":null}
[2026-08-17T23:47:31.025Z] {"timestamp":1787010449023,"level":"DEBUG","args":["[Manus] Debug collector initialized (no rrweb, UI events only)"],"stack":null}
[2026-08-17T23:47:31.025Z] {"timestamp":1787010449036,"level":"DEBUG","args":["[vite] connected."],"stack":null}
[2026-08-17T23:47:31.025Z] {"timestamp":1787010449093,"level":"INFO","args":["%cDownload the React DevTools for a better development experience: https://react.dev/link/react-devtools","font-weight:bold"],"stack":null}
[2026-08-17T23:48:30.613Z] {"timestamp":1787010511306,"level":"DEBUG","args":["[vite]","hot updated: /src/index.css"],"stack":null}
[2026-08-17T23:48:30.613Z] {"timestamp":1787010511306,"level":"DEBUG","args":["[vite]","hot updated: /src/styles/zip-home-catalog.css"],"stack":null}
[2026-08-17T23:48:37.835Z] {"timestamp":1787010516322,"level":"DEBUG","args":["[Manus] Debug collector initialized (no rrweb, UI events only)"],"stack":null}
[2026-08-17T23:48:37.835Z] {"timestamp":1787010516856,"level":"DEBUG","args":["[vite] connected."],"stack":null}
[2026-08-17T23:48:58.242Z] {"timestamp":1787010536989,"level":"DEBUG","args":["[Manus] Debug collector initialized (no rrweb, UI events only)"],"stack":null}
[2026-08-17T23:48:58.242Z] {"timestamp":1787010537563,"level":"DEBUG","args":["[vite] connected."],"stack":null}
[2026-08-17T23:49:24.893Z] {"timestamp":1787010562890,"level":"DEBUG","args":["[Manus] Debug collector initialized (no rrweb, UI events only)"],"stack":null}
[2026-08-17T23:49:24.893Z] {"timestamp":1787010562903,"level":"DEBUG","args":["[vite] connected."],"stack":null}
[2026-08-17T23:49:24.893Z] {"timestamp":1787010563109,"level":"INFO","args":["%cDownload the React DevTools for a better development experience: https://react.dev/link/react-devtools","font-weight:bold"],"stack":null}
[2026-08-17T23:49:24.902Z] {"timestamp":1787010562901,"level":"DEBUG","args":["[Manus] Debug collector initialized (no rrweb, UI events only)"],"stack":null}
[2026-08-17T23:49:24.902Z] {"timestamp":1787010562908,"level":"DEBUG","args":["[vite] connected."],"stack":null}
[2026-08-17T23:49:24.902Z] {"timestamp":1787010563112,"level":"INFO","args":["%cDownload the React DevTools for a better development experience: https://react.dev/link/react-devtools","font-weight:bold"],"stack":null}
[2026-08-17T23:49:24.916Z] {"timestamp":1787010562914,"level":"DEBUG","args":["[Manus] Debug collector initialized (no rrweb, UI events only)"],"stack":null}
[2026-08-17T23:49:24.916Z] {"timestamp":1787010562927,"level":"DEBUG","args":["[vite] connected."],"stack":null}
[2026-08-17T23:49:24.916Z] {"timestamp":1787010563072,"level":"INFO","args":["%cDownload the React DevTools for a better development experience: https://react.dev/link/react-devtools","font-weight:bold"],"stack":null}
[2026-08-17T23:49:24.962Z] {"timestamp":1787010562960,"level":"DEBUG","args":["[Manus] Debug collector initialized (no rrweb, UI events only)"],"stack":null}
[2026-08-17T23:49:24.962Z] {"timestamp":1787010563130,"level":"INFO","args":["%cDownload the React DevTools for a better development experience: https://react.dev/link/react-devtools","font-weight:bold"],"stack":null}
[2026-08-17T23:49:32.204Z] {"timestamp":1787010571039,"level":"WARN","args":["Warning: Missing `Description` or `aria-describedby={undefined}` for {DialogContent}."],"stack":null}
[2026-08-17T23:49:51.832Z] {"timestamp":1787010589829,"level":"DEBUG","args":["[Manus] Debug collector initialized (no rrweb, UI events only)"],"stack":null}
[2026-08-17T23:49:51.832Z] {"timestamp":1787010589857,"level":"DEBUG","args":["[vite] connected."],"stack":null}
[2026-08-17T23:49:51.832Z] {"timestamp":1787010589951,"level":"INFO","args":["%cDownload the React DevTools for a better development experience: https://react.dev/link/react-devtools","font-weight:bold"],"stack":null}
[2026-08-17T23:49:51.854Z] {"timestamp":1787010589852,"level":"DEBUG","args":["[Manus] Debug collector initialized (no rrweb, UI events only)"],"stack":null}
[2026-08-17T23:49:51.854Z] {"timestamp":1787010589861,"level":"DEBUG","args":["[vite] connected."],"stack":null}
[2026-08-17T23:49:51.854Z] {"timestamp":1787010589998,"level":"INFO","args":["%cDownload the React DevTools for a better development experience: https://react.dev/link/react-devtools","font-weight:bold"],"stack":null}
[2026-08-17T23:49:51.854Z] {"timestamp":1787010589852,"level":"DEBUG","args":["[Manus] Debug collector initialized (no rrweb, UI events only)"],"stack":null}
[2026-08-17T23:49:51.854Z] {"timestamp":1787010589876,"level":"DEBUG","args":["[vite] connected."],"stack":null}
[2026-08-17T23:49:51.854Z] {"timestamp":1787010589999,"level":"INFO","args":["%cDownload the React DevTools for a better development experience: https://react.dev/link/react-devtools","font-weight:bold"],"stack":null}
[2026-08-17T23:52:34.923Z] {"timestamp":1787010752363,"level":"DEBUG","args":["[Manus] Debug collector initialized (no rrweb, UI events only)"],"stack":null}
[2026-08-17T23:52:34.923Z] {"timestamp":1787010754480,"level":"DEBUG","args":["[vite] connected."],"stack":null}
[2026-08-17T23:52:44.568Z] {"timestamp":1787010760985,"level":"DEBUG","args":["[Manus] Debug collector initialized (no rrweb, UI events only)"],"stack":null}
[2026-08-17T23:52:46.707Z] {"timestamp":1787010765347,"level":"DEBUG","args":["[vite] connected."],"stack":null}
[2026-08-17T23:56:54.461Z] {"timestamp":1787011012160,"level":"DEBUG","args":["[Manus] Debug collector initialized (no rrweb, UI events only)"],"stack":null}
[2026-08-17T23:56:59.557Z] {"timestamp":1787011018009,"level":"DEBUG","args":["[Manus] Debug collector initialized (no rrweb, UI events only)"],"stack":null}
[2026-08-17T23:56:59.557Z] {"timestamp":1787011019758,"level":"DEBUG","args":["[vite] connected."],"stack":null}
[2026-08-18T00:55:23.401Z] {"timestamp":1787014521949,"level":"DEBUG","args":["[Manus] Debug collector initialized (no rrweb, UI events only)"],"stack":null}
[2026-08-18T00:55:23.401Z] {"timestamp":1787014522514,"level":"DEBUG","args":["[vite] connected."],"stack":null}
[2026-08-18T00:55:34.404Z] {"timestamp":1787014532962,"level":"DEBUG","args":["[Manus] Debug collector initialized (no rrweb, UI events only)"],"stack":null}
[2026-08-18T10:36:04.414Z] {"timestamp":1787049363192,"level":"DEBUG","args":["[Manus] Debug collector initialized (no rrweb, UI events only)"],"stack":null}
[2026-08-18T10:36:04.414Z] {"timestamp":1787049363784,"level":"DEBUG","args":["[vite] connected."],"stack":null}
[2026-08-18T11:00:27.675Z] {"timestamp":1787050826352,"level":"DEBUG","args":["[Manus] Debug collector initialized (no rrweb, UI events only)"],"stack":null}
[2026-08-18T11:00:27.675Z] {"timestamp":1787050826904,"level":"DEBUG","args":["[vite] connected."],"stack":null}
[2026-08-18T11:00:32.679Z] {"timestamp":1787050831303,"level":"DEBUG","args":["[Manus] Debug collector initialized (no rrweb, UI events only)"],"stack":null}
[2026-08-18T11:00:32.679Z] {"timestamp":1787050831850,"level":"DEBUG","args":["[vite] connected."],"stack":null}
