[2026-08-16T00:03:41.146Z] Starting dev server with command: pnpm run dev
[2026-08-16T00:03:42.159Z] > flowers-boutique@1.0.0 dev /home/ubuntu/flowers-boutique-web
[2026-08-16T00:03:42.159Z] > cross-env NODE_ENV=development tsx watch server/_core/index.ts
[2026-08-16T00:03:43.042Z] [OAuth] Initialized with baseURL: https://api.manus.im
[2026-08-16T00:03:43.154Z] [BOG] Card payments are intentionally disabled pending merchant configuration
[2026-08-16T00:03:43.179Z] Server running on http://localhost:3000/
[2026-08-16T00:03:46.159Z] [baseline-browser-mapping] The data in this module is over two months old.  To ensure accurate Baseline data, please update: `npm i baseline-browser-mapping@latest -D`
[2026-08-16T00:07:56.342Z] 12:07:56 AM [vite] (client) page reload index.html
[2026-08-16T00:07:56.455Z] 12:07:56 AM [vite] (client) page reload src/main.tsx
[2026-08-16T00:12:44.877Z] 12:12:44 AM [vite] (client) hmr update /src/styles/wave1-reference.css, /src/index.css
[2026-08-16T00:14:29.440Z] 12:14:29 AM [vite] (client) hmr update /src/index.css
[2026-08-16T00:23:49.342Z] 12:23:49 AM [vite] (client) page reload src/main.tsx
[2026-08-16T00:23:49.348Z] 12:23:49 AM [vite] (client) hmr update /src/index.css, /src/components/Navbar.tsx
[2026-08-16T00:24:56.448Z] 12:24:56 AM [vite] (client) hmr update /src/index.css, /src/components/Navbar.tsx
[2026-08-16T00:26:03.197Z] 12:26:03 AM [vite] (client) hmr update /src/pages/Home.tsx, /src/index.css
[2026-08-16T00:26:33.907Z] 12:26:33 AM [vite] (client) hmr update /src/index.css, /src/styles/amelie-rebuild.css
[2026-08-16T00:27:48.307Z] 12:27:48 AM [vite] (client) hmr update /src/index.css, /src/components/Footer.tsx
[2026-08-16T00:27:48.800Z] 12:27:48 AM [vite] (client) hmr update /src/index.css, /src/components/product/ProductCard.tsx
[2026-08-16T00:28:31.481Z] 12:28:31 AM [vite] (client) hmr update /src/index.css, /src/styles/amelie-rebuild.css
[2026-08-16T00:30:18.807Z] 12:30:18 AM [vite] (client) hmr update /src/index.css, /src/components/mobile/MobileBottomNav.tsx
[2026-08-16T00:30:18.814Z] 12:30:18 AM [vite] (client) hmr update /src/index.css, /src/styles/amelie-rebuild.css
[2026-08-16T00:30:18.851Z] 12:30:18 AM [vite] (client) hmr update /src/index.css, /src/components/Navbar.tsx
[2026-08-16T00:31:21.322Z] 12:31:21 AM [vite] (client) hmr update /src/index.css, /src/styles/amelie-rebuild.css
[2026-08-16T00:31:45.610Z] 12:31:45 AM [vite] (client) hmr update /src/index.css, /src/styles/amelie-rebuild.css
[2026-08-16T00:35:00.896Z] [Auth] Missing session cookie
[2026-08-16T00:36:33.758Z] [Auth] Missing session cookie
[2026-08-16T00:36:51.990Z] [Auth] Missing session cookie
[2026-08-16T00:37:10.957Z] [Auth] Missing session cookie
[2026-08-16T00:37:13.754Z] [Auth] Missing session cookie
[2026-08-16T00:39:18.370Z] 12:39:18 AM [vite] (client) hmr update /src/index.css, /src/styles/amelie-rebuild.css
[2026-08-16T01:30:56.541Z] [Auth] Missing session cookie
[2026-08-16T01:31:12.149Z] [Auth] Missing session cookie
[2026-08-16T01:31:29.535Z] [Auth] Missing session cookie
[2026-08-16T01:31:46.286Z] [Auth] Missing session cookie
[2026-08-16T01:32:05.361Z] [Auth] Missing session cookie
[2026-08-16T01:32:25.933Z] [Auth] Missing session cookie
[2026-08-16T01:37:25.285Z] 1:37:25 AM [vite] (client) hmr update /src/index.css, /src/components/Navbar.tsx
[2026-08-16T01:37:25.324Z] 1:37:25 AM [vite] (client) hmr update /src/pages/Home.tsx, /src/index.css
[2026-08-16T01:37:55.511Z] 1:37:55 AM [vite] (client) hmr update /src/index.css, /src/styles/amelie-rebuild.css
[2026-08-16T01:40:21.465Z] 1:40:21 AM [vite] (client) hmr update /src/pages/Home.tsx, /src/index.css
[2026-08-16T01:40:21.573Z] 1:40:21 AM [vite] (client) hmr update /src/index.css, /src/styles/amelie-rebuild.css
[2026-08-16T01:40:21.969Z] 1:40:21 AM [vite] (client) hmr update /src/index.css, /src/components/product/ProductCard.tsx
[2026-08-16T01:42:20.149Z] [Auth] Missing session cookie
[2026-08-16T01:42:36.963Z] [Auth] Missing session cookie
[2026-08-16T01:42:52.644Z] [Auth] Missing session cookie
[2026-08-16T01:43:10.515Z] [Auth] Missing session cookie
[2026-08-16T01:43:29.393Z] [Auth] Missing session cookie
[2026-08-16T01:43:50.015Z] [Auth] Missing session cookie
[2026-08-16T01:44:42.951Z] [Auth] Missing session cookie
[2026-08-16T01:45:04.112Z] [Auth] Missing session cookie
[2026-08-16T01:46:22.163Z] [Auth] Missing session cookie
[2026-08-16T01:46:38.627Z] [Auth] Missing session cookie
[2026-08-16T01:47:12.003Z] 1:47:12 AM [vite] (client) hmr update /src/pages/Home.tsx, /src/index.css
[2026-08-16T01:47:12.207Z] 1:47:12 AM [vite] (client) hmr update /src/index.css, /src/styles/amelie-rebuild.css
[2026-08-16T01:48:45.563Z] [Auth] Missing session cookie
[2026-08-16T01:49:02.304Z] [Auth] Missing session cookie
[2026-08-16T01:50:11.654Z] [Auth] Missing session cookie
[2026-08-16T01:50:28.535Z] [Auth] Missing session cookie
[2026-08-16T01:50:45.114Z] [Auth] Missing session cookie
[2026-08-16T01:51:03.507Z] [Auth] Missing session cookie
[2026-08-16T01:51:22.790Z] [Auth] Missing session cookie
[2026-08-16T01:51:43.698Z] [Auth] Missing session cookie
[2026-08-16T01:53:31.601Z] 1:53:31 AM [vite] (client) hmr update /src/pages/Home.tsx, /src/index.css
[2026-08-16T01:53:56.756Z] 1:53:56 AM [vite] (client) hmr update /src/index.css, /src/styles/amelie-rebuild.css
[2026-08-16T01:54:35.496Z] [Auth] Missing session cookie
[2026-08-16T01:54:52.712Z] [Auth] Missing session cookie
[2026-08-16T01:55:09.033Z] [Auth] Missing session cookie
[2026-08-16T01:55:27.278Z] [Auth] Missing session cookie
[2026-08-16T01:55:46.256Z] [Auth] Missing session cookie
[2026-08-16T01:56:07.380Z] [Auth] Missing session cookie
[2026-08-16T01:56:26.083Z] [Auth] Missing session cookie
[2026-08-16T01:56:42.208Z] [Auth] Missing session cookie
[2026-08-16T01:57:38.554Z] 1:57:38 AM [vite] (client) hmr update /src/index.css, /src/styles/amelie-rebuild.css
[2026-08-16T01:59:55.171Z] [Auth] Missing session cookie
[2026-08-16T02:00:12.662Z] [Auth] Missing session cookie
[2026-08-16T02:00:28.693Z] [Auth] Missing session cookie
[2026-08-16T02:00:45.535Z] [Auth] Missing session cookie
[2026-08-16T02:01:05.216Z] [Auth] Missing session cookie
[2026-08-16T02:01:25.594Z] [Auth] Missing session cookie
[2026-08-16T02:01:44.949Z] [Auth] Missing session cookie
[2026-08-16T02:01:59.798Z] [Auth] Missing session cookie
[2026-08-16T02:02:43.443Z] 2:02:43 AM [vite] (client) hmr update /src/index.css, /src/styles/amelie-rebuild.css
[2026-08-16T02:03:05.176Z] [Auth] Missing session cookie
[2026-08-16T02:03:21.960Z] [Auth] Missing session cookie
[2026-08-16T02:03:38.321Z] [Auth] Missing session cookie
[2026-08-16T02:03:55.672Z] [Auth] Missing session cookie
[2026-08-16T02:04:15.437Z] [Auth] Missing session cookie
[2026-08-16T02:04:34.921Z] [Auth] Missing session cookie
[2026-08-16T02:04:53.985Z] [Auth] Missing session cookie
[2026-08-16T02:05:10.336Z] [Auth] Missing session cookie
[2026-08-16T02:07:27.556Z] 2:07:27 AM [vite] (client) hmr update /src/pages/Home.tsx, /src/index.css
[2026-08-16T02:07:27.557Z] 2:07:27 AM [vite] (client) hmr update /src/index.css, /src/components/Footer.tsx
[2026-08-16T02:07:27.560Z] 2:07:27 AM [vite] (client) hmr update /src/index.css, /src/styles/amelie-rebuild.css
[2026-08-16T02:08:24.205Z] 2:08:24 AM [vite] (client) hmr update /src/index.css, /src/components/Footer.tsx
[2026-08-16T02:08:24.220Z] 2:08:24 AM [vite] (client) hmr update /src/pages/Home.tsx, /src/index.css
[2026-08-16T02:09:21.336Z] [Auth] Missing session cookie
[2026-08-16T02:09:37.396Z] [Auth] Missing session cookie
[2026-08-16T02:09:53.370Z] [Auth] Missing session cookie
[2026-08-16T02:10:09.415Z] [Auth] Missing session cookie
[2026-08-16T02:10:29.582Z] [Auth] Missing session cookie
[2026-08-16T02:10:52.891Z] [Auth] Missing session cookie
[2026-08-16T02:11:19.954Z] 2:11:19 AM [vite] (client) hmr update /src/index.css, /src/styles/amelie-rebuild.css
[2026-08-16T02:11:42.379Z] [Auth] Missing session cookie
[2026-08-16T02:11:59.936Z] [Auth] Missing session cookie
[2026-08-16T02:12:15.125Z] [Auth] Missing session cookie
[2026-08-16T02:12:32.347Z] [Auth] Missing session cookie
[2026-08-16T02:12:51.162Z] [Auth] Missing session cookie
[2026-08-16T02:13:12.901Z] [Auth] Missing session cookie
[2026-08-16T02:13:34.775Z] 2:13:34 AM [vite] (client) hmr update /src/index.css, /src/styles/amelie-rebuild.css
[2026-08-16T02:14:08.381Z] [Auth] Missing session cookie
[2026-08-16T02:14:27.499Z] [Auth] Missing session cookie
[2026-08-16T02:14:43.393Z] [Auth] Missing session cookie
[2026-08-16T02:15:01.384Z] [Auth] Missing session cookie
[2026-08-16T02:15:21.285Z] [Auth] Missing session cookie
[2026-08-16T02:15:42.602Z] [Auth] Missing session cookie
[2026-08-16T02:16:41.998Z] 2:16:41 AM [vite] (client) hmr update /src/pages/Home.tsx, /src/index.css
[2026-08-16T02:16:42.044Z] 2:16:42 AM [vite] (client) hmr update /src/index.css, /src/components/Footer.tsx
[2026-08-16T02:18:00.755Z] 2:18:00 AM [vite] (client) hmr update /src/pages/Home.tsx, /src/index.css
[2026-08-16T02:18:38.059Z] [Auth] Missing session cookie
[2026-08-16T02:18:55.651Z] [Auth] Missing session cookie
[2026-08-16T02:19:11.821Z] [Auth] Missing session cookie
[2026-08-16T02:19:29.325Z] [Auth] Missing session cookie
[2026-08-16T02:19:49.819Z] [Auth] Missing session cookie
[2026-08-16T02:20:09.037Z] [Auth] Missing session cookie
[2026-08-16T02:22:21.638Z] [Auth] Missing session cookie
[2026-08-16T02:22:38.750Z] [Auth] Missing session cookie
[2026-08-16T02:23:51.724Z] 2:23:51 AM [vite] (client) hmr update /src/index.css, /src/styles/amelie-rebuild.css
[2026-08-16T02:24:23.562Z] [Auth] Missing session cookie
[2026-08-16T02:24:40.781Z] [Auth] Missing session cookie
[2026-08-16T02:24:57.492Z] [Auth] Missing session cookie
[2026-08-16T02:25:15.249Z] [Auth] Missing session cookie
[2026-08-16T02:25:35.926Z] [Auth] Missing session cookie
[2026-08-16T02:25:56.435Z] [Auth] Missing session cookie
[2026-08-16T02:27:19.714Z] 2:27:19 AM [vite] (client) hmr update /src/index.css, /src/styles/amelie-rebuild.css
[2026-08-16T02:27:50.748Z] [Auth] Missing session cookie
[2026-08-16T02:28:07.937Z] [Auth] Missing session cookie
[2026-08-16T02:28:23.940Z] [Auth] Missing session cookie
[2026-08-16T02:28:39.008Z] [Auth] Missing session cookie
[2026-08-16T02:28:58.096Z] [Auth] Missing session cookie
[2026-08-16T02:29:17.198Z] [Auth] Missing session cookie
[2026-08-16T02:30:52.646Z] 2:30:52 AM [vite] (client) hmr update /src/index.css, /src/styles/amelie-rebuild.css
[2026-08-16T02:31:22.818Z] [Auth] Missing session cookie
[2026-08-16T02:31:41.913Z] [Auth] Missing session cookie
[2026-08-16T02:32:14.420Z] [Auth] Missing session cookie
[2026-08-16T02:32:35.288Z] [Auth] Missing session cookie
[2026-08-16T02:32:57.412Z] [Auth] Missing session cookie
[2026-08-16T02:33:20.613Z] [Auth] Missing session cookie
[2026-08-16T13:58:43.834Z] [Auth] Missing session cookie
[2026-08-16T13:59:10.929Z] [Auth] Missing session cookie
[2026-08-16T13:59:53.828Z] [Auth] Missing session cookie
[2026-08-16T14:00:36.069Z] [Auth] Missing session cookie
[2026-08-16T14:01:18.814Z] [Auth] Missing session cookie
[2026-08-16T14:01:46.928Z] [Auth] Missing session cookie
[2026-08-16T14:02:16.159Z] [Auth] Missing session cookie
[2026-08-16T14:04:31.366Z] [Auth] Missing session cookie
[2026-08-16T14:04:48.668Z] [Auth] Missing session cookie
[2026-08-16T14:05:05.732Z] [Auth] Missing session cookie
[2026-08-16T14:05:22.352Z] [Auth] Missing session cookie
[2026-08-16T14:05:39.065Z] [Auth] Missing session cookie
[2026-08-16T14:05:57.726Z] [Auth] Missing session cookie
[2026-08-16T14:06:15.561Z] [Auth] Missing session cookie
[2026-08-16T14:08:55.827Z] [Auth] Missing session cookie
[2026-08-16T14:09:10.644Z] [Auth] Missing session cookie
[2026-08-16T14:09:25.049Z] [Auth] Missing session cookie
[2026-08-16T14:10:32.330Z] [Auth] Missing session cookie
[2026-08-16T14:10:46.477Z] [Auth] Missing session cookie
[2026-08-16T14:11:31.325Z] [Auth] Missing session cookie
[2026-08-16T14:11:47.839Z] [Auth] Missing session cookie
[2026-08-16T14:12:04.276Z] [Auth] Missing session cookie
[2026-08-16T14:13:00.224Z] [Auth] Missing session cookie
[2026-08-16T14:13:15.913Z] [Auth] Missing session cookie
[2026-08-16T14:13:31.614Z] [Auth] Missing session cookie
[2026-08-16T14:15:00.119Z] [Auth] Missing session cookie
[2026-08-16T14:15:14.761Z] [Auth] Missing session cookie
[2026-08-16T14:15:33.333Z] [Auth] Missing session cookie
[2026-08-16T14:21:12.634Z] 2:21:12 PM [vite] (client) hmr update /src/index.css, /src/styles/amelie-rebuild.css
[2026-08-16T14:21:58.212Z] [Auth] Missing session cookie
[2026-08-16T14:22:38.319Z] [Auth] Missing session cookie
[2026-08-16T14:23:38.796Z] [Auth] Missing session cookie
[2026-08-16T14:24:43.850Z] 2:24:43 PM [vite] (client) hmr update /src/index.css, /src/styles/amelie-rebuild.css
[2026-08-16T14:25:57.299Z] [Auth] Missing session cookie
[2026-08-16T14:26:32.593Z] [Auth] Missing session cookie
[2026-08-16T14:27:35.208Z] [Auth] Missing session cookie
[2026-08-16T14:28:08.547Z] 2:28:08 PM [vite] (client) hmr update /src/index.css, /src/styles/amelie-rebuild.css
[2026-08-16T14:30:33.851Z] 2:30:33 PM [vite] (client) hmr update /src/index.css, /src/styles/amelie-rebuild.css
[2026-08-16T14:31:24.871Z] [Auth] Missing session cookie
[2026-08-16T14:32:00.849Z] [Auth] Missing session cookie
[2026-08-16T14:33:26.744Z] [Auth] Missing session cookie
[2026-08-16T14:36:02.426Z] [Auth] Missing session cookie
[2026-08-16T14:36:39.036Z] [Auth] Missing session cookie
[2026-08-16T14:36:56.008Z] [Auth] Missing session cookie
[2026-08-16T14:38:24.054Z] [Auth] Missing session cookie
[2026-08-16T14:38:59.085Z] [Auth] Missing session cookie
[2026-08-16T14:40:01.411Z] [Auth] Missing session cookie
[2026-08-16T14:41:53.036Z] [Auth] Missing session cookie
[2026-08-16T14:42:35.103Z] [Auth] Missing session cookie
[2026-08-16T14:43:36.623Z] [Auth] Missing session cookie
[2026-08-16T14:44:49.172Z] [Auth] Missing session cookie
[2026-08-16T14:45:53.190Z] [Auth] Missing session cookie
[2026-08-16T14:46:06.135Z] [Auth] Missing session cookie
[2026-08-16T14:47:15.352Z] 2:47:15 PM [vite] (client) hmr update /src/index.css, /src/styles/amelie-rebuild.css
[2026-08-16T14:47:39.378Z] [Auth] Missing session cookie
[2026-08-16T14:47:53.113Z] [Auth] Missing session cookie
[2026-08-16T14:48:07.816Z] [Auth] Missing session cookie
[2026-08-16T14:48:59.485Z] [Auth] Missing session cookie
[2026-08-16T14:49:13.710Z] [Auth] Missing session cookie
[2026-08-16T14:49:28.843Z] [Auth] Missing session cookie
[2026-08-16T14:49:44.110Z] [Auth] Missing session cookie
[2026-08-16T14:49:58.036Z] [Auth] Missing session cookie
[2026-08-16T14:50:13.829Z] [Auth] Missing session cookie
[2026-08-16T14:50:29.598Z] [Auth] Missing session cookie
[2026-08-16T14:52:34.838Z] [Auth] Missing session cookie
[2026-08-16T14:52:48.126Z] [Auth] Missing session cookie
[2026-08-16T14:53:00.855Z] [Auth] Missing session cookie
[2026-08-16T14:55:01.381Z] 2:55:01 PM [vite] (client) hmr update /src/index.css, /src/styles/amelie-rebuild.css
[2026-08-16T14:55:23.373Z] [Auth] Missing session cookie
[2026-08-16T14:55:35.534Z] [Auth] Missing session cookie
[2026-08-16T14:55:50.730Z] [Auth] Missing session cookie
[2026-08-16T14:57:53.257Z] 2:57:53 PM [vite] (client) hmr update /src/index.css, /src/styles/amelie-rebuild.css
[2026-08-16T14:58:13.371Z] [Auth] Missing session cookie
[2026-08-16T14:58:26.189Z] [Auth] Missing session cookie
[2026-08-16T14:58:38.686Z] [Auth] Missing session cookie
[2026-08-16T15:00:27.943Z] 3:00:27 PM [vite] (client) hmr update /src/index.css, /src/styles/amelie-rebuild.css
[2026-08-16T15:00:51.140Z] [Auth] Missing session cookie
[2026-08-16T15:01:04.511Z] [Auth] Missing session cookie
[2026-08-16T15:01:16.895Z] [Auth] Missing session cookie
[2026-08-16T15:01:52.056Z] 3:01:52 PM [vite] (client) hmr update /src/index.css, /src/styles/amelie-rebuild.css
[2026-08-16T15:02:12.375Z] [Auth] Missing session cookie
[2026-08-16T15:02:24.600Z] [Auth] Missing session cookie
[2026-08-16T15:02:37.092Z] [Auth] Missing session cookie
[2026-08-16T15:03:17.124Z] 3:03:17 PM [vite] (client) hmr update /src/index.css, /src/styles/amelie-rebuild.css
[2026-08-16T15:03:40.460Z] [Auth] Missing session cookie
[2026-08-16T15:03:53.606Z] [Auth] Missing session cookie
[2026-08-16T15:04:07.395Z] [Auth] Missing session cookie
[2026-08-16T15:05:42.628Z] 3:05:42 PM [vite] (client) hmr update /src/index.css, /src/styles/amelie-rebuild.css
[2026-08-16T15:06:04.514Z] [Auth] Missing session cookie
[2026-08-16T15:06:17.193Z] [Auth] Missing session cookie
[2026-08-16T15:06:28.100Z] [Auth] Missing session cookie
[2026-08-16T15:09:22.964Z] [Auth] Missing session cookie
[2026-08-16T15:09:37.042Z] [Auth] Missing session cookie
[2026-08-16T15:09:52.220Z] [Auth] Missing session cookie
[2026-08-16T15:10:14.035Z] [Auth] Missing session cookie
[2026-08-16T15:10:27.577Z] [Auth] Missing session cookie
[2026-08-16T15:10:43.165Z] [Auth] Missing session cookie
[2026-08-16T15:10:57.989Z] [Auth] Missing session cookie
[2026-08-16T15:11:20.871Z] [Auth] Missing session cookie
[2026-08-16T15:11:34.947Z] [Auth] Missing session cookie
[2026-08-16T15:11:50.351Z] [Auth] Missing session cookie
[2026-08-16T15:12:45.201Z] [Auth] Missing session cookie
[2026-08-16T15:12:57.038Z] [Auth] Missing session cookie
[2026-08-16T15:13:10.158Z] [Auth] Missing session cookie
[2026-08-16T15:13:22.761Z] [Auth] Missing session cookie
[2026-08-16T15:14:29.154Z] 3:14:29 PM [vite] (client) hmr update /src/index.css, /src/styles/amelie-rebuild.css
[2026-08-16T15:14:56.213Z] [Auth] Missing session cookie
[2026-08-16T15:15:08.982Z] [Auth] Missing session cookie
[2026-08-16T15:15:22.579Z] [Auth] Missing session cookie
[2026-08-16T15:15:38.906Z] [Auth] Missing session cookie
[2026-08-16T15:16:39.904Z] 3:16:39 PM [vite] (client) hmr update /src/index.css, /src/styles/amelie-rebuild.css
[2026-08-16T15:17:02.330Z] [Auth] Missing session cookie
[2026-08-16T15:17:15.980Z] [Auth] Missing session cookie
[2026-08-16T15:17:31.657Z] [Auth] Missing session cookie
[2026-08-16T15:17:45.807Z] [Auth] Missing session cookie
[2026-08-16T15:22:20.188Z] 3:22:20 PM [vite] (client) hmr update /src/index.css, /src/styles/amelie-rebuild.css
[2026-08-16T15:22:44.058Z] [Auth] Missing session cookie
[2026-08-16T15:22:56.497Z] [Auth] Missing session cookie
[2026-08-16T15:23:09.256Z] [Auth] Missing session cookie
[2026-08-16T15:23:21.891Z] [Auth] Missing session cookie
[2026-08-16T15:25:04.895Z] 3:25:04 PM [vite] (client) hmr update /src/index.css, /src/styles/amelie-rebuild.css
[2026-08-16T15:25:25.998Z] [Auth] Missing session cookie
[2026-08-16T15:25:38.374Z] [Auth] Missing session cookie
[2026-08-16T15:25:50.757Z] [Auth] Missing session cookie
[2026-08-16T15:26:01.950Z] [Auth] Missing session cookie
[2026-08-16T15:26:20.640Z] 3:26:20 PM [vite] (client) hmr update /src/index.css, /src/styles/amelie-rebuild.css
[2026-08-16T15:26:41.718Z] [Auth] Missing session cookie
[2026-08-16T15:26:53.340Z] [Auth] Missing session cookie
[2026-08-16T15:27:04.838Z] [Auth] Missing session cookie
[2026-08-16T15:27:16.364Z] [Auth] Missing session cookie
[2026-08-16T15:28:01.192Z] 3:28:01 PM [vite] (client) hmr update /src/index.css, /src/styles/amelie-rebuild.css
[2026-08-16T15:28:23.930Z] [Auth] Missing session cookie
[2026-08-16T15:28:36.754Z] [Auth] Missing session cookie
[2026-08-16T15:28:49.617Z] [Auth] Missing session cookie
[2026-08-16T15:29:02.054Z] [Auth] Missing session cookie
[2026-08-16T15:32:34.679Z] [Auth] Missing session cookie
[2026-08-16T15:32:48.567Z] [Auth] Missing session cookie
[2026-08-16T15:33:02.331Z] [Auth] Missing session cookie
[2026-08-16T15:33:17.028Z] [Auth] Missing session cookie
[2026-08-16T15:33:54.970Z] [Auth] Missing session cookie
[2026-08-16T15:34:09.362Z] [Auth] Missing session cookie
[2026-08-16T15:34:23.012Z] [Auth] Missing session cookie
[2026-08-16T15:34:37.237Z] [Auth] Missing session cookie
[2026-08-16T15:34:51.109Z] [Auth] Missing session cookie
[2026-08-16T15:35:32.299Z] [Auth] Missing session cookie
[2026-08-16T15:36:35.135Z] [Auth] Missing session cookie
[2026-08-16T15:37:00.180Z] [Auth] Missing session cookie
[2026-08-16T15:37:14.509Z] [Auth] Missing session cookie
[2026-08-16T15:37:30.346Z] [Auth] Missing session cookie
[2026-08-16T15:37:46.470Z] [Auth] Missing session cookie
[2026-08-16T15:38:01.997Z] [Auth] Missing session cookie
[2026-08-16T15:38:17.775Z] [Auth] Missing session cookie
[2026-08-16T15:38:34.502Z] [Auth] Missing session cookie
[2026-08-16T15:38:57.048Z] [Auth] Missing session cookie
[2026-08-16T15:39:09.513Z] [Auth] Missing session cookie
[2026-08-16T15:39:20.984Z] [Auth] Missing session cookie
[2026-08-16T15:39:32.690Z] [Auth] Missing session cookie
[2026-08-16T15:44:04.082Z] 3:44:04 PM [vite] (client) hmr update /src/index.css, /src/styles/amelie-rebuild.css
[2026-08-16T15:44:25.881Z] [Auth] Missing session cookie
[2026-08-16T15:44:42.123Z] [Auth] Missing session cookie
[2026-08-16T15:45:28.572Z] [Auth] Missing session cookie
[2026-08-16T15:45:45.704Z] [Auth] Missing session cookie
[2026-08-16T15:46:01.815Z] [Auth] Missing session cookie
[2026-08-16T15:46:19.255Z] [Auth] Missing session cookie
[2026-08-16T15:46:36.918Z] [Auth] Missing session cookie
[2026-08-16T15:46:53.008Z] [Auth] Missing session cookie
[2026-08-16T15:47:12.663Z] [Auth] Missing session cookie
[2026-08-16T15:47:35.347Z] [Auth] Missing session cookie
[2026-08-16T15:47:48.619Z] [Auth] Missing session cookie
[2026-08-16T15:48:01.958Z] [Auth] Missing session cookie
[2026-08-16T15:48:15.763Z] [Auth] Missing session cookie
[2026-08-16T15:49:41.393Z] [Auth] Missing session cookie
[2026-08-16T15:49:56.207Z] [Auth] Missing session cookie
[2026-08-16T15:50:12.207Z] [Auth] Missing session cookie
[2026-08-16T15:50:26.346Z] [Auth] Missing session cookie
[2026-08-16T16:31:22.775Z] 4:31:22 PM [vite] (client) hmr update /src/index.css, /src/styles/amelie-rebuild.css
[2026-08-16T16:31:22.791Z] 4:31:22 PM [vite] (client) hmr update /src/pages/Home.tsx, /src/index.css
[2026-08-16T16:35:38.389Z] 4:35:38 PM [vite] (client) hmr update /src/index.css, /src/styles/amelie-rebuild.css
[2026-08-16T16:36:03.574Z] 4:36:03 PM [vite] (client) hmr update /src/pages/Home.tsx, /src/index.css
[2026-08-16T16:41:42.009Z] 4:41:42 PM [vite] (client) hmr update /src/index.css, /src/styles/amelie-rebuild.css
[2026-08-16T16:41:42.019Z] 4:41:42 PM [vite] (client) hmr update /src/styles/wave1-reference.css, /src/index.css
[2026-08-16T16:41:42.040Z] 4:41:42 PM [vite] (client) page reload index.html
[2026-08-16T16:42:47.555Z] 4:42:47 PM [vite] (client) hmr update /src/index.css
[2026-08-16T16:43:05.162Z] 4:43:05 PM [vite] (client) hmr update /src/index.css
[2026-08-16T16:43:17.523Z] 4:43:17 PM [vite] (client) hmr update /src/index.css
[2026-08-16T16:57:59.535Z] 4:57:59 PM [vite] (client) hmr update /src/pages/Home.tsx, /src/index.css
[2026-08-16T18:16:13.037Z] 6:16:13 PM [vite] (client) hmr update /src/index.css
[2026-08-16T18:16:24.302Z] 6:16:24 PM [vite] (client) page reload index.html
[2026-08-16T18:16:24.311Z] 6:16:24 PM [vite] (client) hmr update /src/styles/wave1-reference.css, /src/index.css
[2026-08-16T18:18:52.406Z] [Auth] Missing session cookie
[2026-08-16T18:18:53.932Z] [Auth] Missing session cookie
[2026-08-16T18:18:55.294Z] [Auth] Missing session cookie
[2026-08-16T18:18:55.395Z] [Auth] Missing session cookie
[2026-08-16T18:32:28.130Z] 6:32:28 PM [vite] (client) hmr update /src/index.css, /src/styles/amelie-rebuild.css
[2026-08-17T19:55:07.518Z] 7:55:07 PM [vite] (client) hmr update /src/index.css, /src/components/product/ProductCard.tsx
[2026-08-17T19:55:07.520Z] 7:55:07 PM [vite] (client) hmr update /src/index.css
[2026-08-17T19:55:07.521Z] 7:55:07 PM [vite] (client) hmr update /src/pages/Catalog.tsx, /src/index.css
[2026-08-17T19:55:07.522Z] 7:55:07 PM [vite] (client) hmr update /src/pages/ProductDetail.tsx, /src/index.css
[2026-08-17T19:55:07.720Z] 7:55:07 PM [vite] (client) page reload src/main.tsx
[2026-08-17T19:55:07.806Z] 7:55:07 PM [vite] (client) hmr update /src/index.css, /src/components/bouquet-builder/VisualBouquetBuilder.tsx
[2026-08-17T19:55:07.811Z] 7:55:07 PM [vite] (client) hmr update /src/pages/AIBouquetBuilder.tsx, /src/index.css
[2026-08-17T19:55:09.923Z] 7:55:09 PM [vite] (client) hmr update /src/index.css, /src/components/bouquet-builder/FlowerBuilderCard.tsx
[2026-08-17T19:55:11.037Z] 7:55:11 PM [vite] (client) hmr update /src/index.css, /src/components/bouquet-builder/BouquetPreviewCanvas.tsx
[2026-08-17T19:55:11.059Z] 7:55:11 PM [vite] (client) hmr update /src/index.css, /src/components/bouquet-builder/AIBouquetMode.tsx
[2026-08-17T19:55:11.107Z] 7:55:11 PM [vite] (client) hmr update /src/index.css, /src/components/bouquet-builder/AIFlowerPreviewStage.tsx
[2026-08-17T19:56:56.919Z] 7:56:56 PM [vite] (client) hmr update /src/styles/bouquet-builder-editorial.css, /src/index.css
[2026-08-17T19:57:32.658Z] [Auth] Missing session cookie
[2026-08-17T19:58:09.978Z] [Auth] Missing session cookie
[2026-08-17T19:59:02.034Z] [Auth] Missing session cookie
[2026-08-17T19:59:46.457Z] [Auth] Missing session cookie
[2026-08-17T20:01:37.464Z] [Auth] Missing session cookie
[2026-08-17T20:02:43.512Z] [Auth] Missing session cookie
[2026-08-17T22:46:56.870Z] 10:46:56 PM [vite] (client) hmr update /src/styles/bouquet-builder-editorial.css, /src/index.css
[2026-08-17T22:46:56.891Z] 10:46:56 PM [vite] (client) hmr update /src/pages/AIBouquetBuilder.tsx, /src/index.css
[2026-08-17T22:48:36.964Z] [Auth] Missing session cookie
[2026-08-17T22:49:06.840Z] [Auth] Missing session cookie
[2026-08-17T22:49:19.843Z] 10:49:19 PM [vite] (client) hmr update /src/index.css, /src/components/bouquet-builder/AIBouquetMode.tsx
[2026-08-17T22:49:19.916Z] 10:49:19 PM [vite] (client) hmr update /src/styles/bouquet-builder-editorial.css, /src/index.css
[2026-08-17T22:49:34.249Z] [Auth] Missing session cookie
[2026-08-17T22:49:56.096Z] [Auth] Missing session cookie
[2026-08-17T22:49:59.474Z] [Auth] Missing session cookie
[2026-08-17T23:31:34.516Z] 11:31:34 PM [vite] (client) page reload src/main.tsx
[2026-08-17T23:33:49.631Z] 11:33:49 PM [vite] (client) hmr update /src/styles/zip-reference-system.css, /src/index.css
[2026-08-17T23:37:06.684Z] 11:37:06 PM [vite] (client) hmr update /src/pages/Home.tsx, /src/index.css
[2026-08-17T23:37:06.746Z] 11:37:06 PM [vite] (client) page reload src/main.tsx
[2026-08-17T23:38:28.376Z] 11:38:28 PM [vite] (client) hmr update /src/index.css, /src/styles/zip-home-catalog.css
[2026-08-17T23:38:28.549Z] 11:38:28 PM [vite] (client) hmr update /src/pages/Catalog.tsx, /src/index.css
[2026-08-17T23:40:45.308Z] 11:40:45 PM [vite] (client) hmr update /src/pages/ProductDetail.tsx, /src/index.css
[2026-08-17T23:40:45.393Z] 11:40:45 PM [vite] (client) hmr update /src/index.css, /src/styles/zip-home-catalog.css
[2026-08-17T23:43:09.443Z] 11:43:09 PM [vite] (client) hmr update /src/pages/Cart.tsx, /src/index.css
[2026-08-17T23:43:09.446Z] 11:43:09 PM [vite] (client) hmr update /src/index.css, /src/styles/zip-home-catalog.css
[2026-08-17T23:43:09.510Z] 11:43:09 PM [vite] (client) hmr update /src/index.css
[2026-08-17T23:44:15.142Z] 11:44:15 PM [vite] (client) hmr update /src/index.css, /src/styles/zip-home-catalog.css
[2026-08-17T23:48:28.778Z] 11:48:28 PM [vite] (client) hmr update /src/index.css, /src/styles/zip-home-catalog.css
[2026-08-18T11:03:31.140Z] 11:03:31 AM [vite] changed tsconfig file detected: /home/ubuntu/flowers-boutique-web/tsconfig.json - Clearing cache and forcing full-reload to ensure TypeScript is compiled with updated config values.
[2026-08-18T11:03:31.150Z] 11:03:31 AM [vite] (client) page reload index.html
[2026-08-18T11:03:31.151Z] 11:03:31 AM [vite] (client) page reload public/.gitkeep
[2026-08-18T11:03:31.151Z] 11:03:31 AM [vite] (client) page reload public/__manus__/debug-collector.js
[2026-08-18T11:03:31.151Z] 11:03:31 AM [vite] (client) page reload public/flowers-boutique-hero-placeholder.svg
[2026-08-18T11:03:31.151Z] 11:03:31 AM [vite] (client) page reload public/googleac0f346b38a9ec92.html
[2026-08-18T11:03:31.151Z] 11:03:31 AM [vite] (client) page reload public/robots.txt
[2026-08-18T11:03:31.151Z] 11:03:31 AM [vite] (client) page reload public/sitemap.xml
[2026-08-18T11:03:31.151Z] 11:03:31 AM [vite] (client) page reload src/App.tsx
[2026-08-18T11:03:31.151Z] 11:03:31 AM [vite] (client) page reload src/const.ts
[2026-08-18T11:03:31.151Z] 11:03:31 AM [vite] (client) hmr update /src/index.css
[2026-08-18T11:03:31.151Z] 11:03:31 AM [vite] (client) page reload src/main.tsx
[2026-08-18T11:03:31.151Z] 11:03:31 AM [vite] (client) page reload src/vite-env.d.ts
[2026-08-18T11:03:31.151Z] 11:03:31 AM [vite] (client) page reload src/_core/hooks/useAuth.ts
[2026-08-18T11:03:31.151Z] 11:03:31 AM [vite] (client) page reload src/components/AIChatBox.tsx
[2026-08-18T11:03:31.151Z] 11:03:31 AM [vite] (client) page reload src/components/AddressAutocomplete.tsx
[2026-08-18T11:03:31.152Z] 11:03:31 AM [vite] (client) page reload src/components/BouquetCartPreview.tsx
[2026-08-18T11:03:31.152Z] 11:03:31 AM [vite] (client) page reload src/components/BouquetLoadingAnimation.tsx
[2026-08-18T11:03:31.152Z] 11:03:31 AM [vite] (client) page reload src/components/BrandWordmark.tsx
[2026-08-18T11:03:31.152Z] 11:03:31 AM [vite] (client) page reload src/components/CartDrawer.tsx
[2026-08-18T11:03:31.152Z] 11:03:31 AM [vite] (client) page reload src/components/CompactGeorgianCalendar.tsx
[2026-08-18T11:03:31.152Z] 11:03:31 AM [vite] (client) page reload src/components/DashboardLayout.tsx
[2026-08-18T11:03:31.152Z] 11:03:31 AM [vite] (client) page reload src/components/DashboardLayoutSkeleton.tsx
[2026-08-18T11:03:31.152Z] 11:03:31 AM [vite] (client) page reload src/components/DeliveryTimeSlots.tsx
[2026-08-18T11:03:31.152Z] 11:03:31 AM [vite] (client) page reload src/components/EditorialImage.tsx
[2026-08-18T11:03:31.152Z] 11:03:31 AM [vite] (client) page reload src/components/ErrorBoundary.tsx
[2026-08-18T11:03:31.152Z] 11:03:31 AM [vite] (client) page reload src/components/FlowerCatchingGame.tsx
[2026-08-18T11:03:31.152Z] 11:03:31 AM [vite] (client) page reload src/components/FlowerImage.tsx
[2026-08-18T11:03:31.152Z] 11:03:31 AM [vite] (client) page reload src/components/Footer.tsx
[2026-08-18T11:03:31.152Z] 11:03:31 AM [vite] (client) page reload src/components/HeroBannerSlider.tsx
[2026-08-18T11:03:31.152Z] 11:03:31 AM [vite] (client) page reload src/components/ImageUploader.tsx
[2026-08-18T11:03:31.152Z] 11:03:31 AM [vite] (client) page reload src/components/ManusDialog.tsx
[2026-08-18T11:03:31.152Z] 11:03:31 AM [vite] (client) page reload src/components/Map.tsx
[2026-08-18T11:03:31.152Z] 11:03:31 AM [vite] (client) page reload src/components/MapPinSelector.tsx
[2026-08-18T11:03:31.152Z] 11:03:31 AM [vite] (client) page reload src/components/Navbar.tsx
[2026-08-18T11:03:31.152Z] 11:03:31 AM [vite] (client) page reload src/components/ProductDetailStates.test.tsx
[2026-08-18T11:03:31.152Z] 11:03:31 AM [vite] (client) page reload src/components/ProductDetailStates.tsx
[2026-08-18T11:03:31.152Z] 11:03:31 AM [vite] (client) page reload src/components/ProductEditDrawer.tsx
[2026-08-18T11:03:31.152Z] 11:03:31 AM [vite] (client) page reload src/components/ProductFormModern.tsx
[2026-08-18T11:03:31.153Z] 11:03:31 AM [vite] (client) page reload src/components/SEO.tsx
[2026-08-18T11:03:31.153Z] 11:03:31 AM [vite] (client) page reload src/components/SEOMonitoring.tsx
[2026-08-18T11:03:31.153Z] 11:03:31 AM [vite] (client) page reload src/components/ScrollExpansionHero.tsx
[2026-08-18T11:03:31.153Z] 11:03:31 AM [vite] (client) page reload src/components/SelectedDateSummary.tsx
[2026-08-18T11:03:31.153Z] 11:03:31 AM [vite] (client) page reload src/components/StockBadge.tsx
[2026-08-18T11:03:31.153Z] 11:03:31 AM [vite] (client) page reload src/components/VariantEditor.tsx
[2026-08-18T11:03:31.153Z] 11:03:31 AM [vite] (client) page reload src/components/bouquet-builder/AIBouquetMode.tsx
[2026-08-18T11:03:31.153Z] 11:03:31 AM [vite] (client) page reload src/components/bouquet-builder/AIFlowerPreviewStage.tsx
[2026-08-18T11:03:31.153Z] 11:03:31 AM [vite] (client) page reload src/components/bouquet-builder/BouquetPreviewCanvas.tsx
[2026-08-18T11:03:31.153Z] 11:03:31 AM [vite] (client) page reload src/components/bouquet-builder/FlowerBuilderCard.tsx
[2026-08-18T11:03:31.153Z] 11:03:31 AM [vite] (client) page reload src/components/bouquet-builder/VisualBouquetBuilder.tsx
[2026-08-18T11:03:31.153Z] 11:03:31 AM [vite] (client) page reload src/components/bouquet-builder/bouquetLayout.ts
[2026-08-18T11:03:31.153Z] 11:03:31 AM [vite] (client) page reload src/components/bouquet-builder/builderAssets.ts
[2026-08-18T11:03:31.153Z] 11:03:31 AM [vite] (client) page reload src/components/bouquet-builder/builderPricing.ts
[2026-08-18T11:03:31.153Z] 11:03:31 AM [vite] (client) page reload src/components/bouquet-builder/builderTypes.ts
[2026-08-18T11:03:31.153Z] 11:03:31 AM [vite] (client) page reload src/components/mobile/ContactSheet.tsx
[2026-08-18T11:03:31.153Z] 11:03:31 AM [vite] (client) page reload src/components/mobile/MobileBottomNav.tsx
[2026-08-18T11:03:31.153Z] 11:03:31 AM [vite] (client) page reload src/components/product/ProductCard.tsx
[2026-08-18T11:03:31.153Z] 11:03:31 AM [vite] (client) page reload src/components/ui/accordion.tsx
[2026-08-18T11:03:31.153Z] 11:03:31 AM [vite] (client) page reload src/components/ui/alert-dialog.tsx
[2026-08-18T11:03:31.154Z] 11:03:31 AM [vite] (client) page reload src/components/ui/alert.tsx
[2026-08-18T11:03:31.154Z] 11:03:31 AM [vite] (client) page reload src/components/ui/aspect-ratio.tsx
[2026-08-18T11:03:31.154Z] 11:03:31 AM [vite] (client) page reload src/components/ui/avatar.tsx
[2026-08-18T11:03:31.154Z] 11:03:31 AM [vite] (client) page reload src/components/ui/badge.tsx
[2026-08-18T11:03:31.154Z] 11:03:31 AM [vite] (client) page reload src/components/ui/breadcrumb.tsx
[2026-08-18T11:03:31.154Z] 11:03:31 AM [vite] (client) page reload src/components/ui/button-group.tsx
[2026-08-18T11:03:31.154Z] 11:03:31 AM [vite] (client) page reload src/components/ui/button.tsx
[2026-08-18T11:03:31.154Z] 11:03:31 AM [vite] (client) page reload src/components/ui/calendar.tsx
[2026-08-18T11:03:31.154Z] 11:03:31 AM [vite] (client) page reload src/components/ui/card.tsx
[2026-08-18T11:03:31.154Z] 11:03:31 AM [vite] (client) page reload src/components/ui/carousel.tsx
[2026-08-18T11:03:31.154Z] 11:03:31 AM [vite] (client) page reload src/components/ui/chart.tsx
[2026-08-18T11:03:31.154Z] 11:03:31 AM [vite] (client) page reload src/components/ui/checkbox.tsx
[2026-08-18T11:03:31.154Z] 11:03:31 AM [vite] (client) page reload src/components/ui/collapsible.tsx
[2026-08-18T11:03:31.154Z] 11:03:31 AM [vite] (client) page reload src/components/ui/command.tsx
[2026-08-18T11:03:31.154Z] 11:03:31 AM [vite] (client) page reload src/components/ui/context-menu.tsx
[2026-08-18T11:03:31.154Z] 11:03:31 AM [vite] (client) page reload src/components/ui/dialog.tsx
[2026-08-18T11:03:31.154Z] 11:03:31 AM [vite] (client) page reload src/components/ui/drawer.tsx
[2026-08-18T11:03:31.154Z] 11:03:31 AM [vite] (client) page reload src/components/ui/dropdown-menu.tsx
[2026-08-18T11:03:31.154Z] 11:03:31 AM [vite] (client) page reload src/components/ui/empty.tsx
[2026-08-18T11:03:31.154Z] 11:03:31 AM [vite] (client) page reload src/components/ui/field.tsx
[2026-08-18T11:03:31.154Z] 11:03:31 AM [vite] (client) page reload src/components/ui/form.tsx
[2026-08-18T11:03:31.154Z] 11:03:31 AM [vite] (client) page reload src/components/ui/hover-card.tsx
[2026-08-18T11:03:31.154Z] 11:03:31 AM [vite] (client) page reload src/components/ui/input-group.tsx
[2026-08-18T11:03:31.154Z] 11:03:31 AM [vite] (client) page reload src/components/ui/input-otp.tsx
[2026-08-18T11:03:31.154Z] 11:03:31 AM [vite] (client) page reload src/components/ui/input.tsx
[2026-08-18T11:03:31.154Z] 11:03:31 AM [vite] (client) page reload src/components/ui/item.tsx
[2026-08-18T11:03:31.154Z] 11:03:31 AM [vite] (client) page reload src/components/ui/kbd.tsx
[2026-08-18T11:03:31.154Z] 11:03:31 AM [vite] (client) page reload src/components/ui/label.tsx
[2026-08-18T11:03:31.154Z] 11:03:31 AM [vite] (client) page reload src/components/ui/menubar.tsx
[2026-08-18T11:03:31.154Z] 11:03:31 AM [vite] (client) page reload src/components/ui/navigation-menu.tsx
[2026-08-18T11:03:31.154Z] 11:03:31 AM [vite] (client) page reload src/components/ui/pagination.tsx
[2026-08-18T11:03:31.154Z] 11:03:31 AM [vite] (client) page reload src/components/ui/popover.tsx
[2026-08-18T11:03:31.154Z] 11:03:31 AM [vite] (client) page reload src/components/ui/progress.tsx
[2026-08-18T11:03:31.154Z] 11:03:31 AM [vite] (client) page reload src/components/ui/radio-group.tsx
[2026-08-18T11:03:31.154Z] 11:03:31 AM [vite] (client) page reload src/components/ui/resizable.tsx
[2026-08-18T11:03:31.154Z] 11:03:31 AM [vite] (client) page reload src/components/ui/scroll-area.tsx
[2026-08-18T11:03:31.154Z] 11:03:31 AM [vite] (client) page reload src/components/ui/select.tsx
[2026-08-18T11:03:31.154Z] 11:03:31 AM [vite] (client) page reload src/components/ui/separator.tsx
[2026-08-18T11:03:31.154Z] 11:03:31 AM [vite] (client) page reload src/components/ui/sheet.tsx
[2026-08-18T11:03:31.154Z] 11:03:31 AM [vite] (client) page reload src/components/ui/sidebar.tsx
[2026-08-18T11:03:31.154Z] 11:03:31 AM [vite] (client) page reload src/components/ui/skeleton.tsx
[2026-08-18T11:03:31.154Z] 11:03:31 AM [vite] (client) page reload src/components/ui/slider.tsx
[2026-08-18T11:03:31.154Z] 11:03:31 AM [vite] (client) page reload src/components/ui/sonner.tsx
[2026-08-18T11:03:31.154Z] 11:03:31 AM [vite] (client) page reload src/components/ui/spinner.tsx
[2026-08-18T11:03:31.154Z] 11:03:31 AM [vite] (client) page reload src/components/ui/switch.tsx
[2026-08-18T11:03:31.154Z] 11:03:31 AM [vite] (client) page reload src/components/ui/table.tsx
[2026-08-18T11:03:31.154Z] 11:03:31 AM [vite] (client) page reload src/components/ui/tabs.tsx
[2026-08-18T11:03:31.154Z] 11:03:31 AM [vite] (client) page reload src/components/ui/textarea.tsx
[2026-08-18T11:03:31.154Z] 11:03:31 AM [vite] (client) page reload src/components/ui/toggle-group.tsx
[2026-08-18T11:03:31.154Z] 11:03:31 AM [vite] (client) page reload src/components/ui/toggle.tsx
[2026-08-18T11:03:31.154Z] 11:03:31 AM [vite] (client) page reload src/components/ui/tooltip.tsx
[2026-08-18T11:03:31.154Z] 11:03:31 AM [vite] (client) page reload src/hooks/useComposition.ts
[2026-08-18T11:03:31.154Z] 11:03:31 AM [vite] (client) page reload src/hooks/useMobile.tsx
[2026-08-18T11:03:31.154Z] 11:03:31 AM [vite] (client) page reload src/hooks/usePersistFn.ts
[2026-08-18T11:03:31.154Z] 11:03:31 AM [vite] (client) page reload src/hooks/useSEO.ts
[2026-08-18T11:03:31.154Z] 11:03:31 AM [vite] (client) page reload src/contexts/CartDrawerContext.tsx
[2026-08-18T11:03:31.154Z] 11:03:31 AM [vite] (client) page reload src/contexts/LanguageContext.tsx
[2026-08-18T11:03:31.154Z] 11:03:31 AM [vite] (client) page reload src/contexts/ThemeContext.tsx
[2026-08-18T11:03:31.155Z] 11:03:31 AM [vite] (client) page reload src/i18n/en.ts
[2026-08-18T11:03:31.155Z] 11:03:31 AM [vite] (client) page reload src/i18n/ka.ts
[2026-08-18T11:03:31.155Z] 11:03:31 AM [vite] (client) page reload src/lib/bouquetCache.ts
[2026-08-18T11:03:31.155Z] 11:03:31 AM [vite] (client) page reload src/lib/builderAssetMap.ts
[2026-08-18T11:03:31.155Z] 11:03:31 AM [vite] (client) page reload src/lib/builderAssets.ts
[2026-08-18T11:03:31.155Z] 11:03:31 AM [vite] (client) page reload src/lib/cartUtils.test.ts
[2026-08-18T11:03:31.155Z] 11:03:31 AM [vite] (client) page reload src/lib/cartUtils.ts
[2026-08-18T11:03:31.155Z] 11:03:31 AM [vite] (client) page reload src/lib/editorialMedia.ts
[2026-08-18T11:03:31.155Z] 11:03:31 AM [vite] (client) page reload src/lib/facebookPixel.ts
[2026-08-18T11:03:31.155Z] 11:03:31 AM [vite] (client) page reload src/lib/geoapifyService.ts
[2026-08-18T11:03:31.155Z] 11:03:31 AM [vite] (client) page reload src/lib/jsonLd.ts
[2026-08-18T11:03:31.155Z] 11:03:31 AM [vite] (client) page reload src/lib/metaAttribution.ts
[2026-08-18T11:03:31.155Z] 11:03:31 AM [vite] (client) page reload src/lib/productPresentation.ts
[2026-08-18T11:03:31.155Z] 11:03:31 AM [vite] (client) page reload src/lib/siteConfig.ts
[2026-08-18T11:03:31.155Z] 11:03:31 AM [vite] (client) page reload src/lib/trpc.ts
[2026-08-18T11:03:31.155Z] 11:03:31 AM [vite] (client) page reload src/lib/utils.ts
[2026-08-18T11:03:31.155Z] 11:03:31 AM [vite] (client) page reload src/pages/AIBouquetBuilder.tsx
[2026-08-18T11:03:31.155Z] 11:03:31 AM [vite] (client) page reload src/pages/About.tsx
[2026-08-18T11:03:31.155Z] 11:03:31 AM [vite] (client) page reload src/pages/Admin.tsx
[2026-08-18T11:03:31.155Z] 11:03:31 AM [vite] (client) page reload src/pages/AdminOrderDetail.tsx
[2026-08-18T11:03:31.155Z] 11:03:31 AM [vite] (client) page reload src/pages/AdminOrders.tsx
[2026-08-18T11:03:31.155Z] 11:03:31 AM [vite] (client) page reload src/pages/AdminOrdersTab.tsx
[2026-08-18T11:03:31.155Z] 11:03:31 AM [vite] (client) page reload src/pages/BirthdayFlowers.tsx
[2026-08-18T11:03:31.155Z] 11:03:31 AM [vite] (client) page reload src/pages/Cart.tsx
[2026-08-18T11:03:31.155Z] 11:03:31 AM [vite] (client) page reload src/pages/Catalog.tsx
[2026-08-18T11:03:31.155Z] 11:03:31 AM [vite] (client) page reload src/pages/Checkout.tsx
[2026-08-18T11:03:31.155Z] 11:03:31 AM [vite] (client) page reload src/pages/ComponentShowcase.tsx
[2026-08-18T11:03:31.155Z] 11:03:31 AM [vite] (client) page reload src/pages/Contact.tsx
[2026-08-18T11:03:31.155Z] 11:03:31 AM [vite] (client) page reload src/pages/Delivery.tsx
[2026-08-18T11:03:31.155Z] 11:03:31 AM [vite] (client) page reload src/pages/FlowerDeliveryTbilisi.tsx
[2026-08-18T11:03:31.155Z] 11:03:31 AM [vite] (client) page reload src/pages/FlowerShopTbilisi.tsx
[2026-08-18T11:03:31.155Z] 11:03:31 AM [vite] (client) page reload src/pages/Home.tsx
[2026-08-18T11:03:31.155Z] 11:03:31 AM [vite] (client) page reload src/pages/LilyBouquets.tsx
[2026-08-18T11:03:31.155Z] 11:03:31 AM [vite] (client) page reload src/pages/Login.tsx
[2026-08-18T11:03:31.155Z] 11:03:31 AM [vite] (client) page reload src/pages/NotFound.tsx
[2026-08-18T11:03:31.155Z] 11:03:31 AM [vite] (client) page reload src/pages/PaymentFail.tsx
[2026-08-18T11:03:31.155Z] 11:03:31 AM [vite] (client) page reload src/pages/PaymentFailed.tsx
[2026-08-18T11:03:31.155Z] 11:03:31 AM [vite] (client) page reload src/pages/PaymentPending.tsx
[2026-08-18T11:03:31.156Z] 11:03:31 AM [vite] (client) page reload src/pages/PaymentSuccess.tsx
[2026-08-18T11:03:31.156Z] 11:03:31 AM [vite] (client) page reload src/pages/Privacy.tsx
[2026-08-18T11:03:31.156Z] 11:03:31 AM [vite] (client) page reload src/pages/ProductDetail.tsx
[2026-08-18T11:03:31.156Z] 11:03:31 AM [vite] (client) page reload src/pages/Profile.tsx
[2026-08-18T11:03:31.156Z] 11:03:31 AM [vite] (client) page reload src/pages/RedesignPreview.tsx
[2026-08-18T11:03:31.156Z] 11:03:31 AM [vite] (client) page reload src/pages/Register.tsx
[2026-08-18T11:03:31.156Z] 11:03:31 AM [vite] (client) page reload src/pages/Returns.tsx
[2026-08-18T11:03:31.156Z] 11:03:31 AM [vite] (client) page reload src/pages/RoseBouquets.tsx
[2026-08-18T11:03:31.156Z] 11:03:31 AM [vite] (client) page reload src/pages/SprayRoses.tsx
[2026-08-18T11:03:31.156Z] 11:03:31 AM [vite] (client) page reload src/pages/Terms.tsx
[2026-08-18T11:03:31.156Z] 11:03:31 AM [vite] (client) page reload src/pages/Wishlist.tsx
[2026-08-18T11:03:31.156Z] 11:03:31 AM [vite] (client) page reload src/styles/header-refinement.css
[2026-08-18T11:03:31.156Z] 11:03:31 AM [vite] (client) page reload src/styles/wave1-reference.css
[2026-08-18T11:03:31.156Z] 11:03:31 AM [vite] (client) page reload src/styles/amelie-rebuild.css
[2026-08-18T11:03:31.156Z] 11:03:31 AM [vite] (client) page reload src/styles/bouquet-builder-editorial.css
[2026-08-18T11:03:31.156Z] 11:03:31 AM [vite] (client) page reload src/styles/zip-reference-system.css
[2026-08-18T11:03:31.156Z] 11:03:31 AM [vite] (client) page reload src/styles/zip-home-catalog.css
[2026-08-18T11:03:31.156Z] 11:03:31 AM [vite] (client) page reload /home/ubuntu/flowers-boutique-web/shared/checkoutPolicy.ts
[2026-08-18T11:03:31.156Z] 11:03:31 AM [vite] (client) page reload /home/ubuntu/flowers-boutique-web/shared/const.ts
[2026-08-18T11:03:31.243Z] 11:03:31 AM [tsx] unlink in ./vite.config.ts Restarting...
[2026-08-18T11:03:31.440Z] c
[2026-08-18T11:03:31.440Z] node:internal/modules/run_main:122
[2026-08-18T11:03:31.440Z] triggerUncaughtException(
[2026-08-18T11:03:31.440Z] ^
[2026-08-18T11:03:31.440Z] Error [ERR_MODULE_NOT_FOUND]: Cannot find module '/home/ubuntu/flowers-boutique-web/server/_core/index.ts' imported from /home/ubuntu/flowers-boutique-web/
[2026-08-18T11:03:31.440Z] at finalizeResolution (node:internal/modules/esm/resolve:275:11)
[2026-08-18T11:03:31.440Z] at moduleResolve (node:internal/modules/esm/resolve:932:10)
[2026-08-18T11:03:31.440Z] at defaultResolve (node:internal/modules/esm/resolve:1056:11)
[2026-08-18T11:03:31.440Z] at nextResolve (node:internal/modules/esm/hooks:748:28)
[2026-08-18T11:03:31.440Z] at resolveBase (file:///home/ubuntu/flowers-boutique-web/node_modules/.pnpm/tsx@4.20.6/node_modules/tsx/dist/esm/index.mjs?1787051011379:2:3744)
[2026-08-18T11:03:31.440Z] at resolveDirectory (file:///home/ubuntu/flowers-boutique-web/node_modules/.pnpm/tsx@4.20.6/node_modules/tsx/dist/esm/index.mjs?1787051011379:2:4243)
[2026-08-18T11:03:31.440Z] at resolveTsPaths (file:///home/ubuntu/flowers-boutique-web/node_modules/.pnpm/tsx@4.20.6/node_modules/tsx/dist/esm/index.mjs?1787051011379:2:4984)
[2026-08-18T11:03:31.440Z] at resolve (file:///home/ubuntu/flowers-boutique-web/node_modules/.pnpm/tsx@4.20.6/node_modules/tsx/dist/esm/index.mjs?1787051011379:2:5361)
[2026-08-18T11:03:31.440Z] at nextResolve (node:internal/modules/esm/hooks:748:28)
[2026-08-18T11:03:31.440Z] at Hooks.resolve (node:internal/modules/esm/hooks:240:30) {
[2026-08-18T11:03:31.440Z] code: 'ERR_MODULE_NOT_FOUND',
[2026-08-18T11:03:31.440Z] url: 'file:///home/ubuntu/flowers-boutique-web/server/_core/index.ts'
[2026-08-18T11:03:31.440Z] }
[2026-08-18T11:03:31.440Z] Node.js v22.13.0
[2026-08-18T11:03:36.267Z] Dev server exited with code 0
[2026-08-18T11:03:58.793Z] Starting dev server with command: pnpm run dev
[2026-08-18T11:03:59.060Z] $ next dev
[2026-08-18T11:03:59.352Z] ▲ Next.js 16.3.1 (Turbopack)
[2026-08-18T11:03:59.352Z] - Local:         http://localhost:3000
[2026-08-18T11:03:59.352Z] - Network:       http://169.254.0.21:3000
[2026-08-18T11:03:59.352Z] ✓ Ready in 217ms
[2026-08-18T11:03:59.371Z] ✓ Running next.config.ts took 18ms
[2026-08-18T11:03:59.403Z] Attention: Next.js now collects completely anonymous telemetry regarding usage.
[2026-08-18T11:03:59.403Z] This information is used to shape Next.js' roadmap and prioritize features.
[2026-08-18T11:03:59.403Z] You can learn more, including how to opt-out if you'd not like to participate in this anonymous program, by visiting the following URL:
[2026-08-18T11:03:59.403Z] https://nextjs.org/telemetry
[2026-08-18T11:04:03.737Z] GET / 200 in 2.9s (next.js: 1506ms, application-code: 1406ms)
[2026-08-18T11:04:03.850Z] ⚠ Blocked cross-origin request to Next.js dev resource /_next/static/chunks/src_0g71240._.js from "127.0.0.1".
[2026-08-18T11:04:03.850Z] Cross-origin access to Next.js dev resources is blocked by default for safety.
[2026-08-18T11:04:03.850Z] To allow this host in development, add it to "allowedDevOrigins" in next.config.js and restart the dev server:
[2026-08-18T11:04:03.850Z] // next.config.js
[2026-08-18T11:04:03.850Z] module.exports = {
[2026-08-18T11:04:03.850Z] allowedDevOrigins: ['127.0.0.1'],
[2026-08-18T11:04:03.850Z] }
[2026-08-18T11:04:03.850Z] Read more: https://nextjs.org/docs/app/api-reference/config/next-config-js/allowedDevOrigins
[2026-08-18T11:04:03.853Z] ⚠ Blocked cross-origin request to Next.js dev resource /_next/static/chunks/1ls4_next_1f7r-f_._.js from "127.0.0.1".
[2026-08-18T11:04:03.853Z] Cross-origin access to Next.js dev resources is blocked by default for safety.
[2026-08-18T11:04:03.853Z] To allow this host in development, add it to "allowedDevOrigins" in next.config.js and restart the dev server:
[2026-08-18T11:04:03.853Z] // next.config.js
[2026-08-18T11:04:03.853Z] module.exports = {
[2026-08-18T11:04:03.853Z] allowedDevOrigins: ['127.0.0.1'],
[2026-08-18T11:04:03.853Z] }
[2026-08-18T11:04:03.853Z] Read more: https://nextjs.org/docs/app/api-reference/config/next-config-js/allowedDevOrigins
[2026-08-18T11:04:04.122Z] ⚠ Blocked cross-origin request to Next.js dev resource /_next/hmr from "127.0.0.1".
[2026-08-18T11:04:04.122Z] Cross-origin access to Next.js dev resources is blocked by default for safety.
[2026-08-18T11:04:04.122Z] To allow this host in development, add it to "allowedDevOrigins" in next.config.js and restart the dev server:
[2026-08-18T11:04:04.122Z] // next.config.js
[2026-08-18T11:04:04.122Z] module.exports = {
[2026-08-18T11:04:04.122Z] allowedDevOrigins: ['127.0.0.1'],
[2026-08-18T11:04:04.122Z] }
[2026-08-18T11:04:04.122Z] Read more: https://nextjs.org/docs/app/api-reference/config/next-config-js/allowedDevOrigins
[2026-08-18T11:04:04.178Z] GET /manus-storage/img_7361_694dd6c5_2bc32d08.webp 404 in 233ms (next.js: 85ms, application-code: 148ms)
[2026-08-18T11:04:04.179Z] ⨯ The requested resource isn't a valid image for /manus-storage/img_7361_694dd6c5_2bc32d08.webp received null
[2026-08-18T11:04:04.192Z] GET /manus-storage/builder-rose-red-long_27f9586b.png 404 in 245ms (next.js: 80ms, application-code: 165ms)
[2026-08-18T11:04:04.192Z] ⨯ The requested resource isn't a valid image for /manus-storage/builder-rose-red-long_27f9586b.png received null
[2026-08-18T11:04:04.337Z] GET /manus-storage/builder-spray-rose-white-long_3c1d1e45.png 404 in 122ms (next.js: 6ms, application-code: 116ms)
[2026-08-18T11:04:04.337Z] ⨯ The requested resource isn't a valid image for /manus-storage/builder-spray-rose-white-long_3c1d1e45.png received null
[2026-08-18T11:04:04.338Z] GET /manus-storage/builder-peony-pink-long_b13d00f5.png 404 in 123ms (next.js: 3ms, application-code: 120ms)
[2026-08-18T11:04:04.339Z] ⨯ The requested resource isn't a valid image for /manus-storage/builder-peony-pink-long_b13d00f5.png received null
[2026-08-18T11:04:04.459Z] GET /manus-storage/builder-hydrangea-blue-long_e5c5f9ea.png 404 in 114ms (next.js: 4ms, application-code: 110ms)
[2026-08-18T11:04:04.459Z] ⨯ The requested resource isn't a valid image for /manus-storage/builder-hydrangea-blue-long_e5c5f9ea.png received null
[2026-08-18T11:04:04.465Z] GET /manus-storage/builder-lily-pink-long_115f27dc.png 404 in 121ms (next.js: 6ms, application-code: 115ms)
[2026-08-18T11:04:04.465Z] ⨯ The requested resource isn't a valid image for /manus-storage/builder-lily-pink-long_115f27dc.png received null
[2026-08-18T11:04:04.578Z] GET /manus-storage/builder-eustoma-white-long_c7c7aacd.png 404 in 110ms (next.js: 6ms, application-code: 104ms)
[2026-08-18T11:04:04.579Z] ⨯ The requested resource isn't a valid image for /manus-storage/builder-eustoma-white-long_c7c7aacd.png received null
[2026-08-18T11:04:04.584Z] GET /manus-storage/img_7363_c02e777c_8ec0ff7b.webp 404 in 787ms (next.js: 237ms, application-code: 550ms)
[2026-08-18T11:04:04.585Z] ⨯ The requested resource isn't a valid image for /manus-storage/img_7363_c02e777c_8ec0ff7b.webp received null
[2026-08-18T11:04:04.606Z] GET /manus-storage/img_7360_fdece5d6_53a4ba52.webp 404 in 661ms (next.js: 86ms, application-code: 574ms)
[2026-08-18T11:04:04.607Z] ⨯ The requested resource isn't a valid image for /manus-storage/img_7360_fdece5d6_53a4ba52.webp received null
[2026-08-18T11:04:04.610Z] GET /manus-storage/editorial-collection_fd67f2f1.webp 404 in 140ms (next.js: 20ms, application-code: 121ms)
[2026-08-18T11:04:04.610Z] ⨯ The requested resource isn't a valid image for /manus-storage/editorial-collection_fd67f2f1.webp received null
[2026-08-18T11:04:04.643Z] GET /manus-storage/studio-5_c8839d18.png 404 in 854ms (next.js: 255ms, application-code: 599ms)
[2026-08-18T11:04:04.644Z] ⨯ The requested resource isn't a valid image for /manus-storage/studio-5_c8839d18.png received null
[2026-08-18T11:04:04.728Z] GET /manus-storage/img_7368_beb2dc8c_d6dd3357.webp 404 in 933ms (next.js: 246ms, application-code: 687ms)
[2026-08-18T11:04:04.728Z] ⨯ The requested resource isn't a valid image for /manus-storage/img_7368_beb2dc8c_d6dd3357.webp received null
[2026-08-18T11:04:43.866Z] HEAD /?from_webdev=1 200 in 176ms (next.js: 6ms, application-code: 170ms)
[2026-08-18T11:04:44.226Z] GET /?from_webdev=1 200 in 164ms (next.js: 1.5ms, application-code: 162ms)
[2026-08-18T11:04:45.180Z] GET /manus-storage/studio-5_c8839d18.png 404 in 100ms (next.js: 1.8ms, application-code: 99ms)
[2026-08-18T11:04:45.181Z] ⨯ The requested resource isn't a valid image for /manus-storage/studio-5_c8839d18.png received null
[2026-08-18T11:04:46.123Z] GET /manus-storage/img_7363_c02e777c_8ec0ff7b.webp 404 in 138ms (next.js: 2.0ms, application-code: 136ms)
[2026-08-18T11:04:46.123Z] ⨯ The requested resource isn't a valid image for /manus-storage/img_7363_c02e777c_8ec0ff7b.webp received null
[2026-08-18T11:04:46.175Z] GET /manus-storage/img_7368_beb2dc8c_d6dd3357.webp 404 in 1112ms (next.js: 5ms, application-code: 1107ms)
[2026-08-18T11:04:46.175Z] ⨯ The requested resource isn't a valid image for /manus-storage/img_7368_beb2dc8c_d6dd3357.webp received null
[2026-08-18T11:04:48.215Z] ⚠ Blocked cross-origin request to Next.js dev resource /_next/static/chunks/src_0g71240._.js from "3000-i2pfjamc2e6vvxjvr0sej-59b127c0.us3.manus.computer".
[2026-08-18T11:04:48.215Z] Cross-origin access to Next.js dev resources is blocked by default for safety.
[2026-08-18T11:04:48.215Z] To allow this host in development, add it to "allowedDevOrigins" in next.config.js and restart the dev server:
[2026-08-18T11:04:48.215Z] // next.config.js
[2026-08-18T11:04:48.215Z] module.exports = {
[2026-08-18T11:04:48.215Z] allowedDevOrigins: ['3000-i2pfjamc2e6vvxjvr0sej-59b127c0.us3.manus.computer'],
[2026-08-18T11:04:48.215Z] }
[2026-08-18T11:04:48.215Z] Read more: https://nextjs.org/docs/app/api-reference/config/next-config-js/allowedDevOrigins
[2026-08-18T11:04:48.409Z] ⚠ Blocked cross-origin request to Next.js dev resource /_next/static/chunks/1ls4_next_1f7r-f_._.js from "3000-i2pfjamc2e6vvxjvr0sej-59b127c0.us3.manus.computer".
[2026-08-18T11:04:48.409Z] Cross-origin access to Next.js dev resources is blocked by default for safety.
[2026-08-18T11:04:48.409Z] To allow this host in development, add it to "allowedDevOrigins" in next.config.js and restart the dev server:
[2026-08-18T11:04:48.409Z] // next.config.js
[2026-08-18T11:04:48.409Z] module.exports = {
[2026-08-18T11:04:48.409Z] allowedDevOrigins: ['3000-i2pfjamc2e6vvxjvr0sej-59b127c0.us3.manus.computer'],
[2026-08-18T11:04:48.409Z] }
[2026-08-18T11:04:48.409Z] Read more: https://nextjs.org/docs/app/api-reference/config/next-config-js/allowedDevOrigins
[2026-08-18T11:04:48.651Z] ⚠ Blocked cross-origin request to Next.js dev resource /_next/hmr from "3000-i2pfjamc2e6vvxjvr0sej-59b127c0.us3.manus.computer".
[2026-08-18T11:04:48.651Z] Cross-origin access to Next.js dev resources is blocked by default for safety.
[2026-08-18T11:04:48.651Z] To allow this host in development, add it to "allowedDevOrigins" in next.config.js and restart the dev server:
[2026-08-18T11:04:48.651Z] // next.config.js
[2026-08-18T11:04:48.651Z] module.exports = {
[2026-08-18T11:04:48.651Z] allowedDevOrigins: ['3000-i2pfjamc2e6vvxjvr0sej-59b127c0.us3.manus.computer'],
[2026-08-18T11:04:48.651Z] }
[2026-08-18T11:04:48.651Z] Read more: https://nextjs.org/docs/app/api-reference/config/next-config-js/allowedDevOrigins
[2026-08-18T11:05:19.752Z] GET /?from_webdev=1 200 in 188ms (next.js: 4ms, application-code: 184ms)
[2026-08-18T11:05:20.118Z] GET /manus-storage/img_7368_beb2dc8c_d6dd3357.webp 404 in 153ms (next.js: 4ms, application-code: 149ms)
[2026-08-18T11:05:20.119Z] ⨯ The requested resource isn't a valid image for /manus-storage/img_7368_beb2dc8c_d6dd3357.webp received null
[2026-08-18T11:05:20.262Z] GET /manus-storage/img_7368_beb2dc8c_d6dd3357.webp 404 in 116ms (next.js: 3ms, application-code: 113ms)
[2026-08-18T11:05:20.262Z] ⨯ The requested resource isn't a valid image for /manus-storage/img_7368_beb2dc8c_d6dd3357.webp received null
[2026-08-18T11:05:20.427Z] GET /manus-storage/img_7363_c02e777c_8ec0ff7b.webp 404 in 117ms (next.js: 3ms, application-code: 114ms)
[2026-08-18T11:05:20.428Z] ⨯ The requested resource isn't a valid image for /manus-storage/img_7363_c02e777c_8ec0ff7b.webp received null
[2026-08-18T11:05:22.616Z] HEAD / 200 in 171ms (next.js: 2ms, application-code: 168ms)
[2026-08-18T11:05:23.857Z] GET /?from_webdev=1 200 in 163ms (next.js: 1.7ms, application-code: 162ms)
[2026-08-18T11:05:24.217Z] GET /manus-storage/img_7368_beb2dc8c_d6dd3357.webp 404 in 153ms (next.js: 2ms, application-code: 151ms)
[2026-08-18T11:05:24.217Z] ⨯ The requested resource isn't a valid image for /manus-storage/img_7368_beb2dc8c_d6dd3357.webp received null
[2026-08-18T11:05:24.368Z] GET /manus-storage/img_7368_beb2dc8c_d6dd3357.webp 404 in 112ms (next.js: 2ms, application-code: 109ms)
[2026-08-18T11:05:24.369Z] ⨯ The requested resource isn't a valid image for /manus-storage/img_7368_beb2dc8c_d6dd3357.webp received null
[2026-08-18T11:05:24.517Z] GET /manus-storage/img_7363_c02e777c_8ec0ff7b.webp 404 in 111ms (next.js: 3ms, application-code: 108ms)
[2026-08-18T11:05:24.517Z] ⨯ The requested resource isn't a valid image for /manus-storage/img_7363_c02e777c_8ec0ff7b.webp received null
[2026-08-18T11:05:39.756Z] GET / 200 in 219ms (next.js: 3ms, application-code: 216ms)
[2026-08-18T11:05:39.982Z] GET /manus-storage/img_7368_beb2dc8c_d6dd3357.webp 404 in 149ms (next.js: 3ms, application-code: 146ms)
[2026-08-18T11:05:39.982Z] ⨯ The requested resource isn't a valid image for /manus-storage/img_7368_beb2dc8c_d6dd3357.webp received null
[2026-08-18T11:05:39.990Z] GET /manus-storage/img_7368_beb2dc8c_d6dd3357.webp 404 in 156ms (next.js: 31ms, application-code: 125ms)
[2026-08-18T11:05:39.990Z] ⨯ The requested resource isn't a valid image for /manus-storage/img_7368_beb2dc8c_d6dd3357.webp received null
[2026-08-18T11:05:40.199Z] GET /manus-storage/img_7363_c02e777c_8ec0ff7b.webp 404 in 205ms (next.js: 36ms, application-code: 169ms)
[2026-08-18T11:05:40.199Z] ⨯ The requested resource isn't a valid image for /manus-storage/img_7363_c02e777c_8ec0ff7b.webp received null
[2026-08-18T11:05:40.235Z] GET /cart 200 in 705ms (next.js: 517ms, application-code: 188ms)
[2026-08-18T11:05:40.338Z] GET /catalog 200 in 812ms (next.js: 588ms, application-code: 224ms)
[2026-08-18T11:05:40.339Z] GET /builder 200 in 811ms (next.js: 579ms, application-code: 232ms)
[2026-08-18T11:05:40.454Z] ⚠ Blocked cross-origin request to Next.js dev resource /_next/static/chunks/src_1b3-tvs._.js from "127.0.0.1".
[2026-08-18T11:05:40.454Z] Cross-origin access to Next.js dev resources is blocked by default for safety.
[2026-08-18T11:05:40.454Z] To allow this host in development, add it to "allowedDevOrigins" in next.config.js and restart the dev server:
[2026-08-18T11:05:40.454Z] // next.config.js
[2026-08-18T11:05:40.454Z] module.exports = {
[2026-08-18T11:05:40.454Z] allowedDevOrigins: ['127.0.0.1'],
[2026-08-18T11:05:40.454Z] }
[2026-08-18T11:05:40.454Z] Read more: https://nextjs.org/docs/app/api-reference/config/next-config-js/allowedDevOrigins
[2026-08-18T11:05:40.535Z] GET /manus-storage/img_8300_93518ec7_68025000.webp 404 in 128ms (next.js: 4ms, application-code: 124ms)
[2026-08-18T11:05:40.535Z] ⨯ The requested resource isn't a valid image for /manus-storage/img_8300_93518ec7_68025000.webp received null
[2026-08-18T11:05:40.536Z] GET /manus-storage/img_8328_4e1b223b_875f0a71.webp 404 in 129ms (next.js: 6ms, application-code: 123ms)
[2026-08-18T11:05:40.536Z] ⨯ The requested resource isn't a valid image for /manus-storage/img_8328_4e1b223b_875f0a71.webp received null
[2026-08-18T11:05:40.543Z] ⚠ Blocked cross-origin request to Next.js dev resource /_next/static/chunks/src_components_cart_CartView_tsx_0vsb1rx._.js from "127.0.0.1".
[2026-08-18T11:05:40.543Z] Cross-origin access to Next.js dev resources is blocked by default for safety.
[2026-08-18T11:05:40.543Z] To allow this host in development, add it to "allowedDevOrigins" in next.config.js and restart the dev server:
[2026-08-18T11:05:40.543Z] // next.config.js
[2026-08-18T11:05:40.543Z] module.exports = {
[2026-08-18T11:05:40.543Z] allowedDevOrigins: ['127.0.0.1'],
[2026-08-18T11:05:40.543Z] }
[2026-08-18T11:05:40.543Z] Read more: https://nextjs.org/docs/app/api-reference/config/next-config-js/allowedDevOrigins
[2026-08-18T11:05:40.622Z] GET /manus-storage/img_8344_a19ff2ea_ae18a9b0.webp 404 in 158ms (next.js: 5ms, application-code: 153ms)
[2026-08-18T11:05:40.623Z] ⨯ The requested resource isn't a valid image for /manus-storage/img_8344_a19ff2ea_ae18a9b0.webp received null
[2026-08-18T11:05:40.697Z] GET /manus-storage/img_8348_de251992_84266fc6.webp 404 in 133ms (next.js: 20ms, application-code: 114ms)
[2026-08-18T11:05:40.697Z] ⨯ The requested resource isn't a valid image for /manus-storage/img_8348_de251992_84266fc6.webp received null
[2026-08-18T11:05:40.730Z] GET /product/90001 200 in 1191ms (next.js: 949ms, application-code: 242ms)
[2026-08-18T11:05:40.862Z] GET /manus-storage/img_7368_beb2dc8c_d6dd3357.webp 404 in 112ms (next.js: 4ms, application-code: 108ms)
[2026-08-18T11:05:40.862Z] ⨯ The requested resource isn't a valid image for /manus-storage/img_7368_beb2dc8c_d6dd3357.webp received null
[2026-08-18T11:05:44.305Z] GET /manus-storage/img_7360_fdece5d6_53a4ba52.webp 404 in 180ms (next.js: 14ms, application-code: 165ms)
[2026-08-18T11:05:44.305Z] ⨯ The requested resource isn't a valid image for /manus-storage/img_7360_fdece5d6_53a4ba52.webp received null
[2026-08-18T11:05:44.314Z] GET /manus-storage/builder-lily-pink-long_115f27dc.png 404 in 187ms (next.js: 10ms, application-code: 177ms)
[2026-08-18T11:05:44.314Z] ⨯ The requested resource isn't a valid image for /manus-storage/builder-lily-pink-long_115f27dc.png received null
[2026-08-18T11:05:44.316Z] GET /manus-storage/img_7361_694dd6c5_2bc32d08.webp 404 in 192ms (next.js: 14ms, application-code: 178ms)
[2026-08-18T11:05:44.317Z] ⨯ The requested resource isn't a valid image for /manus-storage/img_7361_694dd6c5_2bc32d08.webp received null
[2026-08-18T11:05:44.318Z] GET /manus-storage/builder-rose-red-long_27f9586b.png 404 in 192ms (next.js: 15ms, application-code: 177ms)
[2026-08-18T11:05:44.318Z] ⨯ The requested resource isn't a valid image for /manus-storage/builder-rose-red-long_27f9586b.png received null
[2026-08-18T11:05:44.319Z] GET /manus-storage/builder-peony-pink-long_b13d00f5.png 404 in 193ms (next.js: 9ms, application-code: 184ms)
[2026-08-18T11:05:44.319Z] ⨯ The requested resource isn't a valid image for /manus-storage/builder-peony-pink-long_b13d00f5.png received null
[2026-08-18T11:05:44.359Z] GET /manus-storage/builder-spray-rose-white-long_3c1d1e45.png 404 in 233ms (next.js: 16ms, application-code: 218ms)
[2026-08-18T11:05:44.360Z] ⨯ The requested resource isn't a valid image for /manus-storage/builder-spray-rose-white-long_3c1d1e45.png received null
[2026-08-18T11:05:44.433Z] GET /manus-storage/builder-hydrangea-blue-long_e5c5f9ea.png 404 in 113ms (next.js: 14ms, application-code: 99ms)
[2026-08-18T11:05:44.434Z] ⨯ The requested resource isn't a valid image for /manus-storage/builder-hydrangea-blue-long_e5c5f9ea.png received null
[2026-08-18T11:05:44.461Z] GET /manus-storage/builder-eustoma-white-long_c7c7aacd.png 404 in 139ms (next.js: 22ms, application-code: 117ms)
[2026-08-18T11:05:44.462Z] ⨯ The requested resource isn't a valid image for /manus-storage/builder-eustoma-white-long_c7c7aacd.png received null
[2026-08-18T11:05:55.374Z] GET /manus-storage/img_7361_694dd6c5_2bc32d08.webp 404 in 151ms (next.js: 30ms, application-code: 121ms)
[2026-08-18T11:05:55.374Z] ⨯ The requested resource isn't a valid image for /manus-storage/img_7361_694dd6c5_2bc32d08.webp received null
[2026-08-18T11:05:55.391Z] GET /manus-storage/img_7360_fdece5d6_53a4ba52.webp 404 in 168ms (next.js: 32ms, application-code: 136ms)
[2026-08-18T11:05:55.392Z] ⨯ The requested resource isn't a valid image for /manus-storage/img_7360_fdece5d6_53a4ba52.webp received null
[2026-08-18T11:05:55.415Z] GET /manus-storage/img_7363_c02e777c_8ec0ff7b.webp 404 in 192ms (next.js: 11ms, application-code: 182ms)
[2026-08-18T11:05:55.415Z] ⨯ The requested resource isn't a valid image for /manus-storage/img_7363_c02e777c_8ec0ff7b.webp received null
[2026-08-18T11:05:55.418Z] GET /manus-storage/img_7357_c9c21a13_ee62784a.webp 404 in 194ms (next.js: 55ms, application-code: 139ms)
[2026-08-18T11:05:55.418Z] ⨯ The requested resource isn't a valid image for /manus-storage/img_7357_c9c21a13_ee62784a.webp received null
[2026-08-18T11:05:55.419Z] GET /manus-storage/img_7368_beb2dc8c_d6dd3357.webp 404 in 197ms (next.js: 9ms, application-code: 189ms)
[2026-08-18T11:05:55.420Z] ⨯ The requested resource isn't a valid image for /manus-storage/img_7368_beb2dc8c_d6dd3357.webp received null
[2026-08-18T11:05:55.422Z] GET /manus-storage/img_7356_d8c86f08_198aa88a.webp 404 in 132ms (next.js: 16ms, application-code: 117ms)
[2026-08-18T11:05:55.422Z] ⨯ The requested resource isn't a valid image for /manus-storage/img_7356_d8c86f08_198aa88a.webp received null
[2026-08-18T11:05:55.518Z] GET /manus-storage/img_7354_8dec9ac4_76712fd9.webp 404 in 95ms (next.js: 3ms, application-code: 92ms)
[2026-08-18T11:05:55.518Z] ⨯ The requested resource isn't a valid image for /manus-storage/img_7354_8dec9ac4_76712fd9.webp received null
[2026-08-18T11:05:55.555Z] GET /manus-storage/img_7348_642de59f_da46e323.webp 404 in 131ms (next.js: 19ms, application-code: 113ms)
[2026-08-18T11:05:55.555Z] ⨯ The requested resource isn't a valid image for /manus-storage/img_7348_642de59f_da46e323.webp received null
[2026-08-18T11:05:55.930Z] GET /manus-storage/img_7361_694dd6c5_2bc32d08.webp 404 in 132ms (next.js: 6ms, application-code: 126ms)
[2026-08-18T11:05:55.931Z] ⨯ The requested resource isn't a valid image for /manus-storage/img_7361_694dd6c5_2bc32d08.webp received null
[2026-08-18T11:05:55.937Z] GET /manus-storage/img_7363_c02e777c_8ec0ff7b.webp 404 in 139ms (next.js: 5ms, application-code: 135ms)
[2026-08-18T11:05:55.938Z] ⨯ The requested resource isn't a valid image for /manus-storage/img_7363_c02e777c_8ec0ff7b.webp received null
[2026-08-18T11:05:55.947Z] GET /manus-storage/img_7360_fdece5d6_53a4ba52.webp 404 in 148ms (next.js: 32ms, application-code: 116ms)
[2026-08-18T11:05:55.947Z] ⨯ The requested resource isn't a valid image for /manus-storage/img_7360_fdece5d6_53a4ba52.webp received null
[2026-08-18T11:05:56.001Z] GET /manus-storage/img_7357_c9c21a13_ee62784a.webp 404 in 201ms (next.js: 62ms, application-code: 140ms)
[2026-08-18T11:05:56.001Z] ⨯ The requested resource isn't a valid image for /manus-storage/img_7357_c9c21a13_ee62784a.webp received null
[2026-08-18T11:06:30.721Z] GET /?from_webdev=1 200 in 786ms (next.js: 85ms, application-code: 701ms)
[2026-08-18T11:06:31.699Z] GET /manus-storage/img_7368_beb2dc8c_d6dd3357.webp 307 in 588ms (next.js: 411ms, application-code: 177ms)
[2026-08-18T11:06:31.699Z] ⨯ internal image response is empty for /manus-storage/img_7368_beb2dc8c_d6dd3357.webp
[2026-08-18T11:06:31.701Z] GET /manus-storage/img_7368_beb2dc8c_d6dd3357.webp 307 in 783ms (next.js: 602ms, application-code: 180ms)
[2026-08-18T11:06:31.701Z] ⨯ internal image response is empty for /manus-storage/img_7368_beb2dc8c_d6dd3357.webp
[2026-08-18T11:06:31.945Z] GET /manus-storage/img_7363_c02e777c_8ec0ff7b.webp 307 in 54ms (next.js: 16ms, application-code: 38ms)
[2026-08-18T11:06:31.945Z] ⨯ internal image response is empty for /manus-storage/img_7363_c02e777c_8ec0ff7b.webp
[2026-08-18T11:06:35.170Z] HEAD / 200 in 167ms (next.js: 1.9ms, application-code: 165ms)
[2026-08-18T11:06:37.840Z] GET /?from_webdev=1 200 in 160ms (next.js: 1.6ms, application-code: 159ms)
[2026-08-18T11:06:38.210Z] GET /manus-storage/img_7368_beb2dc8c_d6dd3357.webp 307 in 160ms (next.js: 18ms, application-code: 142ms)
[2026-08-18T11:06:38.210Z] ⨯ internal image response is empty for /manus-storage/img_7368_beb2dc8c_d6dd3357.webp
[2026-08-18T11:06:38.287Z] GET /manus-storage/img_7368_beb2dc8c_d6dd3357.webp 307 in 44ms (next.js: 1.2ms, application-code: 42ms)
[2026-08-18T11:06:38.287Z] ⨯ internal image response is empty for /manus-storage/img_7368_beb2dc8c_d6dd3357.webp
[2026-08-18T11:06:38.446Z] GET /manus-storage/img_7363_c02e777c_8ec0ff7b.webp 307 in 41ms (next.js: 1.2ms, application-code: 40ms)
[2026-08-18T11:06:38.446Z] ⨯ internal image response is empty for /manus-storage/img_7363_c02e777c_8ec0ff7b.webp
[2026-08-18T11:06:52.436Z] GET /builder 200 in 202ms (next.js: 8ms, application-code: 193ms)
[2026-08-18T11:06:52.632Z] GET /manus-storage/builder-wrap-cream-back_de8e41ea.png 307 in 171ms (next.js: 18ms, application-code: 153ms)
[2026-08-18T11:06:52.657Z] GET /manus-storage/builder-wrap-cream-front_de90fdc3.png 307 in 172ms (next.js: 1.6ms, application-code: 170ms)
[2026-08-18T11:06:52.687Z] GET /manus-storage/builder-ribbon-ivory-photo_6accd292.png 307 in 197ms (next.js: 1.2ms, application-code: 196ms)
[2026-08-18T11:06:52.810Z] GET / 200 in 573ms (next.js: 24ms, application-code: 549ms)
[2026-08-18T11:06:52.876Z] GET /manus-storage/img_7368_beb2dc8c_d6dd3357.webp 307 in 45ms (next.js: 2ms, application-code: 43ms)
[2026-08-18T11:06:52.877Z] ⨯ internal image response is empty for /manus-storage/img_7368_beb2dc8c_d6dd3357.webp
[2026-08-18T11:06:52.887Z] GET /manus-storage/img_7363_c02e777c_8ec0ff7b.webp 307 in 48ms (next.js: 1.0ms, application-code: 47ms)
[2026-08-18T11:06:52.887Z] ⨯ internal image response is empty for /manus-storage/img_7363_c02e777c_8ec0ff7b.webp
[2026-08-18T11:06:52.890Z] GET /manus-storage/img_7368_beb2dc8c_d6dd3357.webp 307 in 58ms (next.js: 5ms, application-code: 54ms)
[2026-08-18T11:06:52.890Z] ⨯ internal image response is empty for /manus-storage/img_7368_beb2dc8c_d6dd3357.webp
[2026-08-18T11:06:52.947Z] GET /manus-storage/img_7363_c02e777c_8ec0ff7b.webp 307 in 67ms (next.js: 1.6ms, application-code: 65ms)
[2026-08-18T11:06:52.994Z] GET /manus-storage/img_7361_694dd6c5_2bc32d08.webp 307 in 66ms (next.js: 15ms, application-code: 51ms)
[2026-08-18T11:06:53.020Z] GET /manus-storage/img_7360_fdece5d6_53a4ba52.webp 307 in 52ms (next.js: 1.6ms, application-code: 51ms)
[2026-08-18T11:06:53.043Z] GET /product/90001 200 in 757ms (next.js: 26ms, application-code: 730ms)
[2026-08-18T11:06:53.054Z] GET /manus-storage/img_7368_beb2dc8c_d6dd3357.webp 307 in 185ms (next.js: 1.6ms, application-code: 183ms)
[2026-08-18T11:06:53.089Z] GET /manus-storage/img_7357_c9c21a13_ee62784a.webp 307 in 62ms (next.js: 1.4ms, application-code: 60ms)
[2026-08-18T11:06:53.105Z] GET /manus-storage/img_7356_d8c86f08_198aa88a.webp 307 in 57ms (next.js: 1.8ms, application-code: 55ms)
[2026-08-18T11:06:53.105Z] GET /catalog 200 in 817ms (next.js: 33ms, application-code: 784ms)
[2026-08-18T11:06:53.107Z] GET /manus-storage/img_7368_beb2dc8c_d6dd3357.webp 307 in 50ms (next.js: 1.1ms, application-code: 49ms)
[2026-08-18T11:06:53.107Z] ⨯ internal image response is empty for /manus-storage/img_7368_beb2dc8c_d6dd3357.webp
[2026-08-18T11:06:53.152Z] GET /manus-storage/img_7354_8dec9ac4_76712fd9.webp 307 in 54ms (next.js: 2ms, application-code: 52ms)
[2026-08-18T11:06:53.184Z] GET /manus-storage/img_8300_93518ec7_68025000.webp 307 in 55ms (next.js: 7ms, application-code: 48ms)
[2026-08-18T11:06:53.184Z] ⨯ internal image response is empty for /manus-storage/img_8300_93518ec7_68025000.webp
[2026-08-18T11:06:53.186Z] GET /manus-storage/img_8344_a19ff2ea_ae18a9b0.webp 307 in 47ms (next.js: 3ms, application-code: 44ms)
[2026-08-18T11:06:53.186Z] ⨯ internal image response is empty for /manus-storage/img_8344_a19ff2ea_ae18a9b0.webp
[2026-08-18T11:06:53.187Z] GET /manus-storage/img_8328_4e1b223b_875f0a71.webp 307 in 52ms (next.js: 5ms, application-code: 48ms)
[2026-08-18T11:06:53.187Z] ⨯ internal image response is empty for /manus-storage/img_8328_4e1b223b_875f0a71.webp
[2026-08-18T11:06:53.282Z] GET /manus-storage/img_7360_fdece5d6_53a4ba52.webp 307 in 47ms (next.js: 5ms, application-code: 41ms)
[2026-08-18T11:06:53.282Z] ⨯ internal image response is empty for /manus-storage/img_7360_fdece5d6_53a4ba52.webp
[2026-08-18T11:06:53.284Z] GET /manus-storage/img_7363_c02e777c_8ec0ff7b.webp 307 in 49ms (next.js: 1.4ms, application-code: 48ms)
[2026-08-18T11:06:53.284Z] ⨯ internal image response is empty for /manus-storage/img_7363_c02e777c_8ec0ff7b.webp
[2026-08-18T11:06:53.287Z] GET /manus-storage/img_8348_de251992_84266fc6.webp 307 in 148ms (next.js: 5ms, application-code: 143ms)
[2026-08-18T11:06:53.287Z] ⨯ internal image response is empty for /manus-storage/img_8348_de251992_84266fc6.webp
[2026-08-18T11:06:53.288Z] GET /manus-storage/img_7361_694dd6c5_2bc32d08.webp 307 in 53ms (next.js: 3ms, application-code: 49ms)
[2026-08-18T11:06:53.288Z] ⨯ internal image response is empty for /manus-storage/img_7361_694dd6c5_2bc32d08.webp
[2026-08-18T11:06:53.307Z] GET /manus-storage/img_7368_beb2dc8c_d6dd3357.webp 307 in 78ms (next.js: 1.9ms, application-code: 76ms)
[2026-08-18T11:06:53.308Z] ⨯ internal image response is empty for /manus-storage/img_7368_beb2dc8c_d6dd3357.webp
[2026-08-18T11:06:53.313Z] GET /manus-storage/img_7348_642de59f_da46e323.webp 307 in 166ms (next.js: 1.0ms, application-code: 165ms)
[2026-08-18T11:06:53.351Z] GET /manus-storage/img_7357_c9c21a13_ee62784a.webp 307 in 53ms (next.js: 2ms, application-code: 51ms)
[2026-08-18T11:06:53.351Z] ⨯ internal image response is empty for /manus-storage/img_7357_c9c21a13_ee62784a.webp
[2026-08-18T11:06:53.353Z] GET /manus-storage/img_7356_d8c86f08_198aa88a.webp 307 in 50ms (next.js: 1.1ms, application-code: 48ms)
[2026-08-18T11:06:53.353Z] ⨯ internal image response is empty for /manus-storage/img_7356_d8c86f08_198aa88a.webp
[2026-08-18T11:06:53.360Z] GET /manus-storage/img_7354_8dec9ac4_76712fd9.webp 307 in 54ms (next.js: 4ms, application-code: 51ms)
[2026-08-18T11:06:53.360Z] ⨯ internal image response is empty for /manus-storage/img_7354_8dec9ac4_76712fd9.webp
[2026-08-18T11:06:53.363Z] GET /manus-storage/img_7348_642de59f_da46e323.webp 307 in 48ms (next.js: 1.5ms, application-code: 47ms)
[2026-08-18T11:06:53.364Z] ⨯ internal image response is empty for /manus-storage/img_7348_642de59f_da46e323.webp
[2026-08-18T11:06:53.365Z] GET /manus-storage/img_7347_8b70b6a5_904b94c3.webp 307 in 45ms (next.js: 1.2ms, application-code: 43ms)
[2026-08-18T11:06:53.371Z] GET /manus-storage/img_7346_6dc1e00a_caa980d5.webp 307 in 46ms (next.js: 1.1ms, application-code: 45ms)
[2026-08-18T11:06:53.408Z] GET /manus-storage/img_7345_21d3ef2d_592744ea.webp 307 in 52ms (next.js: 1.3ms, application-code: 51ms)
[2026-08-18T11:06:53.428Z] GET /manus-storage/img_7344_05295024_7ecf3054.webp 307 in 44ms (next.js: 1.2ms, application-code: 42ms)
[2026-08-18T11:06:53.447Z] GET /manus-storage/img_7376_22fe848c_2f22bcc6.webp 307 in 58ms (next.js: 1.1ms, application-code: 57ms)
[2026-08-18T11:06:53.485Z] GET /manus-storage/img_7374_1f173ef8_a0923b55.webp 307 in 58ms (next.js: 16ms, application-code: 42ms)
[2026-08-18T11:06:53.499Z] GET /manus-storage/img_7415_e41ae53c_16abe500.webp 307 in 50ms (next.js: 1.5ms, application-code: 49ms)
[2026-08-18T11:06:53.524Z] GET /manus-storage/img_7421_5eff5e67_2e0f533d.webp 307 in 57ms (next.js: 1.4ms, application-code: 56ms)
[2026-08-18T11:06:53.549Z] GET /manus-storage/img_7428_fabb84ca_31a85105.webp 307 in 45ms (next.js: 1.2ms, application-code: 43ms)
[2026-08-18T11:06:53.575Z] GET /manus-storage/img_7429_10c193a3_8a796f89.webp 307 in 55ms (next.js: 1.2ms, application-code: 54ms)
[2026-08-18T11:06:53.592Z] GET /manus-storage/img_7723_9c276fac_f465303f.webp 307 in 49ms (next.js: 1.4ms, application-code: 48ms)
[2026-08-18T11:06:53.620Z] GET /manus-storage/img_7722_31673563_ca89b450.webp 307 in 50ms (next.js: 1.3ms, application-code: 49ms)
[2026-08-18T11:06:53.645Z] GET /manus-storage/7a89f1ee-7ee1-475c-9b46-c5e3206b555c_62c96cdc_ba6af7a6.webp 307 in 49ms (next.js: 1.4ms, application-code: 48ms)
[2026-08-18T11:06:53.759Z] GET /manus-storage/img_8463_f4b4557d_a0e59484.webp 307 in 43ms (next.js: 1.3ms, application-code: 41ms)
[2026-08-18T11:06:53.792Z] GET /manus-storage/img_8463_87204441_900c4d23.webp 307 in 51ms (next.js: 1.2ms, application-code: 50ms)
[2026-08-18T11:06:53.821Z] GET /manus-storage/img_8463_f015d035_35e1415e.webp 307 in 43ms (next.js: 1.5ms, application-code: 41ms)
[2026-08-18T11:06:53.963Z] GET /manus-storage/53d0ed0d-051b-4459-bece-9962973e7b6f_25843c5b_0a5d236a.webp 307 in 57ms (next.js: 16ms, application-code: 40ms)
[2026-08-18T11:06:53.994Z] GET /manus-storage/53d0ed0d-051b-4459-bece-9962973e7b6f_b17ca3b7_4e14283f.webp 307 in 48ms (next.js: 1.3ms, application-code: 46ms)
[2026-08-18T11:06:54.031Z] GET /manus-storage/49c9f45c-ccd0-4960-bc22-ace00aa0a7ae_49c574e7_67942a25.webp 307 in 42ms (next.js: 1.3ms, application-code: 40ms)
[2026-08-18T11:06:54.172Z] GET /manus-storage/523059ab-1c83-4028-bb19-ea9e5bc4f61f_da82038e_c959a316.webp 307 in 42ms (next.js: 1.3ms, application-code: 40ms)
[2026-08-18T11:06:54.187Z] GET /manus-storage/9a7b9fcc-292f-4bcd-8bbc-ef30d968e7c0_44f66f00_e1791788.webp 307 in 49ms (next.js: 0.8ms, application-code: 48ms)
[2026-08-18T11:06:54.221Z] GET /manus-storage/8096b659-ffb2-4491-b949-244d9af06153_da56e9ef_f580efbc.webp 307 in 43ms (next.js: 1.3ms, application-code: 42ms)
[2026-08-18T11:06:54.385Z] GET /manus-storage/8803c743-465a-491a-83bd-3740f6664899_89271a12_cae59ee5.webp 307 in 53ms (next.js: 2.0ms, application-code: 52ms)
[2026-08-18T11:06:54.407Z] GET /manus-storage/7850e2ee-8689-4ca9-8c29-0794763b80bd_dbb994f6_dec2b144.webp 307 in 60ms (next.js: 1.6ms, application-code: 58ms)
[2026-08-18T11:06:54.514Z] GET /manus-storage/77ee2d98-f100-451f-9e2a-fb326d6ba14f_044413d4_52866e0e.webp 307 in 58ms (next.js: 16ms, application-code: 43ms)
[2026-08-18T11:06:54.563Z] GET /manus-storage/4fdc3931-1a04-41de-8341-e0a41e25631e_d7a5f44f_e0f12448.webp 307 in 43ms (next.js: 1.9ms, application-code: 41ms)
[2026-08-18T11:06:54.674Z] GET /manus-storage/3280ae4c-446d-4e34-9020-6d93d445f588_f9db2c3c_f1459ae0.webp 307 in 44ms (next.js: 1.3ms, application-code: 43ms)
[2026-08-18T11:06:54.734Z] GET /manus-storage/1e054e43-29e7-463b-99a1-b81a5214cb1f_6bcfe6a4_9ea57f4e.webp 307 in 40ms (next.js: 1.1ms, application-code: 39ms)
[2026-08-18T11:06:54.759Z] GET /manus-storage/e4a60415-181b-47ab-82ec-9ccc81342eb6_326370c6_24b354a7.webp 307 in 59ms (next.js: 0.8ms, application-code: 59ms)
[2026-08-18T11:06:54.905Z] GET /manus-storage/59343c47-e561-4ba7-987c-b7ac8e7315a5_0b605922_83033c08.webp 307 in 43ms (next.js: 1.7ms, application-code: 41ms)
[2026-08-18T11:06:54.942Z] GET /manus-storage/f62960ad-8bc8-4d01-99a5-0c05f6924083_da680cc1_b7fbc220.webp 307 in 49ms (next.js: 1.8ms, application-code: 47ms)
[2026-08-18T11:06:55.013Z] GET /manus-storage/8e487039-2588-4135-aa03-8db399809d26_c2b2ffad_33011126.webp 307 in 61ms (next.js: 16ms, application-code: 45ms)
[2026-08-18T11:06:55.130Z] GET /manus-storage/bf40aa7d-33a0-4ab7-a3e1-17bb9e869573_a9a14b42_8cf01144.webp 307 in 43ms (next.js: 1.4ms, application-code: 42ms)
[2026-08-18T11:06:55.185Z] GET /manus-storage/img_0309_e0bd04d0_b9ac613b.webp 307 in 43ms (next.js: 1.5ms, application-code: 41ms)
[2026-08-18T11:06:55.256Z] GET /manus-storage/46af9b4c-1ff0-48f0-bc5a-a802feb80cd7_1abb3665_c5385ee5.webp 307 in 51ms (next.js: 1.5ms, application-code: 50ms)
[2026-08-18T11:06:56.441Z] GET /manus-storage/img_7361_694dd6c5_2bc32d08.webp 307 in 68ms (next.js: 27ms, application-code: 41ms)
[2026-08-18T11:06:56.441Z] ⨯ internal image response is empty for /manus-storage/img_7361_694dd6c5_2bc32d08.webp
[2026-08-18T11:06:56.453Z] GET /manus-storage/builder-rose-red-long_27f9586b.png 307 in 79ms (next.js: 31ms, application-code: 48ms)
[2026-08-18T11:06:56.453Z] ⨯ internal image response is empty for /manus-storage/builder-rose-red-long_27f9586b.png
[2026-08-18T11:06:56.455Z] GET /manus-storage/builder-peony-pink-long_b13d00f5.png 307 in 80ms (next.js: 35ms, application-code: 46ms)
[2026-08-18T11:06:56.455Z] ⨯ internal image response is empty for /manus-storage/builder-peony-pink-long_b13d00f5.png
[2026-08-18T11:06:56.459Z] GET /manus-storage/builder-spray-rose-white-long_3c1d1e45.png 307 in 84ms (next.js: 32ms, application-code: 52ms)
[2026-08-18T11:06:56.459Z] ⨯ internal image response is empty for /manus-storage/builder-spray-rose-white-long_3c1d1e45.png
[2026-08-18T11:06:56.460Z] GET /manus-storage/img_7360_fdece5d6_53a4ba52.webp 307 in 86ms (next.js: 30ms, application-code: 57ms)
[2026-08-18T11:06:56.460Z] ⨯ internal image response is empty for /manus-storage/img_7360_fdece5d6_53a4ba52.webp
[2026-08-18T11:06:56.462Z] GET /manus-storage/builder-lily-pink-long_115f27dc.png 307 in 87ms (next.js: 36ms, application-code: 50ms)
[2026-08-18T11:06:56.462Z] ⨯ internal image response is empty for /manus-storage/builder-lily-pink-long_115f27dc.png
[2026-08-18T11:06:56.492Z] GET /manus-storage/builder-hydrangea-blue-long_e5c5f9ea.png 307 in 43ms (next.js: 1.5ms, application-code: 41ms)
[2026-08-18T11:06:56.492Z] ⨯ internal image response is empty for /manus-storage/builder-hydrangea-blue-long_e5c5f9ea.png
[2026-08-18T11:06:56.520Z] GET /manus-storage/builder-eustoma-white-long_c7c7aacd.png 307 in 57ms (next.js: 1.5ms, application-code: 55ms)
[2026-08-18T11:06:56.520Z] ⨯ internal image response is empty for /manus-storage/builder-eustoma-white-long_c7c7aacd.png
[2026-08-18T11:07:08.024Z] GET /manus-storage/img_7363_c02e777c_8ec0ff7b.webp 307 in 150ms (next.js: 16ms, application-code: 134ms)
[2026-08-18T11:07:08.024Z] ⨯ internal image response is empty for /manus-storage/img_7363_c02e777c_8ec0ff7b.webp
[2026-08-18T11:07:08.027Z] GET /manus-storage/img_7361_694dd6c5_2bc32d08.webp 307 in 152ms (next.js: 21ms, application-code: 131ms)
[2026-08-18T11:07:08.027Z] ⨯ internal image response is empty for /manus-storage/img_7361_694dd6c5_2bc32d08.webp
[2026-08-18T11:07:08.087Z] GET /manus-storage/img_7360_fdece5d6_53a4ba52.webp 307 in 213ms (next.js: 23ms, application-code: 190ms)
[2026-08-18T11:07:08.087Z] ⨯ internal image response is empty for /manus-storage/img_7360_fdece5d6_53a4ba52.webp
[2026-08-18T11:07:08.134Z] GET /manus-storage/img_7357_c9c21a13_ee62784a.webp 307 in 259ms (next.js: 25ms, application-code: 234ms)
[2026-08-18T11:07:08.134Z] ⨯ internal image response is empty for /manus-storage/img_7357_c9c21a13_ee62784a.webp
[2026-08-18T11:07:42.528Z] GET /?from_webdev=1 200 in 128ms (next.js: 4ms, application-code: 124ms)
[2026-08-18T11:07:42.625Z] GET /?from_webdev=1 200 in 91ms (next.js: 1.9ms, application-code: 89ms)
[2026-08-18T11:07:43.621Z] GET /?from_webdev=1 200 in 988ms (next.js: 1.6ms, application-code: 986ms)
[2026-08-18T11:07:43.965Z] GET /manus-storage/img_7368_beb2dc8c_d6dd3357.webp 307 in 128ms (next.js: 1.2ms, application-code: 126ms)
[2026-08-18T11:07:44.002Z] GET /manus-storage/img_7363_c02e777c_8ec0ff7b.webp 307 in 183ms (next.js: 13ms, application-code: 170ms)
[2026-08-18T11:07:46.281Z] HEAD / 200 in 126ms (next.js: 1.7ms, application-code: 124ms)
[2026-08-18T11:07:47.802Z] GET /?from_webdev=1 200 in 111ms (next.js: 4ms, application-code: 107ms)
[2026-08-18T11:07:48.172Z] GET /manus-storage/img_7368_beb2dc8c_d6dd3357.webp 307 in 118ms (next.js: 1.7ms, application-code: 117ms)
[2026-08-18T11:07:48.197Z] GET /manus-storage/img_7363_c02e777c_8ec0ff7b.webp 307 in 170ms (next.js: 19ms, application-code: 151ms)
[2026-08-18T11:08:00.872Z] GET / 200 in 129ms (next.js: 1.8ms, application-code: 127ms)
[2026-08-18T11:08:00.960Z] GET /catalog 200 in 218ms (next.js: 6ms, application-code: 211ms)
[2026-08-18T11:08:01.023Z] GET /product/90001 200 in 252ms (next.js: 18ms, application-code: 234ms)
[2026-08-18T11:08:01.045Z] GET /manus-storage/img_7368_beb2dc8c_d6dd3357.webp 307 in 153ms (next.js: 12ms, application-code: 141ms)
[2026-08-18T11:08:01.085Z] GET /manus-storage/img_7363_c02e777c_8ec0ff7b.webp 307 in 172ms (next.js: 23ms, application-code: 149ms)
[2026-08-18T11:08:01.106Z] GET /manus-storage/img_7368_beb2dc8c_d6dd3357.webp 307 in 42ms (next.js: 1.9ms, application-code: 40ms)
[2026-08-18T11:08:01.149Z] GET /manus-storage/img_8300_93518ec7_68025000.webp 307 in 166ms (next.js: 1.5ms, application-code: 164ms)
[2026-08-18T11:08:01.162Z] GET /manus-storage/img_8344_a19ff2ea_ae18a9b0.webp 307 in 139ms (next.js: 1.4ms, application-code: 138ms)
[2026-08-18T11:08:01.170Z] GET /manus-storage/img_8328_4e1b223b_875f0a71.webp 307 in 186ms (next.js: 5ms, application-code: 182ms)
[2026-08-18T11:08:01.181Z] GET /manus-storage/img_7363_c02e777c_8ec0ff7b.webp 307 in 40ms (next.js: 1.8ms, application-code: 38ms)
[2026-08-18T11:08:01.196Z] GET /manus-storage/img_7360_fdece5d6_53a4ba52.webp 307 in 44ms (next.js: 1.4ms, application-code: 43ms)
[2026-08-18T11:08:01.202Z] GET /manus-storage/img_7361_694dd6c5_2bc32d08.webp 307 in 56ms (next.js: 0.9ms, application-code: 55ms)
[2026-08-18T11:08:01.303Z] GET /manus-storage/img_7357_c9c21a13_ee62784a.webp 307 in 148ms (next.js: 1.2ms, application-code: 146ms)
[2026-08-18T11:08:01.347Z] GET /manus-storage/img_8348_de251992_84266fc6.webp 307 in 40ms (next.js: 1.3ms, application-code: 39ms)
[2026-08-18T11:08:04.383Z] GET /manus-storage/img_7361_694dd6c5_2bc32d08.webp 307 in 55ms (next.js: 17ms, application-code: 39ms)
[2026-08-18T11:08:04.388Z] GET /manus-storage/img_7360_fdece5d6_53a4ba52.webp 307 in 60ms (next.js: 19ms, application-code: 41ms)
[2026-08-18T11:08:04.393Z] GET /manus-storage/builder-rose-red-long_27f9586b.png 307 in 63ms (next.js: 21ms, application-code: 42ms)
[2026-08-18T11:08:04.393Z] ⨯ internal image response is empty for /manus-storage/builder-rose-red-long_27f9586b.png
[2026-08-18T11:08:04.394Z] GET /manus-storage/builder-peony-pink-long_b13d00f5.png 307 in 45ms (next.js: 5ms, application-code: 40ms)
[2026-08-18T11:08:04.395Z] ⨯ internal image response is empty for /manus-storage/builder-peony-pink-long_b13d00f5.png
[2026-08-18T11:08:04.404Z] GET /manus-storage/builder-spray-rose-white-long_3c1d1e45.png 307 in 56ms (next.js: 3ms, application-code: 53ms)
[2026-08-18T11:08:04.404Z] ⨯ internal image response is empty for /manus-storage/builder-spray-rose-white-long_3c1d1e45.png
[2026-08-18T11:08:04.414Z] GET /manus-storage/builder-lily-pink-long_115f27dc.png 307 in 63ms (next.js: 10ms, application-code: 53ms)
[2026-08-18T11:08:04.414Z] ⨯ internal image response is empty for /manus-storage/builder-lily-pink-long_115f27dc.png
[2026-08-18T11:08:04.444Z] GET /manus-storage/builder-hydrangea-blue-long_e5c5f9ea.png 307 in 39ms (next.js: 1.5ms, application-code: 37ms)
[2026-08-18T11:08:04.444Z] ⨯ internal image response is empty for /manus-storage/builder-hydrangea-blue-long_e5c5f9ea.png
[2026-08-18T11:08:04.461Z] GET /manus-storage/builder-eustoma-white-long_c7c7aacd.png 307 in 55ms (next.js: 4ms, application-code: 50ms)
[2026-08-18T11:08:04.461Z] ⨯ internal image response is empty for /manus-storage/builder-eustoma-white-long_c7c7aacd.png
[2026-08-18T11:08:15.853Z] GET /manus-storage/img_7363_c02e777c_8ec0ff7b.webp 307 in 183ms (next.js: 18ms, application-code: 165ms)
[2026-08-18T11:08:15.869Z] GET /manus-storage/img_7360_fdece5d6_53a4ba52.webp 307 in 198ms (next.js: 24ms, application-code: 174ms)
[2026-08-18T11:08:15.875Z] GET /manus-storage/img_7368_beb2dc8c_d6dd3357.webp 307 in 206ms (next.js: 14ms, application-code: 192ms)
[2026-08-18T11:08:15.880Z] GET /manus-storage/img_7357_c9c21a13_ee62784a.webp 307 in 209ms (next.js: 27ms, application-code: 182ms)
[2026-08-18T11:08:15.918Z] GET /manus-storage/img_7354_8dec9ac4_76712fd9.webp 307 in 47ms (next.js: 1.2ms, application-code: 46ms)
[2026-08-18T11:08:15.940Z] GET /manus-storage/img_7348_642de59f_da46e323.webp 307 in 54ms (next.js: 1.9ms, application-code: 52ms)
[2026-08-18T11:08:15.942Z] GET /manus-storage/img_7356_d8c86f08_198aa88a.webp 307 in 270ms (next.js: 29ms, application-code: 241ms)
[2026-08-18T11:08:15.970Z] GET /manus-storage/img_7361_694dd6c5_2bc32d08.webp 307 in 300ms (next.js: 22ms, application-code: 278ms)
[2026-08-18T11:08:51.640Z] GET / 200 in 1879ms (next.js: 2ms, application-code: 1876ms)
[2026-08-18T11:08:51.840Z] GET /catalog 200 in 128ms (next.js: 1.6ms, application-code: 127ms)
[2026-08-18T11:08:52.198Z] GET /product/90001 200 in 215ms (next.js: 9ms, application-code: 207ms)
[2026-08-18T11:08:52.474Z] GET /cart 200 in 123ms (next.js: 8ms, application-code: 114ms)
[2026-08-18T11:08:52.944Z] GET /checkout 200 in 342ms (next.js: 223ms, application-code: 120ms)
[2026-08-18T11:08:53.123Z] GET /builder 200 in 127ms (next.js: 2ms, application-code: 125ms)
[2026-08-18T11:08:53.549Z] GET /account/login 200 in 266ms (next.js: 150ms, application-code: 116ms)
[2026-08-18T11:08:53.997Z] GET /api/admin/orders 401 in 384ms (next.js: 339ms, application-code: 45ms)
[2026-08-18T11:09:03.954Z] GET /builder 200 in 204ms (next.js: 3ms, application-code: 200ms)
[2026-08-18T11:09:03.955Z] GET /cart 200 in 205ms (next.js: 2ms, application-code: 203ms)
[2026-08-18T11:09:03.956Z] GET / 200 in 261ms (next.js: 36ms, application-code: 225ms)
[2026-08-18T11:09:03.971Z] GET /product/90001 200 in 277ms (next.js: 25ms, application-code: 252ms)
[2026-08-18T11:09:04.184Z] GET /manus-storage/img_7363_c02e777c_8ec0ff7b.webp 307 in 138ms (next.js: 11ms, application-code: 128ms)
[2026-08-18T11:09:04.186Z] GET /manus-storage/builder-wrap-cream-back_de8e41ea.png 307 in 175ms (next.js: 27ms, application-code: 149ms)
[2026-08-18T11:09:04.192Z] GET /manus-storage/img_7368_beb2dc8c_d6dd3357.webp 307 in 147ms (next.js: 1.7ms, application-code: 145ms)
[2026-08-18T11:09:04.206Z] GET /manus-storage/builder-ribbon-ivory-photo_6accd292.png 307 in 141ms (next.js: 1.3ms, application-code: 140ms)
[2026-08-18T11:09:04.224Z] GET /manus-storage/builder-wrap-cream-front_de90fdc3.png 307 in 213ms (next.js: 31ms, application-code: 182ms)
[2026-08-18T11:09:04.244Z] GET /manus-storage/img_7368_beb2dc8c_d6dd3357.webp 307 in 48ms (next.js: 1.3ms, application-code: 47ms)
[2026-08-18T11:09:04.321Z] GET /manus-storage/img_7363_c02e777c_8ec0ff7b.webp 307 in 57ms (next.js: 1.3ms, application-code: 55ms)
[2026-08-18T11:09:04.331Z] GET /manus-storage/img_7368_beb2dc8c_d6dd3357.webp 307 in 76ms (next.js: 1.2ms, application-code: 74ms)
[2026-08-18T11:09:04.356Z] GET /catalog 200 in 603ms (next.js: 17ms, application-code: 586ms)
[2026-08-18T11:09:04.384Z] GET /manus-storage/img_7361_694dd6c5_2bc32d08.webp 307 in 57ms (next.js: 1.4ms, application-code: 56ms)
[2026-08-18T11:09:04.393Z] GET /manus-storage/img_7360_fdece5d6_53a4ba52.webp 307 in 54ms (next.js: 8ms, application-code: 46ms)
[2026-08-18T11:09:04.415Z] GET /manus-storage/img_8300_93518ec7_68025000.webp 307 in 43ms (next.js: 1.8ms, application-code: 41ms)
[2026-08-18T11:09:04.421Z] GET /manus-storage/img_8328_4e1b223b_875f0a71.webp 307 in 48ms (next.js: 4ms, application-code: 45ms)
[2026-08-18T11:09:04.434Z] GET /manus-storage/img_8344_a19ff2ea_ae18a9b0.webp 307 in 61ms (next.js: 6ms, application-code: 55ms)
[2026-08-18T11:09:04.458Z] GET /manus-storage/img_7357_c9c21a13_ee62784a.webp 307 in 55ms (next.js: 1.6ms, application-code: 53ms)
[2026-08-18T11:09:04.469Z] GET /manus-storage/img_7354_8dec9ac4_76712fd9.webp 307 in 40ms (next.js: 1.3ms, application-code: 39ms)
[2026-08-18T11:09:04.472Z] GET /manus-storage/img_7356_d8c86f08_198aa88a.webp 307 in 57ms (next.js: 1.2ms, application-code: 56ms)
[2026-08-18T11:09:04.545Z] GET /manus-storage/img_8348_de251992_84266fc6.webp 307 in 172ms (next.js: 7ms, application-code: 165ms)
[2026-08-18T11:09:04.643Z] GET /manus-storage/img_7348_642de59f_da46e323.webp 307 in 81ms (next.js: 25ms, application-code: 56ms)
[2026-08-18T11:09:04.643Z] GET /manus-storage/img_7346_6dc1e00a_caa980d5.webp 307 in 81ms (next.js: 36ms, application-code: 45ms)
[2026-08-18T11:09:04.648Z] GET /manus-storage/img_7347_8b70b6a5_904b94c3.webp 307 in 86ms (next.js: 34ms, application-code: 53ms)
[2026-08-18T11:09:04.714Z] GET /manus-storage/img_7376_22fe848c_2f22bcc6.webp 307 in 44ms (next.js: 1.9ms, application-code: 42ms)
[2026-08-18T11:09:04.715Z] GET /manus-storage/img_7345_21d3ef2d_592744ea.webp 307 in 52ms (next.js: 1.3ms, application-code: 51ms)
[2026-08-18T11:09:04.721Z] GET /manus-storage/img_7344_05295024_7ecf3054.webp 307 in 57ms (next.js: 4ms, application-code: 54ms)
[2026-08-18T11:09:04.755Z] GET /manus-storage/img_7368_beb2dc8c_d6dd3357.webp 307 in 47ms (next.js: 1.8ms, application-code: 45ms)
[2026-08-18T11:09:04.763Z] GET /manus-storage/img_7361_694dd6c5_2bc32d08.webp 307 in 48ms (next.js: 4ms, application-code: 44ms)
[2026-08-18T11:09:04.764Z] GET /manus-storage/img_7363_c02e777c_8ec0ff7b.webp 307 in 50ms (next.js: 2ms, application-code: 48ms)
[2026-08-18T11:09:04.776Z] GET /manus-storage/img_7374_1f173ef8_a0923b55.webp 307 in 39ms (next.js: 1.5ms, application-code: 38ms)
[2026-08-18T11:09:04.780Z] GET /manus-storage/img_7360_fdece5d6_53a4ba52.webp 307 in 56ms (next.js: 2ms, application-code: 53ms)
[2026-08-18T11:09:04.793Z] GET /manus-storage/img_7415_e41ae53c_16abe500.webp 307 in 52ms (next.js: 1.1ms, application-code: 51ms)
[2026-08-18T11:09:04.810Z] GET /manus-storage/img_7421_5eff5e67_2e0f533d.webp 307 in 52ms (next.js: 1.7ms, application-code: 50ms)
[2026-08-18T11:09:04.845Z] GET /manus-storage/img_7428_fabb84ca_31a85105.webp 307 in 48ms (next.js: 1.6ms, application-code: 47ms)
[2026-08-18T11:09:04.866Z] GET /manus-storage/img_7429_10c193a3_8a796f89.webp 307 in 52ms (next.js: 1.2ms, application-code: 51ms)
[2026-08-18T11:09:04.870Z] GET /manus-storage/img_7723_9c276fac_f465303f.webp 307 in 40ms (next.js: 1.0ms, application-code: 39ms)
[2026-08-18T11:09:04.916Z] GET /manus-storage/img_7722_31673563_ca89b450.webp 307 in 50ms (next.js: 1.2ms, application-code: 48ms)
[2026-08-18T11:09:04.944Z] GET /manus-storage/7a89f1ee-7ee1-475c-9b46-c5e3206b555c_62c96cdc_ba6af7a6.webp 307 in 59ms (next.js: 1.2ms, application-code: 58ms)
[2026-08-18T11:09:04.971Z] GET /manus-storage/img_8463_f4b4557d_a0e59484.webp 307 in 49ms (next.js: 1.3ms, application-code: 48ms)
[2026-08-18T11:09:05.001Z] GET /manus-storage/img_8463_87204441_900c4d23.webp 307 in 54ms (next.js: 1.1ms, application-code: 53ms)
[2026-08-18T11:09:05.032Z] GET /manus-storage/img_8463_f015d035_35e1415e.webp 307 in 56ms (next.js: 1.4ms, application-code: 55ms)
[2026-08-18T11:09:05.082Z] GET /manus-storage/53d0ed0d-051b-4459-bece-9962973e7b6f_b17ca3b7_4e14283f.webp 307 in 48ms (next.js: 1.3ms, application-code: 47ms)
[2026-08-18T11:09:05.084Z] GET /manus-storage/53d0ed0d-051b-4459-bece-9962973e7b6f_25843c5b_0a5d236a.webp 307 in 81ms (next.js: 25ms, application-code: 56ms)
[2026-08-18T11:09:05.101Z] GET /manus-storage/49c9f45c-ccd0-4960-bc22-ace00aa0a7ae_49c574e7_67942a25.webp 307 in 39ms (next.js: 1.6ms, application-code: 37ms)
[2026-08-18T11:09:05.160Z] GET /manus-storage/523059ab-1c83-4028-bb19-ea9e5bc4f61f_da82038e_c959a316.webp 307 in 47ms (next.js: 1.4ms, application-code: 46ms)
[2026-08-18T11:09:05.169Z] GET /manus-storage/9a7b9fcc-292f-4bcd-8bbc-ef30d968e7c0_44f66f00_e1791788.webp 307 in 53ms (next.js: 0.9ms, application-code: 53ms)
[2026-08-18T11:09:05.176Z] GET /manus-storage/8096b659-ffb2-4491-b949-244d9af06153_da56e9ef_f580efbc.webp 307 in 43ms (next.js: 1.4ms, application-code: 41ms)
[2026-08-18T11:09:05.244Z] GET /manus-storage/8803c743-465a-491a-83bd-3740f6664899_89271a12_cae59ee5.webp 307 in 52ms (next.js: 1.3ms, application-code: 51ms)
[2026-08-18T11:09:05.251Z] GET /manus-storage/77ee2d98-f100-451f-9e2a-fb326d6ba14f_044413d4_52866e0e.webp 307 in 41ms (next.js: 1.1ms, application-code: 40ms)
[2026-08-18T11:09:05.254Z] GET /manus-storage/7850e2ee-8689-4ca9-8c29-0794763b80bd_dbb994f6_dec2b144.webp 307 in 54ms (next.js: 1.5ms, application-code: 52ms)
[2026-08-18T11:09:05.327Z] GET /manus-storage/1e054e43-29e7-463b-99a1-b81a5214cb1f_6bcfe6a4_9ea57f4e.webp 307 in 41ms (next.js: 1.2ms, application-code: 40ms)
[2026-08-18T11:09:05.328Z] GET /manus-storage/4fdc3931-1a04-41de-8341-e0a41e25631e_d7a5f44f_e0f12448.webp 307 in 54ms (next.js: 1.2ms, application-code: 52ms)
[2026-08-18T11:09:05.335Z] GET /manus-storage/3280ae4c-446d-4e34-9020-6d93d445f588_f9db2c3c_f1459ae0.webp 307 in 54ms (next.js: 1.3ms, application-code: 53ms)
[2026-08-18T11:09:05.405Z] GET /manus-storage/f62960ad-8bc8-4d01-99a5-0c05f6924083_da680cc1_b7fbc220.webp 307 in 39ms (next.js: 0.9ms, application-code: 38ms)
[2026-08-18T11:09:05.406Z] GET /manus-storage/e4a60415-181b-47ab-82ec-9ccc81342eb6_326370c6_24b354a7.webp 307 in 46ms (next.js: 1.3ms, application-code: 45ms)
[2026-08-18T11:09:05.418Z] GET /manus-storage/59343c47-e561-4ba7-987c-b7ac8e7315a5_0b605922_83033c08.webp 307 in 58ms (next.js: 3ms, application-code: 55ms)
[2026-08-18T11:09:05.506Z] GET /manus-storage/img_0309_e0bd04d0_b9ac613b.webp 307 in 40ms (next.js: 0.8ms, application-code: 40ms)
[2026-08-18T11:09:05.507Z] GET /manus-storage/8e487039-2588-4135-aa03-8db399809d26_c2b2ffad_33011126.webp 307 in 69ms (next.js: 21ms, application-code: 48ms)
[2026-08-18T11:09:05.516Z] GET /manus-storage/bf40aa7d-33a0-4ab7-a3e1-17bb9e869573_a9a14b42_8cf01144.webp 307 in 54ms (next.js: 1.4ms, application-code: 53ms)
[2026-08-18T11:09:05.585Z] GET /manus-storage/46af9b4c-1ff0-48f0-bc5a-a802feb80cd7_1abb3665_c5385ee5.webp 307 in 48ms (next.js: 1.4ms, application-code: 47ms)
[2026-08-18T11:09:05.697Z] GET /manus-storage/img_7357_c9c21a13_ee62784a.webp 307 in 49ms (next.js: 1.3ms, application-code: 48ms)
[2026-08-18T11:09:05.706Z] GET /manus-storage/img_7356_d8c86f08_198aa88a.webp 307 in 57ms (next.js: 3ms, application-code: 54ms)
[2026-08-18T11:09:05.863Z] GET /manus-storage/img_7354_8dec9ac4_76712fd9.webp 307 in 52ms (next.js: 1.2ms, application-code: 50ms)
[2026-08-18T11:09:05.873Z] GET /manus-storage/img_7348_642de59f_da46e323.webp 307 in 61ms (next.js: 3ms, application-code: 58ms)
[2026-08-18T11:09:08.332Z] GET /manus-storage/img_7360_fdece5d6_53a4ba52.webp 307 in 72ms (next.js: 32ms, application-code: 39ms)
[2026-08-18T11:09:08.333Z] GET /manus-storage/img_7363_c02e777c_8ec0ff7b.webp 307 in 74ms (next.js: 28ms, application-code: 46ms)
[2026-08-18T11:09:08.335Z] GET /manus-storage/img_7357_c9c21a13_ee62784a.webp 307 in 74ms (next.js: 34ms, application-code: 40ms)
[2026-08-18T11:09:08.345Z] GET /manus-storage/img_7361_694dd6c5_2bc32d08.webp 307 in 86ms (next.js: 31ms, application-code: 55ms)
[2026-08-18T11:09:09.984Z] GET /manus-storage/img_7361_694dd6c5_2bc32d08.webp 307 in 70ms (next.js: 21ms, application-code: 49ms)
[2026-08-18T11:09:10.013Z] GET /manus-storage/img_7360_fdece5d6_53a4ba52.webp 307 in 99ms (next.js: 25ms, application-code: 74ms)
[2026-08-18T11:09:34.241Z] GET /catalog 200 in 241ms (next.js: 19ms, application-code: 222ms)
[2026-08-18T11:09:34.241Z] GET /cart 200 in 263ms (next.js: 1.8ms, application-code: 261ms)
[2026-08-18T11:09:34.242Z] GET / 200 in 244ms (next.js: 1.9ms, application-code: 243ms)
[2026-08-18T11:09:34.242Z] GET /builder 200 in 244ms (next.js: 3ms, application-code: 240ms)
[2026-08-18T11:09:34.332Z] GET /product/90001 200 in 329ms (next.js: 46ms, application-code: 283ms)
[2026-08-18T11:09:34.455Z] GET /manus-storage/img_8300_93518ec7_68025000.webp 307 in 213ms (next.js: 27ms, application-code: 185ms)
[2026-08-18T11:09:34.479Z] GET /manus-storage/img_8344_a19ff2ea_ae18a9b0.webp 307 in 163ms (next.js: 4ms, application-code: 159ms)
[2026-08-18T11:09:34.485Z] GET /manus-storage/img_8328_4e1b223b_875f0a71.webp 307 in 168ms (next.js: 7ms, application-code: 161ms)
[2026-08-18T11:09:34.510Z] GET /manus-storage/img_8348_de251992_84266fc6.webp 307 in 192ms (next.js: 9ms, application-code: 183ms)
[2026-08-18T11:09:34.526Z] GET /manus-storage/builder-wrap-cream-front_de90fdc3.png 307 in 146ms (next.js: 6ms, application-code: 141ms)
[2026-08-18T11:09:34.537Z] GET /manus-storage/img_7363_c02e777c_8ec0ff7b.webp 307 in 44ms (next.js: 5ms, application-code: 40ms)
[2026-08-18T11:09:34.539Z] GET /manus-storage/img_7368_beb2dc8c_d6dd3357.webp 307 in 47ms (next.js: 2ms, application-code: 45ms)
[2026-08-18T11:09:34.551Z] GET /manus-storage/builder-ribbon-ivory-photo_6accd292.png 307 in 50ms (next.js: 1.4ms, application-code: 48ms)
[2026-08-18T11:09:34.557Z] GET /manus-storage/builder-wrap-cream-back_de8e41ea.png 307 in 178ms (next.js: 1.5ms, application-code: 176ms)
[2026-08-18T11:09:34.577Z] GET /manus-storage/img_7360_fdece5d6_53a4ba52.webp 307 in 45ms (next.js: 1.9ms, application-code: 43ms)
[2026-08-18T11:09:34.579Z] GET /manus-storage/img_7361_694dd6c5_2bc32d08.webp 307 in 50ms (next.js: 1.3ms, application-code: 49ms)
[2026-08-18T11:09:34.595Z] GET /manus-storage/img_7363_c02e777c_8ec0ff7b.webp 307 in 42ms (next.js: 1.2ms, application-code: 41ms)
[2026-08-18T11:09:34.603Z] GET /manus-storage/img_7368_beb2dc8c_d6dd3357.webp 307 in 62ms (next.js: 1.1ms, application-code: 61ms)
[2026-08-18T11:09:34.651Z] GET /manus-storage/img_7368_beb2dc8c_d6dd3357.webp 307 in 46ms (next.js: 1.2ms, application-code: 45ms)
[2026-08-18T11:09:34.809Z] GET /manus-storage/img_7368_beb2dc8c_d6dd3357.webp 307 in 66ms (next.js: 23ms, application-code: 44ms)
[2026-08-18T11:09:34.812Z] GET /manus-storage/img_7363_c02e777c_8ec0ff7b.webp 307 in 44ms (next.js: 1.9ms, application-code: 42ms)
[2026-08-18T11:09:34.822Z] GET /manus-storage/img_7361_694dd6c5_2bc32d08.webp 307 in 50ms (next.js: 1.0ms, application-code: 49ms)
[2026-08-18T11:09:34.860Z] GET /manus-storage/img_7360_fdece5d6_53a4ba52.webp 307 in 46ms (next.js: 1.5ms, application-code: 45ms)
[2026-08-18T11:09:34.861Z] GET /manus-storage/img_7357_c9c21a13_ee62784a.webp 307 in 43ms (next.js: 1.2ms, application-code: 42ms)
[2026-08-18T11:09:34.876Z] GET /manus-storage/img_7356_d8c86f08_198aa88a.webp 307 in 50ms (next.js: 1.2ms, application-code: 49ms)
[2026-08-18T11:09:34.911Z] GET /manus-storage/img_7354_8dec9ac4_76712fd9.webp 307 in 45ms (next.js: 1.3ms, application-code: 44ms)
[2026-08-18T11:09:35.021Z] GET /manus-storage/img_7348_642de59f_da46e323.webp 307 in 50ms (next.js: 1.4ms, application-code: 49ms)
[2026-08-18T11:09:35.024Z] GET /manus-storage/img_7347_8b70b6a5_904b94c3.webp 307 in 53ms (next.js: 4ms, application-code: 49ms)
[2026-08-18T11:09:35.028Z] GET /manus-storage/img_7346_6dc1e00a_caa980d5.webp 307 in 49ms (next.js: 1.0ms, application-code: 48ms)
[2026-08-18T11:09:35.083Z] GET /manus-storage/img_7344_05295024_7ecf3054.webp 307 in 41ms (next.js: 0.9ms, application-code: 40ms)
[2026-08-18T11:09:35.084Z] GET /manus-storage/img_7345_21d3ef2d_592744ea.webp 307 in 46ms (next.js: 1.2ms, application-code: 44ms)
[2026-08-18T11:09:35.098Z] GET /manus-storage/img_7376_22fe848c_2f22bcc6.webp 307 in 53ms (next.js: 0.9ms, application-code: 52ms)
[2026-08-18T11:09:35.150Z] GET /manus-storage/img_7415_e41ae53c_16abe500.webp 307 in 45ms (next.js: 3ms, application-code: 42ms)
[2026-08-18T11:09:35.162Z] GET /manus-storage/img_7374_1f173ef8_a0923b55.webp 307 in 57ms (next.js: 1.3ms, application-code: 55ms)
[2026-08-18T11:09:35.175Z] GET /manus-storage/img_7421_5eff5e67_2e0f533d.webp 307 in 57ms (next.js: 1.0ms, application-code: 56ms)
[2026-08-18T11:09:35.220Z] GET /manus-storage/img_7428_fabb84ca_31a85105.webp 307 in 49ms (next.js: 1.2ms, application-code: 48ms)
[2026-08-18T11:09:35.244Z] GET /manus-storage/img_7429_10c193a3_8a796f89.webp 307 in 64ms (next.js: 21ms, application-code: 43ms)
[2026-08-18T11:09:35.258Z] GET /manus-storage/img_7723_9c276fac_f465303f.webp 307 in 52ms (next.js: 1.3ms, application-code: 51ms)
[2026-08-18T11:09:35.286Z] GET /manus-storage/img_7722_31673563_ca89b450.webp 307 in 47ms (next.js: 1.8ms, application-code: 45ms)
[2026-08-18T11:09:35.305Z] GET /manus-storage/7a89f1ee-7ee1-475c-9b46-c5e3206b555c_62c96cdc_ba6af7a6.webp 307 in 43ms (next.js: 1.2ms, application-code: 42ms)
[2026-08-18T11:09:35.324Z] GET /manus-storage/img_8463_f4b4557d_a0e59484.webp 307 in 48ms (next.js: 1.2ms, application-code: 47ms)
[2026-08-18T11:09:35.351Z] GET /manus-storage/img_8463_87204441_900c4d23.webp 307 in 46ms (next.js: 1.2ms, application-code: 45ms)
[2026-08-18T11:09:35.364Z] GET /manus-storage/img_8463_f015d035_35e1415e.webp 307 in 41ms (next.js: 2ms, application-code: 39ms)
[2026-08-18T11:09:35.389Z] GET /manus-storage/53d0ed0d-051b-4459-bece-9962973e7b6f_25843c5b_0a5d236a.webp 307 in 48ms (next.js: 1.0ms, application-code: 47ms)
[2026-08-18T11:09:35.412Z] GET /manus-storage/53d0ed0d-051b-4459-bece-9962973e7b6f_b17ca3b7_4e14283f.webp 307 in 43ms (next.js: 1.1ms, application-code: 42ms)
[2026-08-18T11:09:35.426Z] GET /manus-storage/49c9f45c-ccd0-4960-bc22-ace00aa0a7ae_49c574e7_67942a25.webp 307 in 45ms (next.js: 1.0ms, application-code: 44ms)
[2026-08-18T11:09:35.456Z] GET /manus-storage/523059ab-1c83-4028-bb19-ea9e5bc4f61f_da82038e_c959a316.webp 307 in 49ms (next.js: 1.1ms, application-code: 48ms)
[2026-08-18T11:09:35.479Z] GET /manus-storage/9a7b9fcc-292f-4bcd-8bbc-ef30d968e7c0_44f66f00_e1791788.webp 307 in 49ms (next.js: 1.1ms, application-code: 48ms)
[2026-08-18T11:09:35.485Z] GET /manus-storage/8096b659-ffb2-4491-b949-244d9af06153_da56e9ef_f580efbc.webp 307 in 41ms (next.js: 1.1ms, application-code: 40ms)
[2026-08-18T11:09:35.528Z] GET /manus-storage/8803c743-465a-491a-83bd-3740f6664899_89271a12_cae59ee5.webp 307 in 53ms (next.js: 1.3ms, application-code: 52ms)
[2026-08-18T11:09:35.544Z] GET /manus-storage/77ee2d98-f100-451f-9e2a-fb326d6ba14f_044413d4_52866e0e.webp 307 in 42ms (next.js: 1.2ms, application-code: 40ms)
[2026-08-18T11:09:35.551Z] GET /manus-storage/7850e2ee-8689-4ca9-8c29-0794763b80bd_dbb994f6_dec2b144.webp 307 in 54ms (next.js: 1.2ms, application-code: 53ms)
[2026-08-18T11:09:35.588Z] GET /manus-storage/4fdc3931-1a04-41de-8341-e0a41e25631e_d7a5f44f_e0f12448.webp 307 in 41ms (next.js: 1.2ms, application-code: 40ms)
[2026-08-18T11:09:35.611Z] GET /manus-storage/3280ae4c-446d-4e34-9020-6d93d445f588_f9db2c3c_f1459ae0.webp 307 in 49ms (next.js: 1.2ms, application-code: 48ms)
[2026-08-18T11:09:35.618Z] GET /manus-storage/1e054e43-29e7-463b-99a1-b81a5214cb1f_6bcfe6a4_9ea57f4e.webp 307 in 50ms (next.js: 1.1ms, application-code: 49ms)
[2026-08-18T11:09:35.650Z] GET /manus-storage/e4a60415-181b-47ab-82ec-9ccc81342eb6_326370c6_24b354a7.webp 307 in 43ms (next.js: 1.2ms, application-code: 42ms)
[2026-08-18T11:09:35.691Z] GET /manus-storage/img_7357_c9c21a13_ee62784a.webp 307 in 68ms (next.js: 22ms, application-code: 46ms)
[2026-08-18T11:09:35.692Z] GET /manus-storage/img_7356_d8c86f08_198aa88a.webp 307 in 42ms (next.js: 2ms, application-code: 40ms)
[2026-08-18T11:09:35.705Z] GET /manus-storage/f62960ad-8bc8-4d01-99a5-0c05f6924083_da680cc1_b7fbc220.webp 307 in 50ms (next.js: 2ms, application-code: 47ms)
[2026-08-18T11:09:35.708Z] GET /manus-storage/59343c47-e561-4ba7-987c-b7ac8e7315a5_0b605922_83033c08.webp 307 in 52ms (next.js: 1.0ms, application-code: 51ms)
[2026-08-18T11:09:35.723Z] GET /manus-storage/8e487039-2588-4135-aa03-8db399809d26_c2b2ffad_33011126.webp 307 in 53ms (next.js: 1.2ms, application-code: 51ms)
[2026-08-18T11:09:35.771Z] GET /manus-storage/img_0309_e0bd04d0_b9ac613b.webp 307 in 42ms (next.js: 1.0ms, application-code: 41ms)
[2026-08-18T11:09:35.772Z] GET /manus-storage/bf40aa7d-33a0-4ab7-a3e1-17bb9e869573_a9a14b42_8cf01144.webp 307 in 46ms (next.js: 1.4ms, application-code: 45ms)
[2026-08-18T11:09:35.791Z] GET /manus-storage/46af9b4c-1ff0-48f0-bc5a-a802feb80cd7_1abb3665_c5385ee5.webp 307 in 50ms (next.js: 1.2ms, application-code: 48ms)
[2026-08-18T11:09:35.882Z] GET /manus-storage/img_7354_8dec9ac4_76712fd9.webp 307 in 45ms (next.js: 1.3ms, application-code: 44ms)
[2026-08-18T11:09:35.883Z] GET /manus-storage/img_7348_642de59f_da46e323.webp 307 in 46ms (next.js: 3ms, application-code: 43ms)
[2026-08-18T11:09:39.217Z] GET /manus-storage/img_7361_694dd6c5_2bc32d08.webp 307 in 65ms (next.js: 19ms, application-code: 45ms)
[2026-08-18T11:09:39.226Z] GET /manus-storage/img_7360_fdece5d6_53a4ba52.webp 307 in 72ms (next.js: 30ms, application-code: 42ms)
[2026-08-18T11:09:49.589Z] GET /manus-storage/img_7361_694dd6c5_2bc32d08.webp 307 in 156ms (next.js: 28ms, application-code: 128ms)
[2026-08-18T11:09:49.619Z] GET /manus-storage/img_7363_c02e777c_8ec0ff7b.webp 307 in 187ms (next.js: 25ms, application-code: 162ms)
[2026-08-18T11:09:49.634Z] GET /manus-storage/img_7360_fdece5d6_53a4ba52.webp 307 in 201ms (next.js: 30ms, application-code: 171ms)
[2026-08-18T11:09:49.655Z] GET /manus-storage/img_7357_c9c21a13_ee62784a.webp 307 in 221ms (next.js: 32ms, application-code: 189ms)
[2026-08-18T11:10:01.074Z] GET /?from_webdev=1 200 in 183ms (next.js: 2ms, application-code: 181ms)
[2026-08-18T11:10:01.458Z] GET /manus-storage/img_7363_c02e777c_8ec0ff7b.webp 307 in 179ms (next.js: 29ms, application-code: 151ms)
[2026-08-18T11:10:01.460Z] GET /manus-storage/img_7368_beb2dc8c_d6dd3357.webp 307 in 180ms (next.js: 32ms, application-code: 147ms)
[2026-08-18T11:10:04.403Z] HEAD / 200 in 186ms (next.js: 2ms, application-code: 183ms)
[2026-08-18T11:10:05.857Z] GET /?from_webdev=1 200 in 161ms (next.js: 1.6ms, application-code: 160ms)
[2026-08-18T11:10:06.341Z] GET /manus-storage/img_7363_c02e777c_8ec0ff7b.webp 307 in 231ms (next.js: 21ms, application-code: 210ms)
[2026-08-18T11:10:06.401Z] GET /manus-storage/img_7368_beb2dc8c_d6dd3357.webp 307 in 264ms (next.js: 1.6ms, application-code: 263ms)
[2026-08-18T11:10:52.800Z] GET / 200 in 979ms (next.js: 2ms, application-code: 977ms)
[2026-08-18T11:10:52.996Z] GET /manus-storage/img_7363_c02e777c_8ec0ff7b.webp 307 in 180ms (next.js: 28ms, application-code: 153ms)
[2026-08-18T11:10:53.010Z] GET /manus-storage/img_7368_beb2dc8c_d6dd3357.webp 307 in 196ms (next.js: 24ms, application-code: 172ms)
[2026-08-18T11:10:53.040Z] GET /manus-storage/builder-spray-rose-white-long_3c1d1e45.png 307 in 141ms (next.js: 4ms, application-code: 137ms)
[2026-08-18T11:10:53.040Z] ⨯ internal image response is empty for /manus-storage/builder-spray-rose-white-long_3c1d1e45.png
[2026-08-18T11:10:53.041Z] GET /manus-storage/builder-rose-red-long_27f9586b.png 307 in 151ms (next.js: 10ms, application-code: 142ms)
[2026-08-18T11:10:53.041Z] ⨯ internal image response is empty for /manus-storage/builder-rose-red-long_27f9586b.png
[2026-08-18T11:10:53.042Z] GET /manus-storage/img_7361_694dd6c5_2bc32d08.webp 307 in 153ms (next.js: 2.0ms, application-code: 151ms)
[2026-08-18T11:10:53.049Z] GET /manus-storage/img_7360_fdece5d6_53a4ba52.webp 307 in 159ms (next.js: 5ms, application-code: 154ms)
[2026-08-18T11:10:53.098Z] GET /manus-storage/builder-lily-pink-long_115f27dc.png 307 in 48ms (next.js: 3ms, application-code: 45ms)
[2026-08-18T11:10:53.098Z] ⨯ internal image response is empty for /manus-storage/builder-lily-pink-long_115f27dc.png
[2026-08-18T11:10:53.102Z] GET /manus-storage/builder-peony-pink-long_b13d00f5.png 307 in 52ms (next.js: 1.1ms, application-code: 51ms)
[2026-08-18T11:10:53.102Z] ⨯ internal image response is empty for /manus-storage/builder-peony-pink-long_b13d00f5.png
[2026-08-18T11:10:53.154Z] GET /manus-storage/builder-hydrangea-blue-long_e5c5f9ea.png 307 in 50ms (next.js: 1.4ms, application-code: 48ms)
[2026-08-18T11:10:53.154Z] ⨯ internal image response is empty for /manus-storage/builder-hydrangea-blue-long_e5c5f9ea.png
[2026-08-18T11:10:53.156Z] GET /manus-storage/builder-eustoma-white-long_c7c7aacd.png 307 in 49ms (next.js: 1.9ms, application-code: 47ms)
[2026-08-18T11:10:53.156Z] ⨯ internal image response is empty for /manus-storage/builder-eustoma-white-long_c7c7aacd.png
[2026-08-18T11:10:53.157Z] GET /manus-storage/editorial-collection_fd67f2f1.webp 307 in 44ms (next.js: 1.3ms, application-code: 43ms)
[2026-08-18T11:10:53.157Z] ⨯ internal image response is empty for /manus-storage/editorial-collection_fd67f2f1.webp
[2026-08-18T11:13:05.968Z] GET /?from_webdev=1 200 in 922ms (next.js: 1.7ms, application-code: 920ms)
[2026-08-18T11:13:06.311Z] GET /manus-storage/img_7368_beb2dc8c_d6dd3357.webp 307 in 145ms (next.js: 21ms, application-code: 125ms)
[2026-08-18T11:13:06.341Z] GET /manus-storage/img_7363_c02e777c_8ec0ff7b.webp 307 in 148ms (next.js: 1.9ms, application-code: 146ms)
[2026-08-18T11:13:08.512Z] HEAD / 200 in 163ms (next.js: 1.8ms, application-code: 161ms)
[2026-08-18T11:13:09.896Z] GET /?from_webdev=1 200 in 176ms (next.js: 1.6ms, application-code: 174ms)
[2026-08-18T11:13:10.170Z] GET /manus-storage/img_7363_c02e777c_8ec0ff7b.webp 307 in 63ms (next.js: 22ms, application-code: 41ms)
[2026-08-18T11:13:10.174Z] GET /manus-storage/img_7368_beb2dc8c_d6dd3357.webp 307 in 41ms (next.js: 4ms, application-code: 37ms)
[2026-08-18T11:13:34.890Z] GET / 200 in 207ms (next.js: 5ms, application-code: 202ms)
[2026-08-18T11:13:35.068Z] GET /manus-storage/img_7368_beb2dc8c_d6dd3357.webp 307 in 162ms (next.js: 11ms, application-code: 151ms)
[2026-08-18T11:13:35.069Z] GET /manus-storage/img_7363_c02e777c_8ec0ff7b.webp 307 in 161ms (next.js: 15ms, application-code: 147ms)
[2026-08-18T11:13:35.131Z] GET /manus-storage/img_7361_694dd6c5_2bc32d08.webp 307 in 136ms (next.js: 3ms, application-code: 132ms)
[2026-08-18T11:13:35.153Z] GET /manus-storage/img_7360_fdece5d6_53a4ba52.webp 307 in 149ms (next.js: 1.6ms, application-code: 147ms)
[2026-08-18T11:13:35.167Z] GET /manus-storage/builder-spray-rose-white-long_3c1d1e45.png 307 in 159ms (next.js: 0.8ms, application-code: 158ms)
[2026-08-18T11:13:35.167Z] ⨯ internal image response is empty for /manus-storage/builder-spray-rose-white-long_3c1d1e45.png
[2026-08-18T11:13:35.181Z] GET /manus-storage/builder-peony-pink-long_b13d00f5.png 307 in 47ms (next.js: 1.1ms, application-code: 45ms)
[2026-08-18T11:13:35.181Z] ⨯ internal image response is empty for /manus-storage/builder-peony-pink-long_b13d00f5.png
[2026-08-18T11:13:35.183Z] GET /manus-storage/builder-lily-pink-long_115f27dc.png 307 in 48ms (next.js: 3ms, application-code: 45ms)
[2026-08-18T11:13:35.183Z] ⨯ internal image response is empty for /manus-storage/builder-lily-pink-long_115f27dc.png
[2026-08-18T11:13:35.189Z] GET /manus-storage/builder-rose-red-long_27f9586b.png 307 in 181ms (next.js: 4ms, application-code: 177ms)
[2026-08-18T11:13:35.189Z] ⨯ internal image response is empty for /manus-storage/builder-rose-red-long_27f9586b.png
[2026-08-18T11:13:35.221Z] GET /manus-storage/builder-hydrangea-blue-long_e5c5f9ea.png 307 in 50ms (next.js: 1.5ms, application-code: 49ms)
[2026-08-18T11:13:35.221Z] ⨯ internal image response is empty for /manus-storage/builder-hydrangea-blue-long_e5c5f9ea.png
[2026-08-18T11:13:35.235Z] GET /manus-storage/builder-eustoma-white-long_c7c7aacd.png 307 in 43ms (next.js: 1.2ms, application-code: 42ms)
[2026-08-18T11:13:35.235Z] ⨯ internal image response is empty for /manus-storage/builder-eustoma-white-long_c7c7aacd.png
[2026-08-18T11:13:35.240Z] GET /manus-storage/editorial-collection_fd67f2f1.webp 307 in 45ms (next.js: 0.8ms, application-code: 44ms)
[2026-08-18T11:13:35.240Z] ⨯ internal image response is empty for /manus-storage/editorial-collection_fd67f2f1.webp
[2026-08-18T11:17:55.317Z] GET /?from_webdev=1 200 in 878ms (next.js: 2ms, application-code: 876ms)
[2026-08-18T11:17:55.683Z] GET /manus-storage/img_7368_beb2dc8c_d6dd3357.webp 307 in 166ms (next.js: 17ms, application-code: 149ms)
[2026-08-18T11:17:55.685Z] GET /manus-storage/img_7363_c02e777c_8ec0ff7b.webp 307 in 167ms (next.js: 22ms, application-code: 144ms)
[2026-08-18T11:18:00.756Z] HEAD / 200 in 169ms (next.js: 2ms, application-code: 166ms)
[2026-08-18T11:18:01.878Z] GET /?from_webdev=1 200 in 199ms (next.js: 3ms, application-code: 196ms)
[2026-08-18T11:18:02.222Z] GET /manus-storage/img_7363_c02e777c_8ec0ff7b.webp 307 in 143ms (next.js: 16ms, application-code: 126ms)
[2026-08-18T11:18:02.234Z] GET /manus-storage/img_7368_beb2dc8c_d6dd3357.webp 307 in 131ms (next.js: 1.6ms, application-code: 129ms)
[2026-08-18T11:18:09.420Z] GET /?from_webdev=1 200 in 175ms (next.js: 1.8ms, application-code: 173ms)
[2026-08-18T11:18:09.783Z] GET /manus-storage/img_7363_c02e777c_8ec0ff7b.webp 307 in 131ms (next.js: 1.5ms, application-code: 130ms)
[2026-08-18T11:18:09.798Z] GET /manus-storage/img_7368_beb2dc8c_d6dd3357.webp 307 in 169ms (next.js: 15ms, application-code: 155ms)
[2026-08-18T11:18:11.874Z] HEAD / 200 in 185ms (next.js: 2ms, application-code: 183ms)
[2026-08-18T11:18:12.853Z] GET /?from_webdev=1 200 in 165ms (next.js: 1.9ms, application-code: 163ms)
[2026-08-18T11:18:13.109Z] GET /manus-storage/img_7363_c02e777c_8ec0ff7b.webp 307 in 39ms (next.js: 1.1ms, application-code: 38ms)
[2026-08-18T11:18:13.110Z] GET /manus-storage/img_7368_beb2dc8c_d6dd3357.webp 307 in 56ms (next.js: 12ms, application-code: 44ms)
[2026-08-18T11:18:41.244Z] GET / 200 in 168ms (next.js: 2ms, application-code: 166ms)
[2026-08-18T11:18:41.467Z] GET /manus-storage/img_7363_c02e777c_8ec0ff7b.webp 307 in 180ms (next.js: 3ms, application-code: 177ms)
[2026-08-18T11:18:41.478Z] GET /manus-storage/img_7368_beb2dc8c_d6dd3357.webp 307 in 213ms (next.js: 15ms, application-code: 198ms)
[2026-08-18T11:18:41.496Z] GET /manus-storage/img_7361_694dd6c5_2bc32d08.webp 307 in 144ms (next.js: 6ms, application-code: 138ms)
[2026-08-18T11:18:41.500Z] GET /manus-storage/img_7360_fdece5d6_53a4ba52.webp 307 in 135ms (next.js: 2ms, application-code: 133ms)
[2026-08-18T11:18:41.533Z] GET /manus-storage/builder-spray-rose-white-long_3c1d1e45.png 307 in 160ms (next.js: 4ms, application-code: 156ms)
[2026-08-18T11:18:41.533Z] ⨯ internal image response is empty for /manus-storage/builder-spray-rose-white-long_3c1d1e45.png
[2026-08-18T11:18:41.544Z] GET /manus-storage/builder-rose-red-long_27f9586b.png 307 in 171ms (next.js: 1.4ms, application-code: 170ms)
[2026-08-18T11:18:41.544Z] ⨯ internal image response is empty for /manus-storage/builder-rose-red-long_27f9586b.png
[2026-08-18T11:18:41.586Z] GET /manus-storage/builder-peony-pink-long_b13d00f5.png 307 in 48ms (next.js: 1.6ms, application-code: 47ms)
[2026-08-18T11:18:41.586Z] ⨯ internal image response is empty for /manus-storage/builder-peony-pink-long_b13d00f5.png
[2026-08-18T11:18:41.595Z] GET /manus-storage/builder-lily-pink-long_115f27dc.png 307 in 48ms (next.js: 1.4ms, application-code: 47ms)
[2026-08-18T11:18:41.595Z] ⨯ internal image response is empty for /manus-storage/builder-lily-pink-long_115f27dc.png
[2026-08-18T11:18:41.657Z] GET /manus-storage/builder-hydrangea-blue-long_e5c5f9ea.png 307 in 66ms (next.js: 1.3ms, application-code: 65ms)
[2026-08-18T11:18:41.657Z] ⨯ internal image response is empty for /manus-storage/builder-hydrangea-blue-long_e5c5f9ea.png
[2026-08-18T11:18:41.659Z] GET /manus-storage/builder-eustoma-white-long_c7c7aacd.png 307 in 58ms (next.js: 3ms, application-code: 55ms)
[2026-08-18T11:18:41.659Z] ⨯ internal image response is empty for /manus-storage/builder-eustoma-white-long_c7c7aacd.png
[2026-08-18T11:18:41.710Z] GET /manus-storage/editorial-collection_fd67f2f1.webp 307 in 47ms (next.js: 1.3ms, application-code: 45ms)
[2026-08-18T11:18:41.710Z] ⨯ internal image response is empty for /manus-storage/editorial-collection_fd67f2f1.webp
[2026-08-18T11:25:08.143Z] GET /?from_webdev=1 200 in 537ms (next.js: 3ms, application-code: 535ms)
[2026-08-18T11:25:08.476Z] GET /manus-storage/img_7363_c02e777c_8ec0ff7b.webp 307 in 136ms (next.js: 9ms, application-code: 127ms)
[2026-08-18T11:25:08.554Z] GET /manus-storage/img_7368_beb2dc8c_d6dd3357.webp 307 in 199ms (next.js: 1.2ms, application-code: 198ms)
[2026-08-18T11:25:10.651Z] HEAD / 200 in 109ms (next.js: 2ms, application-code: 107ms)
[2026-08-18T11:25:11.787Z] GET /?from_webdev=1 200 in 107ms (next.js: 1.7ms, application-code: 106ms)
[2026-08-18T11:25:12.068Z] GET /manus-storage/img_7363_c02e777c_8ec0ff7b.webp 307 in 51ms (next.js: 9ms, application-code: 42ms)
[2026-08-18T11:25:12.076Z] GET /manus-storage/img_7368_beb2dc8c_d6dd3357.webp 307 in 59ms (next.js: 12ms, application-code: 47ms)
[2026-08-18T11:26:18.850Z] GET /?from_webdev=1 200 in 116ms (next.js: 1.7ms, application-code: 114ms)
[2026-08-18T11:26:19.248Z] GET /manus-storage/img_7368_beb2dc8c_d6dd3357.webp 307 in 167ms (next.js: 16ms, application-code: 151ms)
[2026-08-18T11:26:19.263Z] GET /manus-storage/img_7363_c02e777c_8ec0ff7b.webp 307 in 182ms (next.js: 12ms, application-code: 170ms)
[2026-08-18T11:26:23.971Z] HEAD / 200 in 133ms (next.js: 3ms, application-code: 130ms)
[2026-08-18T11:26:25.794Z] GET /?from_webdev=1 200 in 108ms (next.js: 2ms, application-code: 105ms)
[2026-08-18T11:26:26.147Z] GET /manus-storage/img_7368_beb2dc8c_d6dd3357.webp 307 in 148ms (next.js: 12ms, application-code: 136ms)
[2026-08-18T11:26:26.184Z] GET /manus-storage/img_7363_c02e777c_8ec0ff7b.webp 307 in 168ms (next.js: 1.7ms, application-code: 167ms)
[2026-08-18T11:26:31.459Z] GET /?from_webdev=1 200 in 841ms (next.js: 78ms, application-code: 764ms)
[2026-08-18T11:26:31.831Z] GET /manus-storage/img_7363_c02e777c_8ec0ff7b.webp 307 in 127ms (next.js: 1.3ms, application-code: 126ms)
[2026-08-18T11:26:31.847Z] GET /manus-storage/img_7368_beb2dc8c_d6dd3357.webp 307 in 189ms (next.js: 32ms, application-code: 157ms)
[2026-08-18T11:26:33.957Z] HEAD / 200 in 177ms (next.js: 1.7ms, application-code: 176ms)
[2026-08-18T11:26:34.865Z] GET /?from_webdev=1 200 in 167ms (next.js: 1.5ms, application-code: 166ms)
[2026-08-18T11:26:35.527Z] GET /manus-storage/img_7368_beb2dc8c_d6dd3357.webp 307 in 56ms (next.js: 15ms, application-code: 41ms)
[2026-08-18T11:26:35.532Z] GET /manus-storage/img_7363_c02e777c_8ec0ff7b.webp 307 in 61ms (next.js: 12ms, application-code: 49ms)
[2026-08-18T11:26:51.566Z] GET /bouquet-builder 308 in 404ms (next.js: 215ms, application-code: 189ms)
[2026-08-18T11:27:23.624Z] GET / 200 in 199ms (next.js: 2ms, application-code: 196ms)
[2026-08-18T11:27:23.818Z] GET /manus-storage/img_7368_beb2dc8c_d6dd3357.webp 307 in 169ms (next.js: 21ms, application-code: 148ms)
[2026-08-18T11:27:23.824Z] GET /manus-storage/img_7363_c02e777c_8ec0ff7b.webp 307 in 174ms (next.js: 26ms, application-code: 148ms)
[2026-08-18T11:27:23.899Z] GET /manus-storage/builder-rose-red-long_27f9586b.png 307 in 158ms (next.js: 5ms, application-code: 153ms)
[2026-08-18T11:27:23.899Z] ⨯ internal image response is empty for /manus-storage/builder-rose-red-long_27f9586b.png
[2026-08-18T11:27:23.903Z] GET /manus-storage/img_7360_fdece5d6_53a4ba52.webp 307 in 162ms (next.js: 1.6ms, application-code: 161ms)
[2026-08-18T11:27:23.905Z] GET /manus-storage/img_7361_694dd6c5_2bc32d08.webp 307 in 170ms (next.js: 2ms, application-code: 168ms)
[2026-08-18T11:27:23.922Z] GET /manus-storage/builder-spray-rose-white-long_3c1d1e45.png 307 in 173ms (next.js: 1.0ms, application-code: 172ms)
[2026-08-18T11:27:23.922Z] ⨯ internal image response is empty for /manus-storage/builder-spray-rose-white-long_3c1d1e45.png
[2026-08-18T11:27:23.950Z] GET /manus-storage/builder-peony-pink-long_b13d00f5.png 307 in 44ms (next.js: 1.2ms, application-code: 43ms)
[2026-08-18T11:27:23.950Z] ⨯ internal image response is empty for /manus-storage/builder-peony-pink-long_b13d00f5.png
[2026-08-18T11:27:23.976Z] GET /manus-storage/builder-lily-pink-long_115f27dc.png 307 in 50ms (next.js: 1.2ms, application-code: 49ms)
[2026-08-18T11:27:23.976Z] ⨯ internal image response is empty for /manus-storage/builder-lily-pink-long_115f27dc.png
[2026-08-18T11:27:23.998Z] GET /manus-storage/builder-hydrangea-blue-long_e5c5f9ea.png 307 in 41ms (next.js: 1.3ms, application-code: 40ms)
[2026-08-18T11:27:23.998Z] ⨯ internal image response is empty for /manus-storage/builder-hydrangea-blue-long_e5c5f9ea.png
[2026-08-18T11:27:24.032Z] GET /manus-storage/builder-eustoma-white-long_c7c7aacd.png 307 in 50ms (next.js: 1.3ms, application-code: 49ms)
[2026-08-18T11:27:24.032Z] ⨯ internal image response is empty for /manus-storage/builder-eustoma-white-long_c7c7aacd.png
[2026-08-18T11:27:24.050Z] GET /manus-storage/editorial-collection_fd67f2f1.webp 307 in 48ms (next.js: 1.2ms, application-code: 47ms)
[2026-08-18T11:27:24.050Z] ⨯ internal image response is empty for /manus-storage/editorial-collection_fd67f2f1.webp
[2026-08-18T11:29:21.057Z] GET /manus-storage/img_7361_694dd6c5_2bc32d08.webp 307 in 155ms (next.js: 28ms, application-code: 127ms)
[2026-08-18T11:29:21.067Z] GET /manus-storage/img_7360_fdece5d6_53a4ba52.webp 307 in 165ms (next.js: 24ms, application-code: 141ms)
[2026-08-18T11:29:22.123Z] GET /manus-storage/builder-lily-pink-long_115f27dc.png 307 in 68ms (next.js: 19ms, application-code: 49ms)
[2026-08-18T11:29:22.123Z] ⨯ internal image response is empty for /manus-storage/builder-lily-pink-long_115f27dc.png
[2026-08-18T11:29:22.132Z] GET /manus-storage/builder-rose-red-long_27f9586b.png 307 in 54ms (next.js: 2ms, application-code: 52ms)
[2026-08-18T11:29:22.132Z] ⨯ internal image response is empty for /manus-storage/builder-rose-red-long_27f9586b.png
[2026-08-18T11:29:22.202Z] GET /manus-storage/editorial-collection_fd67f2f1.webp 307 in 55ms (next.js: 2ms, application-code: 53ms)
[2026-08-18T11:29:22.202Z] ⨯ internal image response is empty for /manus-storage/editorial-collection_fd67f2f1.webp
[2026-08-18T11:29:22.211Z] GET /manus-storage/builder-spray-rose-white-long_3c1d1e45.png 307 in 133ms (next.js: 4ms, application-code: 129ms)
[2026-08-18T11:29:22.211Z] ⨯ internal image response is empty for /manus-storage/builder-spray-rose-white-long_3c1d1e45.png
[2026-08-18T11:29:22.219Z] GET /manus-storage/builder-eustoma-white-long_c7c7aacd.png 307 in 137ms (next.js: 5ms, application-code: 133ms)
[2026-08-18T11:29:22.219Z] ⨯ internal image response is empty for /manus-storage/builder-eustoma-white-long_c7c7aacd.png
[2026-08-18T11:29:22.249Z] GET /manus-storage/builder-peony-pink-long_b13d00f5.png 307 in 163ms (next.js: 3ms, application-code: 160ms)
[2026-08-18T11:29:22.249Z] ⨯ internal image response is empty for /manus-storage/builder-peony-pink-long_b13d00f5.png
[2026-08-18T11:29:22.292Z] GET /manus-storage/builder-hydrangea-blue-long_e5c5f9ea.png 307 in 201ms (next.js: 0.8ms, application-code: 201ms)
[2026-08-18T11:29:22.292Z] ⨯ internal image response is empty for /manus-storage/builder-hydrangea-blue-long_e5c5f9ea.png
[2026-08-18T11:29:29.456Z] GET /manus-storage/img_7356_d8c86f08_198aa88a.webp 307 in 158ms (next.js: 15ms, application-code: 143ms)
[2026-08-18T11:29:29.457Z] GET /manus-storage/img_7357_c9c21a13_ee62784a.webp 307 in 137ms (next.js: 2ms, application-code: 135ms)
[2026-08-18T11:29:29.479Z] GET /manus-storage/img_7348_642de59f_da46e323.webp 307 in 145ms (next.js: 1.1ms, application-code: 144ms)
[2026-08-18T11:29:29.506Z] GET /manus-storage/img_7354_8dec9ac4_76712fd9.webp 307 in 177ms (next.js: 1.2ms, application-code: 175ms)
[2026-08-18T11:29:29.722Z] GET /manus-storage/img_7347_8b70b6a5_904b94c3.webp 307 in 51ms (next.js: 3ms, application-code: 47ms)
[2026-08-18T11:29:29.723Z] GET /manus-storage/img_7346_6dc1e00a_caa980d5.webp 307 in 45ms (next.js: 2ms, application-code: 43ms)
[2026-08-18T11:29:29.724Z] GET /manus-storage/img_7345_21d3ef2d_592744ea.webp 307 in 42ms (next.js: 1.5ms, application-code: 40ms)
[2026-08-18T11:29:29.726Z] GET /manus-storage/img_7344_05295024_7ecf3054.webp 307 in 43ms (next.js: 4ms, application-code: 39ms)
[2026-08-18T11:29:30.266Z] GET /manus-storage/editorial-mixed_89b233bb.webp 307 in 59ms (next.js: 16ms, application-code: 42ms)
[2026-08-18T11:29:30.266Z] ⨯ internal image response is empty for /manus-storage/editorial-mixed_89b233bb.webp
[2026-08-18T11:29:30.272Z] GET /manus-storage/editorial-roses_39a060f9.webp 307 in 64ms (next.js: 21ms, application-code: 43ms)
[2026-08-18T11:29:30.272Z] ⨯ internal image response is empty for /manus-storage/editorial-roses_39a060f9.webp
[2026-08-18T11:29:30.997Z] GET /manus-storage/editorial-mixed_89b233bb.webp 307 in 42ms (next.js: 3ms, application-code: 39ms)
[2026-08-18T11:29:30.997Z] ⨯ internal image response is empty for /manus-storage/editorial-mixed_89b233bb.webp
[2026-08-18T11:29:30.999Z] GET /manus-storage/shot-1_c1aaea3a.webp 307 in 60ms (next.js: 17ms, application-code: 43ms)
[2026-08-18T11:29:30.999Z] ⨯ internal image response is empty for /manus-storage/shot-1_c1aaea3a.webp
[2026-08-18T11:29:31.000Z] GET /manus-storage/studio-5_c8839d18.png 307 in 62ms (next.js: 14ms, application-code: 48ms)
[2026-08-18T11:29:31.000Z] ⨯ internal image response is empty for /manus-storage/studio-5_c8839d18.png
[2026-08-18T11:30:02.770Z] GET /?from_webdev=1 200 in 1068ms (next.js: 1.8ms, application-code: 1066ms)
[2026-08-18T11:30:03.151Z] GET /manus-storage/img_7368_beb2dc8c_d6dd3357.webp 307 in 142ms (next.js: 1.9ms, application-code: 140ms)
[2026-08-18T11:30:03.166Z] GET /manus-storage/img_7363_c02e777c_8ec0ff7b.webp 307 in 182ms (next.js: 20ms, application-code: 162ms)
[2026-08-18T11:30:41.818Z] GET /manus-storage/img_7360_fdece5d6_53a4ba52.webp 307 in 178ms (next.js: 23ms, application-code: 155ms)
[2026-08-18T11:30:41.820Z] GET /manus-storage/img_7361_694dd6c5_2bc32d08.webp 307 in 181ms (next.js: 17ms, application-code: 164ms)
[2026-08-18T11:30:41.828Z] GET /manus-storage/builder-lily-pink-long_115f27dc.png 307 in 151ms (next.js: 5ms, application-code: 147ms)
[2026-08-18T11:30:41.828Z] ⨯ internal image response is empty for /manus-storage/builder-lily-pink-long_115f27dc.png
[2026-08-18T11:30:41.863Z] GET /manus-storage/builder-eustoma-white-long_c7c7aacd.png 307 in 173ms (next.js: 6ms, application-code: 167ms)
[2026-08-18T11:30:41.863Z] ⨯ internal image response is empty for /manus-storage/builder-eustoma-white-long_c7c7aacd.png
[2026-08-18T11:30:41.865Z] GET /manus-storage/builder-spray-rose-white-long_3c1d1e45.png 307 in 170ms (next.js: 4ms, application-code: 166ms)
[2026-08-18T11:30:41.865Z] ⨯ internal image response is empty for /manus-storage/builder-spray-rose-white-long_3c1d1e45.png
[2026-08-18T11:30:41.877Z] GET /manus-storage/editorial-collection_fd67f2f1.webp 307 in 176ms (next.js: 1.2ms, application-code: 175ms)
[2026-08-18T11:30:41.878Z] ⨯ internal image response is empty for /manus-storage/editorial-collection_fd67f2f1.webp
[2026-08-18T11:30:41.880Z] GET /manus-storage/builder-hydrangea-blue-long_e5c5f9ea.png 307 in 195ms (next.js: 6ms, application-code: 189ms)
[2026-08-18T11:30:41.880Z] ⨯ internal image response is empty for /manus-storage/builder-hydrangea-blue-long_e5c5f9ea.png
[2026-08-18T11:30:41.883Z] GET /manus-storage/builder-peony-pink-long_b13d00f5.png 307 in 204ms (next.js: 8ms, application-code: 196ms)
[2026-08-18T11:30:41.883Z] ⨯ internal image response is empty for /manus-storage/builder-peony-pink-long_b13d00f5.png
[2026-08-18T11:30:41.919Z] GET /manus-storage/builder-rose-red-long_27f9586b.png 307 in 218ms (next.js: 4ms, application-code: 214ms)
[2026-08-18T11:30:41.919Z] ⨯ internal image response is empty for /manus-storage/builder-rose-red-long_27f9586b.png
[2026-08-18T11:30:42.270Z] GET /manus-storage/img_7354_8dec9ac4_76712fd9.webp 307 in 43ms (next.js: 3ms, application-code: 41ms)
[2026-08-18T11:30:42.274Z] GET /manus-storage/img_7357_c9c21a13_ee62784a.webp 307 in 67ms (next.js: 15ms, application-code: 52ms)
[2026-08-18T11:30:42.279Z] GET /manus-storage/img_7348_642de59f_da46e323.webp 307 in 48ms (next.js: 1.4ms, application-code: 46ms)
[2026-08-18T11:30:42.283Z] GET /manus-storage/img_7356_d8c86f08_198aa88a.webp 307 in 49ms (next.js: 1.2ms, application-code: 48ms)
[2026-08-18T11:30:42.514Z] GET /manus-storage/img_7344_05295024_7ecf3054.webp 307 in 52ms (next.js: 1.3ms, application-code: 50ms)
[2026-08-18T11:30:42.515Z] GET /manus-storage/img_7345_21d3ef2d_592744ea.webp 307 in 52ms (next.js: 3ms, application-code: 49ms)
[2026-08-18T11:30:42.516Z] GET /manus-storage/img_7346_6dc1e00a_caa980d5.webp 307 in 60ms (next.js: 1.2ms, application-code: 58ms)
[2026-08-18T11:30:42.522Z] GET /manus-storage/img_7347_8b70b6a5_904b94c3.webp 307 in 52ms (next.js: 1.1ms, application-code: 51ms)
[2026-08-18T11:30:42.571Z] GET /manus-storage/editorial-roses_39a060f9.webp 307 in 41ms (next.js: 3ms, application-code: 38ms)
[2026-08-18T11:30:42.571Z] ⨯ internal image response is empty for /manus-storage/editorial-roses_39a060f9.webp
[2026-08-18T11:30:42.576Z] GET /manus-storage/editorial-mixed_89b233bb.webp 307 in 47ms (next.js: 1.3ms, application-code: 46ms)
[2026-08-18T11:30:42.576Z] ⨯ internal image response is empty for /manus-storage/editorial-mixed_89b233bb.webp
[2026-08-18T11:30:42.774Z] GET /manus-storage/shot-1_c1aaea3a.webp 307 in 54ms (next.js: 17ms, application-code: 37ms)
[2026-08-18T11:30:42.774Z] ⨯ internal image response is empty for /manus-storage/shot-1_c1aaea3a.webp
[2026-08-18T11:30:42.781Z] GET /manus-storage/studio-5_c8839d18.png 307 in 62ms (next.js: 14ms, application-code: 47ms)
[2026-08-18T11:30:42.781Z] ⨯ internal image response is empty for /manus-storage/studio-5_c8839d18.png
[2026-08-18T11:30:42.787Z] GET /manus-storage/editorial-mixed_89b233bb.webp 307 in 48ms (next.js: 1.1ms, application-code: 47ms)
[2026-08-18T11:30:42.787Z] ⨯ internal image response is empty for /manus-storage/editorial-mixed_89b233bb.webp
[2026-08-18T11:30:49.459Z] GET /account/login 200 in 424ms (next.js: 25ms, application-code: 400ms)
[2026-08-18T11:30:49.883Z] GET /favorites 200 in 407ms (next.js: 192ms, application-code: 215ms)
[2026-08-18T11:30:50.099Z] ⚠ Blocked cross-origin request to Next.js dev resource /_next/static/chunks/src_1f5_y0o._.js from "3000-i2pfjamc2e6vvxjvr0sej-59b127c0.us3.manus.computer".
[2026-08-18T11:30:50.099Z] Cross-origin access to Next.js dev resources is blocked by default for safety.
[2026-08-18T11:30:50.099Z] To allow this host in development, add it to "allowedDevOrigins" in next.config.js and restart the dev server:
[2026-08-18T11:30:50.099Z] // next.config.js
[2026-08-18T11:30:50.099Z] module.exports = {
[2026-08-18T11:30:50.099Z] allowedDevOrigins: ['3000-i2pfjamc2e6vvxjvr0sej-59b127c0.us3.manus.computer'],
[2026-08-18T11:30:50.099Z] }
[2026-08-18T11:30:50.099Z] Read more: https://nextjs.org/docs/app/api-reference/config/next-config-js/allowedDevOrigins
[2026-08-18T11:30:52.187Z] GET / 200 in 187ms (next.js: 2ms, application-code: 185ms)
[2026-08-18T11:30:52.569Z] GET /manus-storage/img_7368_beb2dc8c_d6dd3357.webp 307 in 147ms (next.js: 2ms, application-code: 145ms)
[2026-08-18T11:30:52.597Z] GET /manus-storage/img_7363_c02e777c_8ec0ff7b.webp 307 in 202ms (next.js: 16ms, application-code: 186ms)
[2026-08-18T11:30:52.611Z] GET /manus-storage/builder-eustoma-white-long_c7c7aacd.png 307 in 173ms (next.js: 3ms, application-code: 170ms)
[2026-08-18T11:30:52.612Z] ⨯ internal image response is empty for /manus-storage/builder-eustoma-white-long_c7c7aacd.png
[2026-08-18T11:30:52.621Z] GET /manus-storage/img_7345_21d3ef2d_592744ea.webp 307 in 181ms (next.js: 10ms, application-code: 171ms)
[2026-08-18T11:30:52.627Z] GET /manus-storage/editorial-mixed_89b233bb.webp 307 in 187ms (next.js: 8ms, application-code: 179ms)
[2026-08-18T11:30:52.627Z] ⨯ internal image response is empty for /manus-storage/editorial-mixed_89b233bb.webp
[2026-08-18T11:30:52.630Z] GET /manus-storage/builder-rose-red-long_27f9586b.png 307 in 178ms (next.js: 3ms, application-code: 175ms)
[2026-08-18T11:30:52.630Z] ⨯ internal image response is empty for /manus-storage/builder-rose-red-long_27f9586b.png
[2026-08-18T11:30:52.645Z] GET /manus-storage/editorial-collection_fd67f2f1.webp 307 in 192ms (next.js: 6ms, application-code: 186ms)
[2026-08-18T11:30:52.645Z] ⨯ internal image response is empty for /manus-storage/editorial-collection_fd67f2f1.webp
[2026-08-18T11:30:52.653Z] GET /manus-storage/img_7361_694dd6c5_2bc32d08.webp 307 in 195ms (next.js: 8ms, application-code: 186ms)
[2026-08-18T11:30:52.675Z] GET /manus-storage/studio-5_c8839d18.png 307 in 217ms (next.js: 7ms, application-code: 210ms)
[2026-08-18T11:30:52.675Z] ⨯ internal image response is empty for /manus-storage/studio-5_c8839d18.png
[2026-08-18T11:30:52.713Z] GET /manus-storage/img_7356_d8c86f08_198aa88a.webp 307 in 249ms (next.js: 8ms, application-code: 242ms)
[2026-08-18T11:30:52.716Z] GET /manus-storage/img_7347_8b70b6a5_904b94c3.webp 307 in 247ms (next.js: 6ms, application-code: 242ms)
[2026-08-18T11:30:52.748Z] GET /manus-storage/img_7360_fdece5d6_53a4ba52.webp 307 in 270ms (next.js: 6ms, application-code: 264ms)
[2026-08-18T11:30:52.754Z] GET /manus-storage/img_7348_642de59f_da46e323.webp 307 in 281ms (next.js: 7ms, application-code: 274ms)
[2026-08-18T11:30:52.757Z] GET /manus-storage/img_7354_8dec9ac4_76712fd9.webp 307 in 271ms (next.js: 5ms, application-code: 265ms)
[2026-08-18T11:30:52.759Z] GET /manus-storage/shot-1_c1aaea3a.webp 307 in 272ms (next.js: 3ms, application-code: 269ms)
[2026-08-18T11:30:52.759Z] ⨯ internal image response is empty for /manus-storage/shot-1_c1aaea3a.webp
[2026-08-18T11:30:52.778Z] GET /manus-storage/builder-hydrangea-blue-long_e5c5f9ea.png 307 in 282ms (next.js: 4ms, application-code: 278ms)
[2026-08-18T11:30:52.778Z] ⨯ internal image response is empty for /manus-storage/builder-hydrangea-blue-long_e5c5f9ea.png
[2026-08-18T11:30:52.782Z] GET /manus-storage/editorial-roses_39a060f9.webp 307 in 283ms (next.js: 6ms, application-code: 277ms)
[2026-08-18T11:30:52.782Z] ⨯ internal image response is empty for /manus-storage/editorial-roses_39a060f9.webp
[2026-08-18T11:30:52.826Z] GET /manus-storage/editorial-mixed_89b233bb.webp 307 in 315ms (next.js: 2ms, application-code: 313ms)
[2026-08-18T11:30:52.826Z] ⨯ internal image response is empty for /manus-storage/editorial-mixed_89b233bb.webp
[2026-08-18T11:30:52.827Z] GET /manus-storage/builder-lily-pink-long_115f27dc.png 307 in 324ms (next.js: 4ms, application-code: 320ms)
[2026-08-18T11:30:52.827Z] ⨯ internal image response is empty for /manus-storage/builder-lily-pink-long_115f27dc.png
[2026-08-18T11:30:52.834Z] GET /manus-storage/img_7346_6dc1e00a_caa980d5.webp 307 in 332ms (next.js: 6ms, application-code: 326ms)
[2026-08-18T11:30:52.844Z] GET /manus-storage/img_7357_c9c21a13_ee62784a.webp 307 in 334ms (next.js: 4ms, application-code: 329ms)
[2026-08-18T11:30:52.855Z] GET /manus-storage/builder-spray-rose-white-long_3c1d1e45.png 307 in 331ms (next.js: 4ms, application-code: 327ms)
[2026-08-18T11:30:52.855Z] ⨯ internal image response is empty for /manus-storage/builder-spray-rose-white-long_3c1d1e45.png
[2026-08-18T11:30:52.877Z] GET /manus-storage/img_7344_05295024_7ecf3054.webp 307 in 366ms (next.js: 9ms, application-code: 357ms)
[2026-08-18T11:30:52.932Z] GET /manus-storage/builder-peony-pink-long_b13d00f5.png 307 in 401ms (next.js: 1.6ms, application-code: 399ms)
[2026-08-18T11:30:52.932Z] ⨯ internal image response is empty for /manus-storage/builder-peony-pink-long_b13d00f5.png
[2026-08-18T11:31:58.892Z] GET / 200 in 190ms (next.js: 3ms, application-code: 188ms)
[2026-08-18T11:31:59.294Z] GET /manus-storage/img_7363_c02e777c_8ec0ff7b.webp 307 in 181ms (next.js: 19ms, application-code: 162ms)
[2026-08-18T11:31:59.298Z] GET /manus-storage/img_7368_beb2dc8c_d6dd3357.webp 307 in 161ms (next.js: 1.3ms, application-code: 159ms)
[2026-08-18T11:33:08.278Z] GET /?from_webdev=1 200 in 1013ms (next.js: 1.7ms, application-code: 1011ms)
[2026-08-18T11:33:08.658Z] GET /manus-storage/img_7363_c02e777c_8ec0ff7b.webp 307 in 154ms (next.js: 1.4ms, application-code: 152ms)
[2026-08-18T11:33:08.664Z] GET /manus-storage/img_7368_beb2dc8c_d6dd3357.webp 307 in 184ms (next.js: 18ms, application-code: 166ms)
[2026-08-18T11:33:11.017Z] HEAD / 200 in 169ms (next.js: 2ms, application-code: 167ms)
[2026-08-18T11:33:12.851Z] GET /?from_webdev=1 200 in 167ms (next.js: 1.7ms, application-code: 165ms)
[2026-08-18T11:33:13.204Z] GET /manus-storage/img_7363_c02e777c_8ec0ff7b.webp 307 in 156ms (next.js: 33ms, application-code: 124ms)
[2026-08-18T11:33:13.218Z] GET /manus-storage/img_7368_beb2dc8c_d6dd3357.webp 307 in 171ms (next.js: 27ms, application-code: 145ms)
